page,category,rep,k,width,n_hosts,bytes,saved,own,cascade,n_aborted,n_aborted_casc,n_aborted_code,last_blocked
https://3lift.com/,infrastructure,0,0,page,4,3864965,0,0,0,0,0,0,
https://3lift.com/,infrastructure,0,0,third_party,4,3864309,0,0,0,0,0,0,
https://3lift.com/,infrastructure,0,0,listed,4,2605800,0,0,0,0,0,0,
https://3lift.com/,infrastructure,0,1,page,4,3864982,-17,2512,-2529,0,0,0,match.adsrvr.org
https://3lift.com/,infrastructure,0,1,third_party,4,3864326,-17,2512,-2529,0,0,0,match.adsrvr.org
https://3lift.com/,infrastructure,0,1,listed,4,2605767,33,2512,-2479,0,0,0,match.adsrvr.org
https://3lift.com/,infrastructure,0,2,page,4,3826517,38448,36898,1550,3,3,3,js.adsrvr.org
https://3lift.com/,infrastructure,0,2,third_party,4,3825861,38448,36898,1550,3,3,3,js.adsrvr.org
https://3lift.com/,infrastructure,0,2,listed,4,2566945,38855,36898,1957,3,3,3,js.adsrvr.org
https://3lift.com/,infrastructure,0,3,page,4,3825667,39298,39355,-57,4,3,3,insight.adsrvr.org
https://3lift.com/,infrastructure,0,3,third_party,4,3825011,39298,39355,-57,4,3,3,insight.adsrvr.org
https://3lift.com/,infrastructure,0,3,listed,4,2566562,39238,39355,-117,4,3,3,insight.adsrvr.org
https://3lift.com/,infrastructure,0,4,page,4,3825644,39321,39909,-588,6,4,3,pagead2.googlesyndication.com
https://3lift.com/,infrastructure,0,4,third_party,4,3824988,39321,39909,-588,6,4,3,pagead2.googlesyndication.com
https://3lift.com/,infrastructure,0,4,listed,4,2566247,39553,39909,-356,6,4,3,pagead2.googlesyndication.com
https://3lift.com/,infrastructure,1,0,page,4,3864988,0,0,0,0,0,0,
https://3lift.com/,infrastructure,1,0,third_party,4,3864332,0,0,0,0,0,0,
https://3lift.com/,infrastructure,1,0,listed,4,2605826,0,0,0,0,0,0,
https://3lift.com/,infrastructure,1,1,page,4,3826060,38928,34386,4542,3,3,3,js.adsrvr.org
https://3lift.com/,infrastructure,1,1,third_party,4,3825404,38928,34386,4542,3,3,3,js.adsrvr.org
https://3lift.com/,infrastructure,1,1,listed,4,2566503,39323,34386,4937,3,3,3,js.adsrvr.org
https://3lift.com/,infrastructure,1,2,page,4,3825932,39056,36843,2213,4,3,3,insight.adsrvr.org
https://3lift.com/,infrastructure,1,2,third_party,4,3825276,39056,36843,2213,4,3,3,insight.adsrvr.org
https://3lift.com/,infrastructure,1,2,listed,4,2566435,39391,36843,2548,4,3,3,insight.adsrvr.org
https://3lift.com/,infrastructure,1,3,page,4,3826004,38984,37397,1587,6,4,3,pagead2.googlesyndication.com
https://3lift.com/,infrastructure,1,3,third_party,4,3825348,38984,37397,1587,6,4,3,pagead2.googlesyndication.com
https://3lift.com/,infrastructure,1,3,listed,4,2565292,40534,37397,3137,6,4,3,pagead2.googlesyndication.com
https://3lift.com/,infrastructure,1,4,page,4,3825478,39510,39909,-399,6,4,3,match.adsrvr.org
https://3lift.com/,infrastructure,1,4,third_party,4,3824822,39510,39909,-399,6,4,3,match.adsrvr.org
https://3lift.com/,infrastructure,1,4,listed,4,2566094,39732,39909,-177,6,4,3,match.adsrvr.org
https://abovedomains.com/,infrastructure,0,0,page,6,4695502,0,0,0,0,0,0,
https://abovedomains.com/,infrastructure,0,0,third_party,6,4695502,0,0,0,0,0,0,
https://abovedomains.com/,infrastructure,0,0,listed,6,317598,0,0,0,0,0,0,
https://abovedomains.com/,infrastructure,0,1,page,6,3909359,786143,5913,780230,1,1,1,js.hsadspixel.net
https://abovedomains.com/,infrastructure,0,1,third_party,6,3909173,786329,5913,780416,1,1,1,js.hsadspixel.net
https://abovedomains.com/,infrastructure,0,1,listed,6,309976,7622,5913,1709,1,1,1,js.hsadspixel.net
https://abovedomains.com/,infrastructure,0,2,page,6,3876922,818580,35560,783020,2,2,2,js.hubspot.com
https://abovedomains.com/,infrastructure,0,2,third_party,6,3876736,818766,35560,783206,2,2,2,js.hubspot.com
https://abovedomains.com/,infrastructure,0,2,listed,6,278744,38854,35560,3294,2,2,2,js.hubspot.com
https://abovedomains.com/,infrastructure,0,3,page,6,3832754,862748,79464,783284,3,3,3,js.hs-analytics.net
https://abovedomains.com/,infrastructure,0,3,third_party,6,3832568,862934,79464,783470,3,3,3,js.hs-analytics.net
https://abovedomains.com/,infrastructure,0,3,listed,6,233853,83745,79464,4281,3,3,3,js.hs-analytics.net
https://abovedomains.com/,infrastructure,0,4,page,6,3629275,1066227,281960,784267,4,4,4,connect.facebook.net
https://abovedomains.com/,infrastructure,0,4,third_party,6,3629089,1066413,281960,784453,4,4,4,connect.facebook.net
https://abovedomains.com/,infrastructure,0,4,listed,6,30922,286676,281960,4716,4,4,4,connect.facebook.net
https://abovedomains.com/,infrastructure,0,5,page,6,2793771,1901731,285537,1616194,4,4,4,js.hs-scripts.com
https://abovedomains.com/,infrastructure,0,5,third_party,6,2793585,1901917,285537,1616380,4,4,4,js.hs-scripts.com
https://abovedomains.com/,infrastructure,0,5,listed,6,2224,315374,285537,29837,4,4,4,js.hs-scripts.com
https://abovedomains.com/,infrastructure,0,6,page,6,2795190,1900312,310651,1589661,4,4,4,js.hs-banner.com
https://abovedomains.com/,infrastructure,0,6,third_party,6,2795004,1900498,310651,1589847,4,4,4,js.hs-banner.com
https://abovedomains.com/,infrastructure,0,6,listed,6,2224,315374,310651,4723,4,4,4,js.hs-banner.com
https://abovedomains.com/,infrastructure,1,0,page,6,4693682,0,0,0,0,0,0,
https://abovedomains.com/,infrastructure,1,0,third_party,6,4693496,0,0,0,0,0,0,
https://abovedomains.com/,infrastructure,1,0,listed,6,317528,0,0,0,0,0,0,
https://abovedomains.com/,infrastructure,1,1,page,6,3909066,784616,5913,778703,1,1,1,js.hsadspixel.net
https://abovedomains.com/,infrastructure,1,1,third_party,6,3908880,784616,5913,778703,1,1,1,js.hsadspixel.net
https://abovedomains.com/,infrastructure,1,1,listed,6,309998,7530,5913,1617,1,1,1,js.hsadspixel.net
https://abovedomains.com/,infrastructure,1,2,page,6,3705903,987779,208344,779435,2,2,2,connect.facebook.net
https://abovedomains.com/,infrastructure,1,2,third_party,6,3705903,987593,208344,779249,2,2,2,connect.facebook.net
https://abovedomains.com/,infrastructure,1,2,listed,6,107086,210442,208344,2098,2,2,2,connect.facebook.net
https://abovedomains.com/,infrastructure,1,3,page,6,3661310,1032372,252255,780117,3,3,3,js.hs-analytics.net
https://abovedomains.com/,infrastructure,1,3,third_party,6,3661124,1032372,252255,780117,3,3,3,js.hs-analytics.net
https://abovedomains.com/,infrastructure,1,3,listed,6,62172,255356,252255,3101,3,3,3,js.hs-analytics.net
https://abovedomains.com/,infrastructure,1,4,page,6,2793694,1899988,255839,1644149,4,4,4,js.hs-scripts.com
https://abovedomains.com/,infrastructure,1,4,third_party,6,2793694,1899802,255839,1643963,4,4,4,js.hs-scripts.com
https://abovedomains.com/,infrastructure,1,4,listed,6,2224,315304,255839,59465,4,4,4,js.hs-scripts.com
https://abovedomains.com/,infrastructure,1,5,page,6,2794758,1898924,285477,1613447,4,4,4,js.hubspot.com
https://abovedomains.com/,infrastructure,1,5,third_party,6,2794572,1898924,285477,1613447,4,4,4,js.hubspot.com
https://abovedomains.com/,infrastructure,1,5,listed,6,2224,315304,285477,29827,4,4,4,js.hubspot.com
https://abovedomains.com/,infrastructure,1,6,page,6,2794429,1899253,310591,1588662,4,4,4,js.hs-banner.com
https://abovedomains.com/,infrastructure,1,6,third_party,6,2794429,1899067,310591,1588476,4,4,4,js.hs-banner.com
https://abovedomains.com/,infrastructure,1,6,listed,6,2224,315304,310591,4713,4,4,4,js.hs-banner.com
https://applovin.com/,productivity,0,0,page,6,20157057,0,0,0,0,0,0,
https://applovin.com/,productivity,0,0,third_party,6,13808273,0,0,0,0,0,0,
https://applovin.com/,productivity,0,0,listed,6,2186032,0,0,0,0,0,0,
https://applovin.com/,productivity,0,1,page,6,20123306,33751,31121,2630,1,1,1,js.hubspot.com
https://applovin.com/,productivity,0,1,third_party,6,13774647,33626,31121,2505,1,1,1,js.hubspot.com
https://applovin.com/,productivity,0,1,listed,6,2153451,32581,31121,1460,1,1,1,js.hubspot.com
https://applovin.com/,productivity,0,2,page,6,20079860,77197,75047,2150,2,2,2,js.hs-analytics.net
https://applovin.com/,productivity,0,2,third_party,6,13729551,78722,75047,3675,2,2,2,js.hs-analytics.net
https://applovin.com/,productivity,0,2,listed,6,2108336,77696,75047,2649,2,2,2,js.hs-analytics.net
https://applovin.com/,productivity,0,3,page,6,20027357,129700,122889,6811,4,4,4,snap.licdn.com
https://applovin.com/,productivity,0,3,third_party,6,13679392,128881,122889,5992,4,4,4,snap.licdn.com
https://applovin.com/,productivity,0,3,listed,6,2056465,129567,122889,6678,4,4,4,snap.licdn.com
https://applovin.com/,productivity,0,4,page,6,19767479,389578,381749,7829,5,5,5,connect.facebook.net
https://applovin.com/,productivity,0,4,third_party,6,13418797,389476,381749,7727,5,5,5,connect.facebook.net
https://applovin.com/,productivity,0,4,listed,6,1797568,388464,381749,6715,5,5,5,connect.facebook.net
https://applovin.com/,productivity,0,5,page,6,19553815,603242,401882,201360,5,5,5,js.hs-banner.com
https://applovin.com/,productivity,0,5,third_party,6,13205060,603213,401882,201331,5,5,5,js.hs-banner.com
https://applovin.com/,productivity,0,5,listed,6,1775400,410632,401882,8750,5,5,5,js.hs-banner.com
https://applovin.com/,productivity,0,6,page,6,19518768,638289,438095,200194,8,8,7,us-assets.i.posthog.com
https://applovin.com/,productivity,0,6,third_party,6,13168663,639610,438095,201515,8,8,7,us-assets.i.posthog.com
https://applovin.com/,productivity,0,6,listed,6,1739039,446993,438095,8898,8,8,7,us-assets.i.posthog.com
https://applovin.com/,productivity,1,0,page,6,20158142,0,0,0,0,0,0,
https://applovin.com/,productivity,1,0,third_party,6,13807981,0,0,0,0,0,0,
https://applovin.com/,productivity,1,0,listed,6,2185226,0,0,0,0,0,0,
https://applovin.com/,productivity,1,1,page,6,20123417,34725,31118,3607,1,1,1,js.hubspot.com
https://applovin.com/,productivity,1,1,third_party,6,13774684,33297,31118,2179,1,1,1,js.hubspot.com
https://applovin.com/,productivity,1,1,listed,6,2153457,31769,31118,651,1,1,1,js.hubspot.com
https://applovin.com/,productivity,1,2,page,6,19865290,292852,289954,2898,2,2,2,connect.facebook.net
https://applovin.com/,productivity,1,2,third_party,6,13516561,291420,289954,1466,2,2,2,connect.facebook.net
https://applovin.com/,productivity,1,2,listed,6,1893673,291553,289954,1599,2,2,2,connect.facebook.net
https://applovin.com/,productivity,1,3,page,6,19811920,346222,337796,8426,4,4,4,snap.licdn.com
https://applovin.com/,productivity,1,3,third_party,6,13463137,344844,337796,7048,4,4,4,snap.licdn.com
https://applovin.com/,productivity,1,3,listed,6,1841966,343260,337796,5464,4,4,4,snap.licdn.com
https://applovin.com/,productivity,1,4,page,6,19601028,557114,357929,199185,4,4,4,js.hs-banner.com
https://applovin.com/,productivity,1,4,third_party,6,13252367,555614,357929,197685,4,4,4,js.hs-banner.com
https://applovin.com/,productivity,1,4,listed,6,1820997,364229,357929,6300,4,4,4,js.hs-banner.com
https://applovin.com/,productivity,1,5,page,6,19555404,602738,401854,200884,5,5,5,js.hs-analytics.net
https://applovin.com/,productivity,1,5,third_party,6,13206693,601288,401854,199434,5,5,5,js.hs-analytics.net
https://applovin.com/,productivity,1,5,listed,6,1775311,409915,401854,8061,5,5,5,js.hs-analytics.net
https://applovin.com/,productivity,1,6,page,6,19519580,638562,438014,200548,8,8,7,us-assets.i.posthog.com
https://applovin.com/,productivity,1,6,third_party,6,13169445,638536,438014,200522,8,8,7,us-assets.i.posthog.com
https://applovin.com/,productivity,1,6,listed,6,1739828,445398,438014,7384,8,8,7,us-assets.i.posthog.com
https://att.com/,productivity,0,0,page,6,6490245,0,0,0,0,0,0,
https://att.com/,productivity,0,0,third_party,6,1086438,0,0,0,0,0,0,
https://att.com/,productivity,0,0,listed,6,853169,0,0,0,0,0,0,
https://att.com/,productivity,0,1,page,6,7048684,-558439,53231,-611670,1,1,1,d.oracleinfinity.io
https://att.com/,productivity,0,1,third_party,6,1034037,52401,53231,-830,1,1,1,d.oracleinfinity.io
https://att.com/,productivity,0,1,listed,6,800744,52425,53231,-806,1,1,1,d.oracleinfinity.io
https://att.com/,productivity,0,2,page,6,6939313,-449068,171561,-620629,5,5,5,s2.go-mpulse.net
https://att.com/,productivity,0,2,third_party,6,912877,173561,171561,2000,5,5,5,s2.go-mpulse.net
https://att.com/,productivity,0,2,listed,6,679539,173630,171561,2069,5,5,5,s2.go-mpulse.net
https://att.com/,productivity,0,3,page,6,6760827,-270582,349930,-620512,6,6,6,connect.facebook.net
https://att.com/,productivity,0,3,third_party,6,729130,357308,349930,7378,6,6,6,connect.facebook.net
https://att.com/,productivity,0,3,listed,6,497393,355776,349930,5846,6,6,6,connect.facebook.net
https://att.com/,productivity,0,4,page,6,6546676,-56431,556017,-612448,8,8,8,cdn.quantummetric.com
https://att.com/,productivity,0,4,third_party,6,526531,559907,556017,3890,8,8,8,cdn.quantummetric.com
https://att.com/,productivity,0,4,listed,6,294088,559081,556017,3064,8,8,8,cdn.quantummetric.com
https://att.com/,productivity,0,5,page,6,6493072,-2827,604331,-607158,9,9,9,solutions.invocacdn.com
https://att.com/,productivity,0,5,third_party,6,470809,615629,604331,11298,9,9,9,solutions.invocacdn.com
https://att.com/,productivity,0,5,listed,6,238358,614811,604331,10480,9,9,9,solutions.invocacdn.com
https://att.com/,productivity,0,6,page,6,5812327,677918,683879,-5961,10,10,10,resources.digital-cloud-smf1.medallia.com
https://att.com/,productivity,0,6,third_party,6,392033,694405,683879,10526,10,10,10,resources.digital-cloud-smf1.medallia.com
https://att.com/,productivity,0,6,listed,6,159442,693727,683879,9848,10,10,10,resources.digital-cloud-smf1.medallia.com
https://att.com/,productivity,1,0,page,6,7102196,0,0,0,0,0,0,
https://att.com/,productivity,1,0,third_party,6,1090432,0,0,0,0,0,0,
https://att.com/,productivity,1,0,listed,6,856567,0,0,0,0,0,0,
https://att.com/,productivity,1,1,page,6,7065267,36929,53231,-16302,1,1,1,d.oracleinfinity.io
https://att.com/,productivity,1,1,third_party,6,1033258,57174,53231,3943,1,1,1,d.oracleinfinity.io
https://att.com/,productivity,1,1,listed,6,799278,57289,53231,4058,1,1,1,d.oracleinfinity.io
https://att.com/,productivity,1,2,page,6,6856874,245322,259320,-13998,3,3,3,cdn.quantummetric.com
https://att.com/,productivity,1,2,third_party,6,825967,264465,259320,5145,3,3,3,cdn.quantummetric.com
https://att.com/,productivity,1,2,listed,6,592524,264043,259320,4723,3,3,3,cdn.quantummetric.com
https://att.com/,productivity,1,3,page,6,6682357,419839,437644,-17805,4,4,4,connect.facebook.net
https://att.com/,productivity,1,3,third_party,6,647631,442801,437644,5157,4,4,4,connect.facebook.net
https://att.com/,productivity,1,3,listed,6,415086,441481,437644,3837,4,4,4,connect.facebook.net
https://att.com/,productivity,1,4,page,6,6618394,483802,485959,-2157,5,5,5,solutions.invocacdn.com
https://att.com/,productivity,1,4,third_party,6,591390,499042,485959,13083,5,5,5,solutions.invocacdn.com
https://att.com/,productivity,1,4,listed,6,358252,498315,485959,12356,5,5,5,solutions.invocacdn.com
https://att.com/,productivity,1,5,page,6,6493469,608727,604289,4438,9,9,9,s2.go-mpulse.net
https://att.com/,productivity,1,5,third_party,6,467303,623129,604289,18840,9,9,9,s2.go-mpulse.net
https://att.com/,productivity,1,5,listed,6,234885,621682,604289,17393,9,9,9,s2.go-mpulse.net
https://att.com/,productivity,1,6,page,6,6427199,674997,683838,-8841,10,10,10,resources.digital-cloud-smf1.medallia.com
https://att.com/,productivity,1,6,third_party,6,387369,703063,683838,19225,10,10,10,resources.digital-cloud-smf1.medallia.com
https://att.com/,productivity,1,6,listed,6,154710,701857,683838,18019,10,10,10,resources.digital-cloud-smf1.medallia.com
https://avito.ru/,shopping,0,0,page,6,8697381,0,0,0,0,0,0,
https://avito.ru/,shopping,0,0,third_party,6,8364477,0,0,0,0,0,0,
https://avito.ru/,shopping,0,0,listed,6,6982794,0,0,0,0,0,0,
https://avito.ru/,shopping,0,1,page,6,8713500,-16119,19162,-35281,10,9,3,mc.yandex.com
https://avito.ru/,shopping,0,1,third_party,6,8431977,-67500,19162,-86662,10,9,3,mc.yandex.com
https://avito.ru/,shopping,0,1,listed,6,7012369,-29575,19162,-48737,10,9,3,mc.yandex.com
https://avito.ru/,shopping,0,2,page,6,10599719,-1902338,185039,-2087377,2,2,2,mc.yandex.ru
https://avito.ru/,shopping,0,2,third_party,6,10165899,-1801422,185039,-1986461,2,2,2,mc.yandex.ru
https://avito.ru/,shopping,0,2,listed,6,8668062,-1685268,185039,-1870307,2,2,2,mc.yandex.ru
https://avito.ru/,shopping,0,3,page,6,8826577,-129196,355407,-484603,4,4,4,static.a.mts.ru
https://avito.ru/,shopping,0,3,third_party,6,8528070,-163593,355407,-519000,4,4,4,static.a.mts.ru
https://avito.ru/,shopping,0,3,listed,6,7116219,-133425,355407,-488832,4,4,4,static.a.mts.ru
https://avito.ru/,shopping,0,4,page,6,8459504,237877,928438,-690561,7,5,5,yandex.ru
https://avito.ru/,shopping,0,4,third_party,6,7898559,465918,928438,-462520,7,5,5,yandex.ru
https://avito.ru/,shopping,0,4,listed,6,7208854,-226060,928438,-1154498,7,5,5,yandex.ru
https://avito.ru/,shopping,0,5,page,6,7337406,1359975,945910,414065,10,6,6,content.adriver.ru
https://avito.ru/,shopping,0,5,third_party,6,7037253,1327224,945910,381314,10,6,6,content.adriver.ru
https://avito.ru/,shopping,0,5,listed,6,6320718,662076,945910,-283834,10,6,6,content.adriver.ru
https://avito.ru/,shopping,0,6,page,6,7684742,1012639,974626,38013,18,7,7,top-fwz1.mail.ru
https://avito.ru/,shopping,0,6,third_party,6,7346323,1018154,974626,43528,18,7,7,top-fwz1.mail.ru
https://avito.ru/,shopping,0,6,listed,6,6620889,361905,974626,-612721,18,7,7,top-fwz1.mail.ru
https://avito.ru/,shopping,1,0,page,6,9138947,0,0,0,0,0,0,
https://avito.ru/,shopping,1,0,third_party,6,8777061,0,0,0,0,0,0,
https://avito.ru/,shopping,1,0,listed,6,7348869,0,0,0,0,0,0,
https://avito.ru/,shopping,1,1,page,6,8140511,998436,19424,979012,10,9,3,mc.yandex.com
https://avito.ru/,shopping,1,1,third_party,6,7835463,941598,19424,922174,10,9,3,mc.yandex.com
https://avito.ru/,shopping,1,1,listed,6,6383563,965306,19424,945882,10,9,3,mc.yandex.com
https://avito.ru/,shopping,1,2,page,6,7630037,1508910,593528,915382,6,4,3,yandex.ru
https://avito.ru/,shopping,1,2,third_party,6,7236289,1540772,593528,947244,6,4,3,yandex.ru
https://avito.ru/,shopping,1,2,listed,6,6551121,797748,593528,204220,6,4,3,yandex.ru
https://avito.ru/,shopping,1,3,page,6,7766162,1372785,763896,608889,12,5,5,static.a.mts.ru
https://avito.ru/,shopping,1,3,third_party,6,7421215,1355846,763896,591950,12,5,5,static.a.mts.ru
https://avito.ru/,shopping,1,3,listed,6,6711449,637420,763896,-126476,12,5,5,static.a.mts.ru
https://avito.ru/,shopping,1,4,page,6,7433292,1705655,781366,924289,11,6,6,content.adriver.ru
https://avito.ru/,shopping,1,4,third_party,6,7087942,1689119,781366,907753,11,6,6,content.adriver.ru
https://avito.ru/,shopping,1,4,listed,6,6358368,990501,781366,209135,11,6,6,content.adriver.ru
https://avito.ru/,shopping,1,5,page,6,7151198,1987749,947243,1040506,8,6,6,mc.yandex.ru
https://avito.ru/,shopping,1,5,third_party,6,6795340,1981721,947243,1034478,8,6,6,mc.yandex.ru
https://avito.ru/,shopping,1,5,listed,6,6108374,1240495,947243,293252,8,6,6,mc.yandex.ru
https://avito.ru/,shopping,1,6,page,6,7647021,1491926,975959,515967,10,7,7,top-fwz1.mail.ru
https://avito.ru/,shopping,1,6,third_party,6,7335596,1441465,975959,465506,10,7,7,top-fwz1.mail.ru
https://avito.ru/,shopping,1,6,listed,6,6648253,700616,975959,-275343,10,7,7,top-fwz1.mail.ru
https://bit.ly/,infrastructure,0,0,page,5,5836531,0,0,0,0,0,0,
https://bit.ly/,infrastructure,0,0,third_party,5,5836166,0,0,0,0,0,0,
https://bit.ly/,infrastructure,0,0,listed,5,354566,0,0,0,0,0,0,
https://bit.ly/,infrastructure,0,1,page,5,5835988,543,1664,-1121,4,4,0,region1.google-analytics.com
https://bit.ly/,infrastructure,0,1,third_party,5,5835623,543,1664,-1121,4,4,0,region1.google-analytics.com
https://bit.ly/,infrastructure,0,1,listed,5,352852,1714,1664,50,4,4,0,region1.google-analytics.com
https://bit.ly/,infrastructure,0,2,page,5,5796543,39988,37407,2581,5,5,1,bat.bing.com
https://bit.ly/,infrastructure,0,2,third_party,5,5796178,39988,37407,2581,5,5,1,bat.bing.com
https://bit.ly/,infrastructure,0,2,listed,5,317109,37457,37407,50,5,5,1,bat.bing.com
https://bit.ly/,infrastructure,0,3,page,5,5671123,165408,161135,4273,6,6,3,cdn.optimizely.com
https://bit.ly/,infrastructure,0,3,third_party,5,5670758,165408,161135,4273,6,6,3,cdn.optimizely.com
https://bit.ly/,infrastructure,0,3,listed,5,191894,162672,161135,1537,6,6,3,cdn.optimizely.com
https://bit.ly/,infrastructure,0,4,page,5,5671625,164906,161512,3394,6,6,3,cdn3.optimizely.com
https://bit.ly/,infrastructure,0,4,third_party,5,5671625,164541,161512,3029,6,6,3,cdn3.optimizely.com
https://bit.ly/,infrastructure,0,4,listed,5,191894,162672,161512,1160,6,6,3,cdn3.optimizely.com
https://bit.ly/,infrastructure,0,5,page,5,5669488,167043,163159,3884,12,9,3,pagead2.googlesyndication.com
https://bit.ly/,infrastructure,0,5,third_party,5,5669123,167043,163159,3884,12,9,3,pagead2.googlesyndication.com
https://bit.ly/,infrastructure,0,5,listed,5,190247,164319,163159,1160,12,9,3,pagead2.googlesyndication.com
https://bit.ly/,infrastructure,1,0,page,5,5836226,0,0,0,0,0,0,
https://bit.ly/,infrastructure,1,0,third_party,5,5835861,0,0,0,0,0,0,
https://bit.ly/,infrastructure,1,0,listed,5,356212,0,0,0,0,0,0,
https://bit.ly/,infrastructure,1,1,page,5,5710381,125845,123730,2115,2,2,2,cdn.optimizely.com
https://bit.ly/,infrastructure,1,1,third_party,5,5710016,125845,123730,2115,2,2,2,cdn.optimizely.com
https://bit.ly/,infrastructure,1,1,listed,5,230113,126099,123730,2369,2,2,2,cdn.optimizely.com
https://bit.ly/,infrastructure,1,2,page,5,5710662,125564,127038,-1474,5,5,2,region1.google-analytics.com
https://bit.ly/,infrastructure,1,2,third_party,5,5710272,125589,127038,-1449,5,5,2,region1.google-analytics.com
https://bit.ly/,infrastructure,1,2,listed,5,227637,128575,127038,1537,5,5,2,region1.google-analytics.com
https://bit.ly/,infrastructure,1,3,page,5,5672447,163779,162781,998,6,6,3,bat.bing.com
https://bit.ly/,infrastructure,1,3,third_party,5,5672082,163779,162781,998,6,6,3,bat.bing.com
https://bit.ly/,infrastructure,1,3,listed,5,191894,164318,162781,1537,6,6,3,bat.bing.com
https://bit.ly/,infrastructure,1,4,page,5,5672910,163316,164428,-1112,12,9,3,pagead2.googlesyndication.com
https://bit.ly/,infrastructure,1,4,third_party,5,5672520,163341,164428,-1087,12,9,3,pagead2.googlesyndication.com
https://bit.ly/,infrastructure,1,4,listed,5,190247,165965,164428,1537,12,9,3,pagead2.googlesyndication.com
https://bit.ly/,infrastructure,1,5,page,5,5673608,162618,164805,-2187,12,9,3,cdn3.optimizely.com
https://bit.ly/,infrastructure,1,5,third_party,5,5673218,162643,164805,-2162,12,9,3,cdn3.optimizely.com
https://bit.ly/,infrastructure,1,5,listed,5,190247,165965,164805,1160,12,9,3,cdn3.optimizely.com
https://braze.com/,productivity,0,0,page,6,8620878,0,0,0,0,0,0,
https://braze.com/,productivity,0,0,third_party,6,5240247,0,0,0,0,0,0,
https://braze.com/,productivity,0,0,listed,6,2203824,0,0,0,0,0,0,
https://braze.com/,productivity,0,1,page,6,8865433,-244555,5530,-250085,20,10,0,pagead2.googlesyndication.com
https://braze.com/,productivity,0,1,third_party,6,5484299,-244052,5530,-249582,20,10,0,pagead2.googlesyndication.com
https://braze.com/,productivity,0,1,listed,6,2199742,4082,5530,-1448,20,10,0,pagead2.googlesyndication.com
https://braze.com/,productivity,0,2,page,6,7433536,1187342,23248,1164094,31,21,1,app.qualified.com
https://braze.com/,productivity,0,2,third_party,6,4053213,1187034,23248,1163786,31,21,1,app.qualified.com
https://braze.com/,productivity,0,2,listed,6,768528,1435296,23248,1412048,31,21,1,app.qualified.com
https://braze.com/,productivity,0,3,page,6,6945349,1675529,242813,1432716,33,22,1,dev.visualwebsiteoptimizer.com
https://braze.com/,productivity,0,3,third_party,6,3580858,1659389,242813,1416576,33,22,1,dev.visualwebsiteoptimizer.com
https://braze.com/,productivity,0,3,listed,6,547312,1656512,242813,1413699,33,22,1,dev.visualwebsiteoptimizer.com
https://braze.com/,productivity,0,4,page,6,6691080,1929798,719584,1210214,23,12,1,js.qualified.com
https://braze.com/,productivity,0,4,third_party,6,3310441,1929806,719584,1210222,23,12,1,js.qualified.com
https://braze.com/,productivity,0,4,listed,6,276897,1926927,719584,1207343,23,12,1,js.qualified.com
https://braze.com/,productivity,0,5,page,6,6691043,1929835,720420,1209415,24,13,1,region1.google-analytics.com
https://braze.com/,productivity,0,5,third_party,6,3310384,1929863,720420,1209443,24,13,1,region1.google-analytics.com
https://braze.com/,productivity,0,5,listed,6,276061,1927763,720420,1207343,24,13,1,region1.google-analytics.com
https://braze.com/,productivity,0,6,page,6,6690232,1930646,730915,1199731,24,13,1,static.cloudflareinsights.com
https://braze.com/,productivity,0,6,third_party,6,3309595,1930652,730915,1199737,24,13,1,static.cloudflareinsights.com
https://braze.com/,productivity,0,6,listed,6,276061,1927763,730915,1196848,24,13,1,static.cloudflareinsights.com
https://braze.com/,productivity,1,0,page,6,8618634,0,0,0,0,0,0,
https://braze.com/,productivity,1,0,third_party,6,5237968,0,0,0,0,0,0,
https://braze.com/,productivity,1,0,listed,6,2204376,0,0,0,0,0,0,
https://braze.com/,productivity,1,1,page,6,8613765,4869,5730,-861,20,10,0,pagead2.googlesyndication.com
https://braze.com/,productivity,1,1,third_party,6,5232630,5338,5730,-392,20,10,0,pagead2.googlesyndication.com
https://braze.com/,productivity,1,1,listed,6,2198632,5744,5730,14,20,10,0,pagead2.googlesyndication.com
https://braze.com/,productivity,1,2,page,6,6706007,1912627,482408,1430219,21,11,1,js.qualified.com
https://braze.com/,productivity,1,2,third_party,6,3529541,1708427,482408,1226019,21,11,1,js.qualified.com
https://braze.com/,productivity,1,2,listed,6,495580,1708796,482408,1226388,21,11,1,js.qualified.com
https://braze.com/,productivity,1,3,page,6,6693432,1925202,703150,1222052,23,12,1,dev.visualwebsiteoptimizer.com
https://braze.com/,productivity,1,3,third_party,6,3312776,1925192,703150,1222042,23,12,1,dev.visualwebsiteoptimizer.com
https://braze.com/,productivity,1,3,listed,6,276330,1928046,703150,1224896,23,12,1,dev.visualwebsiteoptimizer.com
https://braze.com/,productivity,1,4,page,6,6690756,1927878,703986,1223892,24,13,1,region1.google-analytics.com
https://braze.com/,productivity,1,4,third_party,6,3309632,1928336,703986,1224350,24,13,1,region1.google-analytics.com
https://braze.com/,productivity,1,4,listed,6,276061,1928315,703986,1224329,24,13,1,region1.google-analytics.com
https://braze.com/,productivity,1,5,page,6,6691178,1927456,720844,1206612,24,13,1,app.qualified.com
https://braze.com/,productivity,1,5,third_party,6,3310042,1927926,720844,1207082,24,13,1,app.qualified.com
https://braze.com/,productivity,1,5,listed,6,276061,1928315,720844,1207471,24,13,1,app.qualified.com
https://braze.com/,productivity,1,6,page,6,6690332,1928302,731339,1196963,24,13,1,static.cloudflareinsights.com
https://braze.com/,productivity,1,6,third_party,6,3309674,1928294,731339,1196955,24,13,1,static.cloudflareinsights.com
https://braze.com/,productivity,1,6,listed,6,276061,1928315,731339,1196976,24,13,1,static.cloudflareinsights.com
https://cnet.com/,news,0,0,page,6,3333674,0,0,0,0,0,0,
https://cnet.com/,news,0,0,third_party,6,1791974,0,0,0,0,0,0,
https://cnet.com/,news,0,0,listed,6,669697,0,0,0,0,0,0,
https://cnet.com/,news,0,1,page,6,3307533,26141,27039,-898,2,2,2,cdn.parsely.com
https://cnet.com/,news,0,1,third_party,6,1765834,26140,27039,-899,2,2,2,cdn.parsely.com
https://cnet.com/,news,0,1,listed,6,643807,25890,27039,-1149,2,2,2,cdn.parsely.com
https://cnet.com/,news,0,2,page,6,3259179,74495,75240,-745,3,3,3,frugalfiestas.com
https://cnet.com/,news,0,2,third_party,6,1717480,74494,75240,-746,3,3,3,frugalfiestas.com
https://cnet.com/,news,0,2,listed,6,594823,74874,75240,-366,3,3,3,frugalfiestas.com
https://cnet.com/,news,0,3,page,6,3168582,165092,161650,3442,5,5,5,client.aps.amazon-adsystem.com
https://cnet.com/,news,0,3,third_party,6,1626883,165091,161650,3441,5,5,5,client.aps.amazon-adsystem.com
https://cnet.com/,news,0,3,listed,6,504856,164841,161650,3191,5,5,5,client.aps.amazon-adsystem.com
https://cnet.com/,news,0,4,page,6,2910426,423248,416990,6258,7,7,7,securepubads.g.doubleclick.net
https://cnet.com/,news,0,4,third_party,6,1369171,422803,416990,5813,7,7,7,securepubads.g.doubleclick.net
https://cnet.com/,news,0,4,listed,6,247124,422573,416990,5583,7,7,7,securepubads.g.doubleclick.net
https://cnet.com/,news,0,5,page,6,2901839,431835,426294,5541,8,8,8,experiments.parsely.com
https://cnet.com/,news,0,5,third_party,6,1360140,431834,426294,5540,8,8,8,experiments.parsely.com
https://cnet.com/,news,0,5,listed,6,237966,431731,426294,5437,8,8,8,experiments.parsely.com
https://cnet.com/,news,0,6,page,6,2865681,467993,461797,6196,9,9,9,pub.doubleverify.com
https://cnet.com/,news,0,6,third_party,6,1323982,467992,461797,6195,9,9,9,pub.doubleverify.com
https://cnet.com/,news,0,6,listed,6,202048,467649,461797,5852,9,9,9,pub.doubleverify.com
https://cnet.com/,news,1,0,page,6,3334267,0,0,0,0,0,0,
https://cnet.com/,news,1,0,third_party,6,1793005,0,0,0,0,0,0,
https://cnet.com/,news,1,0,listed,6,671019,0,0,0,0,0,0,
https://cnet.com/,news,1,1,page,6,3306704,27563,27039,524,2,2,2,cdn.parsely.com
https://cnet.com/,news,1,1,third_party,6,1765442,27563,27039,524,2,2,2,cdn.parsely.com
https://cnet.com/,news,1,1,listed,6,643291,27728,27039,689,2,2,2,cdn.parsely.com
https://cnet.com/,news,1,2,page,6,3050589,283678,283711,-33,4,4,4,securepubads.g.doubleclick.net
https://cnet.com/,news,1,2,third_party,6,1509771,283234,283711,-477,4,4,4,securepubads.g.doubleclick.net
https://cnet.com/,news,1,2,listed,6,386312,284707,283711,996,4,4,4,securepubads.g.doubleclick.net
https://cnet.com/,news,1,3,page,6,2959640,374627,370121,4506,6,6,6,client.aps.amazon-adsystem.com
https://cnet.com/,news,1,3,third_party,6,1417941,375064,370121,4943,6,6,6,client.aps.amazon-adsystem.com
https://cnet.com/,news,1,3,listed,6,295790,375229,370121,5108,6,6,6,client.aps.amazon-adsystem.com
https://cnet.com/,news,1,4,page,6,2950070,384197,379357,4840,7,7,7,experiments.parsely.com
https://cnet.com/,news,1,4,third_party,6,1408371,384634,379357,5277,7,7,7,experiments.parsely.com
https://cnet.com/,news,1,4,listed,6,286529,384490,379357,5133,7,7,7,experiments.parsely.com
https://cnet.com/,news,1,5,page,6,2900819,433448,427547,5901,8,8,8,frugalfiestas.com
https://cnet.com/,news,1,5,third_party,6,1360001,433004,427547,5457,8,8,8,frugalfiestas.com
https://cnet.com/,news,1,5,listed,6,237967,433052,427547,5505,8,8,8,frugalfiestas.com
https://cnet.com/,news,1,6,page,6,2865811,468456,463119,5337,9,9,9,pub.doubleverify.com
https://cnet.com/,news,1,6,third_party,6,1324112,468893,463119,5774,9,9,9,pub.doubleverify.com
https://cnet.com/,news,1,6,listed,6,202048,468971,463119,5852,9,9,9,pub.doubleverify.com
https://consultant.ru/,reference,0,0,page,3,453983,0,0,0,0,0,0,
https://consultant.ru/,reference,0,0,third_party,3,208322,0,0,0,0,0,0,
https://consultant.ru/,reference,0,0,listed,3,208322,0,0,0,0,0,0,
https://consultant.ru/,reference,0,1,page,3,296728,157255,147738,9517,2,2,2,mc.yandex.ru
https://consultant.ru/,reference,0,1,third_party,3,50732,157590,147738,9852,2,2,2,mc.yandex.ru
https://consultant.ru/,reference,0,1,listed,3,50732,157590,147738,9852,2,2,2,mc.yandex.ru
https://consultant.ru/,reference,0,2,page,3,296113,157870,157591,279,2,2,2,mc.yandex.com
https://consultant.ru/,reference,0,2,third_party,3,50732,157590,157591,-1,2,2,2,mc.yandex.com
https://consultant.ru/,reference,0,2,listed,3,50732,157590,157591,-1,2,2,2,mc.yandex.com
https://consultant.ru/,reference,0,3,page,3,247094,206889,184562,22327,3,3,3,top-fwz1.mail.ru
https://consultant.ru/,reference,0,3,third_party,3,405,207917,184562,23355,3,3,3,top-fwz1.mail.ru
https://consultant.ru/,reference,0,3,listed,3,405,207917,184562,23355,3,3,3,top-fwz1.mail.ru
https://consultant.ru/,reference,1,0,page,3,529629,0,0,0,0,0,0,
https://consultant.ru/,reference,1,0,third_party,3,206613,0,0,0,0,0,0,
https://consultant.ru/,reference,1,0,listed,3,206613,0,0,0,0,0,0,
https://consultant.ru/,reference,1,1,page,3,444509,85120,8142,76978,7,6,2,mc.yandex.com
https://consultant.ru/,reference,1,1,third_party,3,198470,8143,8142,1,7,6,2,mc.yandex.com
https://consultant.ru/,reference,1,1,listed,3,198470,8143,8142,1,7,6,2,mc.yandex.com
https://consultant.ru/,reference,1,2,page,3,394149,135480,35113,100367,8,7,3,top-fwz1.mail.ru
https://consultant.ru/,reference,1,2,third_party,3,148143,58470,35113,23357,8,7,3,top-fwz1.mail.ru
https://consultant.ru/,reference,1,2,listed,3,148143,58470,35113,23357,8,7,3,top-fwz1.mail.ru
https://consultant.ru/,reference,1,3,page,3,246420,283209,182851,100358,3,3,3,mc.yandex.ru
https://consultant.ru/,reference,1,3,third_party,3,405,206208,182851,23357,3,3,3,mc.yandex.ru
https://consultant.ru/,reference,1,3,listed,3,405,206208,182851,23357,3,3,3,mc.yandex.ru
https://dailymotion.com/,entertainment,0,0,page,3,3553253,0,0,0,0,0,0,
https://dailymotion.com/,entertainment,0,0,third_party,3,1486082,0,0,0,0,0,0,
https://dailymotion.com/,entertainment,0,0,listed,3,37219,0,0,0,0,0,0,
https://dailymotion.com/,entertainment,0,1,page,3,3535344,17909,17909,0,1,1,1,pagead2.googlesyndication.com
https://dailymotion.com/,entertainment,0,1,third_party,3,1468177,17905,17909,-4,1,1,1,pagead2.googlesyndication.com
https://dailymotion.com/,entertainment,0,1,listed,3,19313,17906,17909,-3,1,1,1,pagead2.googlesyndication.com
https://dailymotion.com/,entertainment,0,2,page,3,3235850,317403,19794,297609,1,1,0,securepubads.g.doubleclick.net
https://dailymotion.com/,entertainment,0,2,third_party,3,1268149,217933,19794,198139,1,1,0,securepubads.g.doubleclick.net
https://dailymotion.com/,entertainment,0,2,listed,3,0,37219,19794,17425,1,1,0,securepubads.g.doubleclick.net
https://dailymotion.com/,entertainment,0,3,page,3,3235732,317521,37219,280302,1,1,0,s0.2mdn.net
https://dailymotion.com/,entertainment,0,3,third_party,3,1268149,217933,37219,180714,1,1,0,s0.2mdn.net
https://dailymotion.com/,entertainment,0,3,listed,3,0,37219,37219,0,1,1,0,s0.2mdn.net
https://dailymotion.com/,entertainment,1,0,page,3,3552894,0,0,0,0,0,0,
https://dailymotion.com/,entertainment,1,0,third_party,3,1485719,0,0,0,0,0,0,
https://dailymotion.com/,entertainment,1,0,listed,3,37223,0,0,0,0,0,0,
https://dailymotion.com/,entertainment,1,1,page,3,3551069,1825,1889,-64,1,1,0,securepubads.g.doubleclick.net
https://dailymotion.com/,entertainment,1,1,third_party,3,1483826,1893,1889,4,1,1,0,securepubads.g.doubleclick.net
https://dailymotion.com/,entertainment,1,1,listed,3,35334,1889,1889,0,1,1,0,securepubads.g.doubleclick.net
https://dailymotion.com/,entertainment,1,2,page,3,3533981,18913,19314,-401,2,2,1,s0.2mdn.net
https://dailymotion.com/,entertainment,1,2,third_party,3,1466773,18946,19314,-368,2,2,1,s0.2mdn.net
https://dailymotion.com/,entertainment,1,2,listed,3,17909,19314,19314,0,2,2,1,s0.2mdn.net
https://dailymotion.com/,entertainment,1,3,page,3,3516028,36866,37223,-357,3,3,2,pagead2.googlesyndication.com
https://dailymotion.com/,entertainment,1,3,third_party,3,1448871,36848,37223,-375,3,3,2,pagead2.googlesyndication.com
https://dailymotion.com/,entertainment,1,3,listed,3,0,37223,37223,0,3,3,2,pagead2.googlesyndication.com
https://dell.com/,shopping,0,0,page,6,2709603,0,0,0,0,0,0,
https://dell.com/,shopping,0,0,third_party,6,733442,0,0,0,0,0,0,
https://dell.com/,shopping,0,0,listed,6,613252,0,0,0,0,0,0,
https://dell.com/,shopping,0,1,page,6,2685874,23729,17876,5853,1,1,1,static.ads-twitter.com
https://dell.com/,shopping,0,1,third_party,6,709903,23539,17876,5663,1,1,1,static.ads-twitter.com
https://dell.com/,shopping,0,1,listed,6,590881,22371,17876,4495,1,1,1,static.ads-twitter.com
https://dell.com/,shopping,0,2,page,6,2649700,59903,45902,14001,2,2,2,cdn.taboola.com
https://dell.com/,shopping,0,2,third_party,6,678269,55173,45902,9271,2,2,2,cdn.taboola.com
https://dell.com/,shopping,0,2,listed,6,558653,54599,45902,8697,2,2,2,cdn.taboola.com
https://dell.com/,shopping,0,3,page,6,2428699,280904,82591,198313,1,1,1,nexus.ensighten.com
https://dell.com/,shopping,0,3,third_party,6,557023,176419,82591,93828,1,1,1,nexus.ensighten.com
https://dell.com/,shopping,0,3,listed,6,476802,136450,82591,53859,1,1,1,nexus.ensighten.com
https://dell.com/,shopping,0,4,page,6,2364910,344693,143464,201229,3,3,3,s.go-mpulse.net
https://dell.com/,shopping,0,4,third_party,6,493614,239828,143464,96364,3,3,3,s.go-mpulse.net
https://dell.com/,shopping,0,4,listed,6,414265,198987,143464,55523,3,3,3,s.go-mpulse.net
https://dell.com/,shopping,0,5,page,6,2351579,358024,157837,200187,4,4,4,www.mczbf.com
https://dell.com/,shopping,0,5,third_party,6,478963,254479,157837,96642,4,4,4,www.mczbf.com
https://dell.com/,shopping,0,5,listed,6,399892,213360,157837,55523,4,4,4,www.mczbf.com
https://dell.com/,shopping,0,6,page,6,2349900,359703,185575,174128,5,5,5,c.amazon-adsystem.com
https://dell.com/,shopping,0,6,third_party,6,476321,257121,185575,71546,5,5,5,c.amazon-adsystem.com
https://dell.com/,shopping,0,6,listed,6,396972,216280,185575,30705,5,5,5,c.amazon-adsystem.com
https://dell.com/,shopping,1,0,page,6,2703276,0,0,0,0,0,0,
https://dell.com/,shopping,1,0,third_party,6,732456,0,0,0,0,0,0,
https://dell.com/,shopping,1,0,listed,6,614249,0,0,0,0,0,0,
https://dell.com/,shopping,1,1,page,6,2686400,16876,17876,-1000,1,1,1,static.ads-twitter.com
https://dell.com/,shopping,1,1,third_party,6,711204,21252,17876,3376,1,1,1,static.ads-twitter.com
https://dell.com/,shopping,1,1,listed,6,592997,21252,17876,3376,1,1,1,static.ads-twitter.com
https://dell.com/,shopping,1,2,page,6,2626341,76935,78749,-1814,3,3,3,s.go-mpulse.net
https://dell.com/,shopping,1,2,third_party,6,648400,84056,78749,5307,3,3,3,s.go-mpulse.net
https://dell.com/,shopping,1,2,listed,6,530471,83778,78749,5029,3,3,3,s.go-mpulse.net
https://dell.com/,shopping,1,3,page,6,2365463,337813,115438,222375,3,3,3,nexus.ensighten.com
https://dell.com/,shopping,1,3,third_party,6,493614,238842,115438,123404,3,3,3,nexus.ensighten.com
https://dell.com/,shopping,1,3,listed,6,414265,199984,115438,84546,3,3,3,nexus.ensighten.com
https://dell.com/,shopping,1,4,page,6,2352673,350603,129811,220792,4,4,4,www.mczbf.com
https://dell.com/,shopping,1,4,third_party,6,478963,253493,129811,123682,4,4,4,www.mczbf.com
https://dell.com/,shopping,1,4,listed,6,399892,214357,129811,84546,4,4,4,www.mczbf.com
https://dell.com/,shopping,1,5,page,6,2350963,352313,157838,194475,4,4,4,cdn.taboola.com
https://dell.com/,shopping,1,5,third_party,6,478963,253493,157838,95655,4,4,4,cdn.taboola.com
https://dell.com/,shopping,1,5,listed,6,399892,214357,157838,56519,4,4,4,cdn.taboola.com
https://dell.com/,shopping,1,6,page,6,2349269,354007,185576,168431,5,5,5,c.amazon-adsystem.com
https://dell.com/,shopping,1,6,third_party,6,476043,256413,185576,70837,5,5,5,c.amazon-adsystem.com
https://dell.com/,shopping,1,6,listed,6,396972,217277,185576,31701,5,5,5,c.amazon-adsystem.com
https://erome.com/,entertainment,0,0,page,3,408350,0,0,0,0,0,0,
https://erome.com/,entertainment,0,0,third_party,3,268609,0,0,0,0,0,0,
https://erome.com/,entertainment,0,0,listed,3,86276,0,0,0,0,0,0,
https://erome.com/,entertainment,0,1,page,3,347265,61085,61014,71,1,1,1,a.magsrv.com
https://erome.com/,entertainment,0,1,third_party,3,207596,61013,61014,-1,1,1,1,a.magsrv.com
https://erome.com/,entertainment,0,1,listed,3,25255,61021,61014,7,1,1,1,a.magsrv.com
https://erome.com/,entertainment,0,2,page,3,345998,62352,61850,502,2,2,1,region1.google-analytics.com
https://erome.com/,entertainment,0,2,third_party,3,206759,61850,61850,0,2,2,1,region1.google-analytics.com
https://erome.com/,entertainment,0,2,listed,3,24426,61850,61850,0,2,2,1,region1.google-analytics.com
https://erome.com/,entertainment,0,3,page,3,322062,86288,86276,12,4,4,3,cdn.tsyndicate.com
https://erome.com/,entertainment,0,3,third_party,3,182333,86276,86276,0,4,4,3,cdn.tsyndicate.com
https://erome.com/,entertainment,0,3,listed,3,0,86276,86276,0,4,4,3,cdn.tsyndicate.com
https://erome.com/,entertainment,1,0,page,3,407911,0,0,0,0,0,0,
https://erome.com/,entertainment,1,0,third_party,3,268606,0,0,0,0,0,0,
https://erome.com/,entertainment,1,0,listed,3,86276,0,0,0,0,0,0,
https://erome.com/,entertainment,1,1,page,3,407435,476,836,-360,1,1,0,region1.google-analytics.com
https://erome.com/,entertainment,1,1,third_party,3,267766,840,836,4,1,1,0,region1.google-analytics.com
https://erome.com/,entertainment,1,1,listed,3,85433,843,836,7,1,1,0,region1.google-analytics.com
https://erome.com/,entertainment,1,2,page,3,383010,24901,25262,-361,3,3,2,cdn.tsyndicate.com
https://erome.com/,entertainment,1,2,third_party,3,243347,25259,25262,-3,3,3,2,cdn.tsyndicate.com
https://erome.com/,entertainment,1,2,listed,3,61014,25262,25262,0,3,3,2,cdn.tsyndicate.com
https://erome.com/,entertainment,1,3,page,3,322001,85910,86276,-366,4,4,3,a.magsrv.com
https://erome.com/,entertainment,1,3,third_party,3,182333,86273,86276,-3,4,4,3,a.magsrv.com
https://erome.com/,entertainment,1,3,listed,3,0,86276,86276,0,4,4,3,a.magsrv.com
https://fiverr.com/,shopping,0,0,page,6,906990,0,0,0,0,0,0,
https://fiverr.com/,shopping,0,0,third_party,6,890907,0,0,0,0,0,0,
https://fiverr.com/,shopping,0,0,listed,6,624834,0,0,0,0,0,0,
https://fiverr.com/,shopping,0,1,page,6,906929,61,0,61,0,0,0,googleads.g.doubleclick.net
https://fiverr.com/,shopping,0,1,third_party,6,890856,51,0,51,0,0,0,googleads.g.doubleclick.net
https://fiverr.com/,shopping,0,1,listed,6,624783,51,0,51,0,0,0,googleads.g.doubleclick.net
https://fiverr.com/,shopping,0,2,page,6,906194,796,0,796,0,0,0,cdn.pdst.fm
https://fiverr.com/,shopping,0,2,third_party,6,890897,10,0,10,0,0,0,cdn.pdst.fm
https://fiverr.com/,shopping,0,2,listed,6,624837,-3,0,-3,0,0,0,cdn.pdst.fm
https://fiverr.com/,shopping,0,3,page,6,906135,855,0,855,0,0,0,bat.bing.com
https://fiverr.com/,shopping,0,3,third_party,6,890843,64,0,64,0,0,0,bat.bing.com
https://fiverr.com/,shopping,0,3,listed,6,624783,51,0,51,0,0,0,bat.bing.com
https://fiverr.com/,shopping,0,4,page,6,908401,-1411,0,-1411,0,0,0,connect.facebook.net
https://fiverr.com/,shopping,0,4,third_party,6,892331,-1424,0,-1424,0,0,0,connect.facebook.net
https://fiverr.com/,shopping,0,4,listed,6,626269,-1435,0,-1435,0,0,0,connect.facebook.net
https://fiverr.com/,shopping,0,5,page,6,638647,268343,0,268343,0,0,0,5566805.fls.doubleclick.net
https://fiverr.com/,shopping,0,5,third_party,6,622558,268349,0,268349,0,0,0,5566805.fls.doubleclick.net
https://fiverr.com/,shopping,0,5,listed,6,621380,3454,0,3454,0,0,0,5566805.fls.doubleclick.net
https://fiverr.com/,shopping,0,6,page,6,906952,38,0,38,0,0,0,ad.doubleclick.net
https://fiverr.com/,shopping,0,6,third_party,6,890870,37,0,37,0,0,0,ad.doubleclick.net
https://fiverr.com/,shopping,0,6,listed,6,624808,26,0,26,0,0,0,ad.doubleclick.net
https://fiverr.com/,shopping,1,0,page,6,906933,0,0,0,0,0,0,
https://fiverr.com/,shopping,1,0,third_party,6,890848,0,0,0,0,0,0,
https://fiverr.com/,shopping,1,0,listed,6,624786,0,0,0,0,0,0,
https://fiverr.com/,shopping,1,1,page,6,906924,9,0,9,0,0,0,googleads.g.doubleclick.net
https://fiverr.com/,shopping,1,1,third_party,6,890848,0,0,0,0,0,0,googleads.g.doubleclick.net
https://fiverr.com/,shopping,1,1,listed,6,624786,0,0,0,0,0,0,googleads.g.doubleclick.net
https://fiverr.com/,shopping,1,2,page,6,906982,-49,0,-49,0,0,0,connect.facebook.net
https://fiverr.com/,shopping,1,2,third_party,6,890899,-51,0,-51,0,0,0,connect.facebook.net
https://fiverr.com/,shopping,1,2,listed,6,624837,-51,0,-51,0,0,0,connect.facebook.net
https://fiverr.com/,shopping,1,3,page,6,906919,14,0,14,0,0,0,bat.bing.com
https://fiverr.com/,shopping,1,3,third_party,6,890845,3,0,3,0,0,0,bat.bing.com
https://fiverr.com/,shopping,1,3,listed,6,624783,3,0,3,0,0,0,bat.bing.com
https://fiverr.com/,shopping,1,4,page,6,906938,-5,0,-5,0,0,0,5566805.fls.doubleclick.net
https://fiverr.com/,shopping,1,4,third_party,6,890849,-1,0,-1,0,0,0,5566805.fls.doubleclick.net
https://fiverr.com/,shopping,1,4,listed,6,624787,-1,0,-1,0,0,0,5566805.fls.doubleclick.net
https://fiverr.com/,shopping,1,5,page,6,906169,764,0,764,0,0,0,cdn.pdst.fm
https://fiverr.com/,shopping,1,5,third_party,6,890876,-28,0,-28,0,0,0,cdn.pdst.fm
https://fiverr.com/,shopping,1,5,listed,6,624814,-28,0,-28,0,0,0,cdn.pdst.fm
https://fiverr.com/,shopping,1,6,page,6,906981,-48,0,-48,0,0,0,ad.doubleclick.net
https://fiverr.com/,shopping,1,6,third_party,6,890899,-51,0,-51,0,0,0,ad.doubleclick.net
https://fiverr.com/,shopping,1,6,listed,6,624837,-51,0,-51,0,0,0,ad.doubleclick.net
https://frontiersin.org/,reference,0,0,page,4,3729870,0,0,0,0,0,0,
https://frontiersin.org/,reference,0,0,third_party,4,1618578,0,0,0,0,0,0,
https://frontiersin.org/,reference,0,0,listed,4,230280,0,0,0,0,0,0,
https://frontiersin.org/,reference,0,1,page,4,3727538,2332,877,1455,1,1,0,googleads.g.doubleclick.net
https://frontiersin.org/,reference,0,1,third_party,4,1617028,1550,877,673,1,1,0,googleads.g.doubleclick.net
https://frontiersin.org/,reference,0,1,listed,4,228960,1320,877,443,1,1,0,googleads.g.doubleclick.net
https://frontiersin.org/,reference,0,2,page,4,3689582,40288,36299,3989,3,3,2,js-agent.newrelic.com
https://frontiersin.org/,reference,0,2,third_party,4,1579079,39499,36299,3200,3,3,2,js-agent.newrelic.com
https://frontiersin.org/,reference,0,2,listed,4,190988,39292,36299,2993,3,3,2,js-agent.newrelic.com
https://frontiersin.org/,reference,0,3,page,4,3693294,36576,39292,-2716,3,3,2,bam.nr-data.net
https://frontiersin.org/,reference,0,3,third_party,4,1582882,35696,39292,-3596,3,3,2,bam.nr-data.net
https://frontiersin.org/,reference,0,3,listed,4,190988,39292,39292,0,3,3,2,bam.nr-data.net
https://frontiersin.org/,reference,0,4,page,4,3688198,41672,40061,1611,4,4,3,static.doubleclick.net
https://frontiersin.org/,reference,0,4,third_party,4,1577687,40891,40061,830,4,4,3,static.doubleclick.net
https://frontiersin.org/,reference,0,4,listed,4,190219,40061,40061,0,4,4,3,static.doubleclick.net
https://frontiersin.org/,reference,1,0,page,4,3729948,0,0,0,0,0,0,
https://frontiersin.org/,reference,1,0,third_party,4,1619437,0,0,0,0,0,0,
https://frontiersin.org/,reference,1,0,listed,4,231021,0,0,0,0,0,0,
https://frontiersin.org/,reference,1,1,page,4,3692205,37743,35423,2320,2,2,2,js-agent.newrelic.com
https://frontiersin.org/,reference,1,1,third_party,4,1580923,38514,35423,3091,2,2,2,js-agent.newrelic.com
https://frontiersin.org/,reference,1,1,listed,4,192604,38417,35423,2994,2,2,2,js-agent.newrelic.com
https://frontiersin.org/,reference,1,2,page,4,3691983,37965,38417,-452,2,2,2,bam.nr-data.net
https://frontiersin.org/,reference,1,2,third_party,4,1581477,37960,38417,-457,2,2,2,bam.nr-data.net
https://frontiersin.org/,reference,1,2,listed,4,192604,38417,38417,0,2,2,2,bam.nr-data.net
https://frontiersin.org/,reference,1,3,page,4,3690508,39440,39186,254,3,3,3,static.doubleclick.net
https://frontiersin.org/,reference,1,3,third_party,4,1580092,39345,39186,159,3,3,3,static.doubleclick.net
https://frontiersin.org/,reference,1,3,listed,4,191835,39186,39186,0,3,3,3,static.doubleclick.net
https://frontiersin.org/,reference,1,4,page,4,3689234,40714,40802,-88,4,4,3,googleads.g.doubleclick.net
https://frontiersin.org/,reference,1,4,third_party,4,1578713,40724,40802,-78,4,4,3,googleads.g.doubleclick.net
https://frontiersin.org/,reference,1,4,listed,4,190219,40802,40802,0,4,4,3,googleads.g.doubleclick.net
https://fwmrm.net/,infrastructure,0,0,page,6,2757356,0,0,0,0,0,0,
https://fwmrm.net/,infrastructure,0,0,third_party,6,2757047,0,0,0,0,0,0,
https://fwmrm.net/,infrastructure,0,0,listed,6,771748,0,0,0,0,0,0,
https://fwmrm.net/,infrastructure,0,1,page,6,2735263,22093,22654,-561,1,1,1,www.google-analytics.com
https://fwmrm.net/,infrastructure,0,1,third_party,6,2735263,21784,22654,-870,1,1,1,www.google-analytics.com
https://fwmrm.net/,infrastructure,0,1,listed,6,749592,22156,22654,-498,1,1,1,www.google-analytics.com
https://fwmrm.net/,infrastructure,0,2,page,6,2380857,376499,66524,309975,2,2,2,js.hubspot.com
https://fwmrm.net/,infrastructure,0,2,third_party,6,2380548,376499,66524,309975,2,2,2,js.hubspot.com
https://fwmrm.net/,infrastructure,0,2,listed,6,703444,68304,66524,1780,2,2,2,js.hubspot.com
https://fwmrm.net/,infrastructure,0,3,page,6,2212187,545169,233219,311950,9,9,9,snap.licdn.com
https://fwmrm.net/,infrastructure,0,3,third_party,6,2211878,545169,233219,311950,9,9,9,snap.licdn.com
https://fwmrm.net/,infrastructure,0,3,listed,6,535284,236464,233219,3245,9,9,9,snap.licdn.com
https://fwmrm.net/,infrastructure,0,4,page,6,1990216,767140,454852,312288,10,10,10,connect.facebook.net
https://fwmrm.net/,infrastructure,0,4,third_party,6,1989907,767140,454852,312288,10,10,10,connect.facebook.net
https://fwmrm.net/,infrastructure,0,4,listed,6,313234,458514,454852,3662,10,10,10,connect.facebook.net
https://fwmrm.net/,infrastructure,0,5,page,6,1983156,774200,461798,312402,11,11,11,static.hotjar.com
https://fwmrm.net/,infrastructure,0,5,third_party,6,1982847,774200,461798,312402,11,11,11,static.hotjar.com
https://fwmrm.net/,infrastructure,0,5,listed,6,306021,465727,461798,3929,11,11,11,static.hotjar.com
https://fwmrm.net/,infrastructure,0,6,page,6,1955929,801427,487480,313947,12,12,12,js.hs-banner.com
https://fwmrm.net/,infrastructure,0,6,third_party,6,1955620,801427,487480,313947,12,12,12,js.hs-banner.com
https://fwmrm.net/,infrastructure,0,6,listed,6,277790,493958,487480,6478,12,12,12,js.hs-banner.com
https://fwmrm.net/,infrastructure,1,0,page,6,2758270,0,0,0,0,0,0,
https://fwmrm.net/,infrastructure,1,0,third_party,6,2757961,0,0,0,0,0,0,
https://fwmrm.net/,infrastructure,1,0,listed,6,773030,0,0,0,0,0,0,
https://fwmrm.net/,infrastructure,1,1,page,6,2741861,16409,22634,-6225,1,1,1,www.google-analytics.com
https://fwmrm.net/,infrastructure,1,1,third_party,6,2741552,16409,22634,-6225,1,1,1,www.google-analytics.com
https://fwmrm.net/,infrastructure,1,1,listed,6,750011,23019,22634,385,1,1,1,www.google-analytics.com
https://fwmrm.net/,infrastructure,1,2,page,6,2514242,244028,244225,-197,2,2,2,connect.facebook.net
https://fwmrm.net/,infrastructure,1,2,third_party,6,2513933,244028,244225,-197,2,2,2,connect.facebook.net
https://fwmrm.net/,infrastructure,1,2,listed,6,527810,245220,244225,995,2,2,2,connect.facebook.net
https://fwmrm.net/,infrastructure,1,3,page,6,2346642,411628,411333,295,9,9,9,snap.licdn.com
https://fwmrm.net/,infrastructure,1,3,third_party,6,2346333,411628,411333,295,9,9,9,snap.licdn.com
https://fwmrm.net/,infrastructure,1,3,listed,6,359487,413543,411333,2210,9,9,9,snap.licdn.com
https://fwmrm.net/,infrastructure,1,4,page,6,2338008,420262,418280,1982,10,10,10,static.hotjar.com
https://fwmrm.net/,infrastructure,1,4,third_party,6,2337699,420262,418280,1982,10,10,10,static.hotjar.com
https://fwmrm.net/,infrastructure,1,4,listed,6,351533,421497,418280,3217,10,10,10,static.hotjar.com
https://fwmrm.net/,infrastructure,1,5,page,6,1982159,776111,462171,313940,11,11,11,js.hubspot.com
https://fwmrm.net/,infrastructure,1,5,third_party,6,1981850,776111,462171,313940,11,11,11,js.hubspot.com
https://fwmrm.net/,infrastructure,1,5,listed,6,305294,467736,462171,5565,11,11,11,js.hubspot.com
https://fwmrm.net/,infrastructure,1,6,page,6,1953996,804274,487852,316422,12,12,12,js.hs-banner.com
https://fwmrm.net/,infrastructure,1,6,third_party,6,1953996,803965,487852,316113,12,12,12,js.hs-banner.com
https://fwmrm.net/,infrastructure,1,6,listed,6,277346,495684,487852,7832,12,12,12,js.hs-banner.com
https://genius.com/,entertainment,0,0,page,6,2219528,0,0,0,0,0,0,
https://genius.com/,entertainment,0,0,third_party,6,1422051,0,0,0,0,0,0,
https://genius.com/,entertainment,0,0,listed,6,594965,0,0,0,0,0,0,
https://genius.com/,entertainment,0,1,page,6,2213696,5832,7575,-1743,1,1,1,sb.scorecardresearch.com
https://genius.com/,entertainment,0,1,third_party,6,1416029,6022,7575,-1553,1,1,1,sb.scorecardresearch.com
https://genius.com/,entertainment,0,1,listed,6,589336,5629,7575,-1946,1,1,1,sb.scorecardresearch.com
https://genius.com/,entertainment,0,2,page,6,2193347,26181,24674,1507,2,2,2,static.chartbeat.com
https://genius.com/,entertainment,0,2,third_party,6,1396775,25276,24674,602,2,2,2,static.chartbeat.com
https://genius.com/,entertainment,0,2,listed,6,570080,24885,24674,211,2,2,2,static.chartbeat.com
https://genius.com/,entertainment,0,3,page,6,2091671,127857,123537,4320,3,3,3,c.amazon-adsystem.com
https://genius.com/,entertainment,0,3,third_party,6,1294759,127292,123537,3755,3,3,3,c.amazon-adsystem.com
https://genius.com/,entertainment,0,3,listed,6,468071,126894,123537,3357,3,3,3,c.amazon-adsystem.com
https://genius.com/,entertainment,0,4,page,6,1834935,384593,380602,3991,4,4,4,securepubads.g.doubleclick.net
https://genius.com/,entertainment,0,4,third_party,6,1038124,383927,380602,3325,4,4,4,securepubads.g.doubleclick.net
https://genius.com/,entertainment,0,4,listed,6,211037,383928,380602,3326,4,4,4,securepubads.g.doubleclick.net
https://genius.com/,entertainment,0,5,page,6,1647777,571751,384012,187739,5,5,5,tag.wknd.ai
https://genius.com/,entertainment,0,5,third_party,6,850620,571431,384012,187419,5,5,5,tag.wknd.ai
https://genius.com/,entertainment,0,5,listed,6,24325,570640,384012,186628,5,5,5,tag.wknd.ai
https://genius.com/,entertainment,0,6,page,6,1634043,585485,397030,188455,6,6,6,secure.quantserve.com
https://genius.com/,entertainment,0,6,third_party,6,836273,585778,397030,188748,6,6,6,secure.quantserve.com
https://genius.com/,entertainment,0,6,listed,6,9974,584991,397030,187961,6,6,6,secure.quantserve.com
https://genius.com/,entertainment,1,0,page,6,2219175,0,0,0,0,0,0,
https://genius.com/,entertainment,1,0,third_party,6,1422391,0,0,0,0,0,0,
https://genius.com/,entertainment,1,0,listed,6,595229,0,0,0,0,0,0,
https://genius.com/,entertainment,1,1,page,6,2211248,7927,7575,352,1,1,1,sb.scorecardresearch.com
https://genius.com/,entertainment,1,1,third_party,6,1413622,8769,7575,1194,1,1,1,sb.scorecardresearch.com
https://genius.com/,entertainment,1,1,listed,6,586931,8298,7575,723,1,1,1,sb.scorecardresearch.com
https://genius.com/,entertainment,1,2,page,6,1954384,264791,264827,-36,2,2,2,securepubads.g.doubleclick.net
https://genius.com/,entertainment,1,2,third_party,6,1156742,265649,264827,822,2,2,2,securepubads.g.doubleclick.net
https://genius.com/,entertainment,1,2,listed,6,329739,265490,264827,663,2,2,2,securepubads.g.doubleclick.net
https://genius.com/,entertainment,1,3,page,6,1852173,367002,363690,3312,3,3,3,c.amazon-adsystem.com
https://genius.com/,entertainment,1,3,third_party,6,1054656,367735,363690,4045,3,3,3,c.amazon-adsystem.com
https://genius.com/,entertainment,1,3,listed,6,228352,366877,363690,3187,3,3,3,c.amazon-adsystem.com
https://genius.com/,entertainment,1,4,page,6,1665228,553947,367101,186846,4,4,4,tag.wknd.ai
https://genius.com/,entertainment,1,4,third_party,6,868001,554390,367101,187289,4,4,4,tag.wknd.ai
https://genius.com/,entertainment,1,4,listed,6,41689,553540,367101,186439,4,4,4,tag.wknd.ai
https://genius.com/,entertainment,1,5,page,6,1648593,570582,384200,186382,5,5,5,static.chartbeat.com
https://genius.com/,entertainment,1,5,third_party,6,851068,571323,384200,187123,5,5,5,static.chartbeat.com
https://genius.com/,entertainment,1,5,listed,6,24325,570904,384200,186704,5,5,5,static.chartbeat.com
https://genius.com/,entertainment,1,6,page,6,1634046,585129,397218,187911,6,6,6,secure.quantserve.com
https://genius.com/,entertainment,1,6,third_party,6,836260,586131,397218,188913,6,6,6,secure.quantserve.com
https://genius.com/,entertainment,1,6,listed,6,9974,585255,397218,188037,6,6,6,secure.quantserve.com
https://globo.com/,news,0,0,page,6,10193065,0,0,0,0,0,0,
https://globo.com/,news,0,0,third_party,6,9699759,0,0,0,0,0,0,
https://globo.com/,news,0,0,listed,6,2564404,0,0,0,0,0,0,
https://globo.com/,news,0,1,page,6,10175344,17721,196285,-178564,1,1,1,cdn.pendo.io
https://globo.com/,news,0,1,third_party,6,9681284,18475,196285,-177810,1,1,1,cdn.pendo.io
https://globo.com/,news,0,1,listed,6,2384990,179414,196285,-16871,1,1,1,cdn.pendo.io
https://globo.com/,news,0,2,page,6,9792388,400677,389896,10781,8,8,2,pagead2.googlesyndication.com
https://globo.com/,news,0,2,third_party,6,9297943,401816,389896,11920,8,8,2,pagead2.googlesyndication.com
https://globo.com/,news,0,2,listed,6,2138730,425674,389896,35778,8,8,2,pagead2.googlesyndication.com
https://globo.com/,news,0,3,page,6,9217684,975381,647015,328366,3,3,2,securepubads.g.doubleclick.net
https://globo.com/,news,0,3,third_party,6,8723489,976270,647015,329255,3,3,2,securepubads.g.doubleclick.net
https://globo.com/,news,0,3,listed,6,1670816,893588,647015,246573,3,3,2,securepubads.g.doubleclick.net
https://globo.com/,news,0,4,page,6,7962485,2230580,1456478,774102,4,4,3,d39f98ec-9259-4f8b-896d-7ab58be1f900.edge.permutive.app
https://globo.com/,news,0,4,third_party,6,7468439,2231320,1456478,774842,4,4,3,d39f98ec-9259-4f8b-896d-7ab58be1f900.edge.permutive.app
https://globo.com/,news,0,4,listed,6,564247,2000157,1456478,543679,4,4,3,d39f98ec-9259-4f8b-896d-7ab58be1f900.edge.permutive.app
https://globo.com/,news,0,5,page,6,7946092,2246973,1627872,619101,5,5,4,ads.rubiconproject.com
https://globo.com/,news,0,5,third_party,6,7451769,2247990,1627872,620118,5,5,4,ads.rubiconproject.com
https://globo.com/,news,0,5,listed,6,393152,2171252,1627872,543380,5,5,4,ads.rubiconproject.com
https://globo.com/,news,0,6,page,6,4456034,5737031,1831912,3905119,6,6,5,connect.facebook.net
https://globo.com/,news,0,6,third_party,6,3967621,5732138,1831912,3900226,6,6,5,connect.facebook.net
https://globo.com/,news,0,6,listed,6,190498,2373906,1831912,541994,6,6,5,connect.facebook.net
https://globo.com/,news,1,0,page,6,10321452,0,0,0,0,0,0,
https://globo.com/,news,1,0,third_party,6,9828466,0,0,0,0,0,0,
https://globo.com/,news,1,0,listed,6,2706513,0,0,0,0,0,0,
https://globo.com/,news,1,1,page,6,9824405,497047,196285,300762,1,1,1,cdn.pendo.io
https://globo.com/,news,1,1,third_party,6,9330505,497961,196285,301676,1,1,1,cdn.pendo.io
https://globo.com/,news,1,1,listed,6,2341878,364635,196285,168350,1,1,1,cdn.pendo.io
https://globo.com/,news,1,2,page,6,8869547,1451905,1005981,445924,2,2,2,d39f98ec-9259-4f8b-896d-7ab58be1f900.edge.permutive.app
https://globo.com/,news,1,2,third_party,6,8399659,1428807,1005981,422826,2,2,2,d39f98ec-9259-4f8b-896d-7ab58be1f900.edge.permutive.app
https://globo.com/,news,1,2,listed,6,1412802,1293711,1005981,287730,2,2,2,d39f98ec-9259-4f8b-896d-7ab58be1f900.edge.permutive.app
https://globo.com/,news,1,3,page,6,8046812,2274640,1263179,1011461,3,3,3,securepubads.g.doubleclick.net
https://globo.com/,news,1,3,third_party,6,7553125,2275341,1263179,1012162,3,3,3,securepubads.g.doubleclick.net
https://globo.com/,news,1,3,listed,6,622113,2084400,1263179,821221,3,3,3,securepubads.g.doubleclick.net
https://globo.com/,news,1,4,page,6,8021844,2299608,1434573,865035,4,4,4,ads.rubiconproject.com
https://globo.com/,news,1,4,third_party,6,7528558,2299908,1434573,865335,4,4,4,ads.rubiconproject.com
https://globo.com/,news,1,4,listed,6,448165,2258348,1434573,823775,4,4,4,ads.rubiconproject.com
https://globo.com/,news,1,5,page,6,7966218,2355234,1633604,721630,5,5,4,pagead2.googlesyndication.com
https://globo.com/,news,1,5,third_party,6,7470954,2357512,1633604,723908,5,5,4,pagead2.googlesyndication.com
https://globo.com/,news,1,5,listed,6,389959,2316554,1633604,682950,5,5,4,pagead2.googlesyndication.com
https://globo.com/,news,1,6,page,6,7759443,2562009,1837551,724458,6,6,5,connect.facebook.net
https://globo.com/,news,1,6,third_party,6,7265448,2563018,1837551,725467,6,6,5,connect.facebook.net
https://globo.com/,news,1,6,listed,6,185038,2521475,1837551,683924,6,6,5,connect.facebook.net
https://harvard.edu/,reference,0,0,page,4,3144115,0,0,0,0,0,0,
https://harvard.edu/,reference,0,0,third_party,4,689505,0,0,0,0,0,0,
https://harvard.edu/,reference,0,0,listed,4,211061,0,0,0,0,0,0,
https://harvard.edu/,reference,0,1,page,4,3120347,23768,20034,3734,2,2,2,cdn.parsely.com
https://harvard.edu/,reference,0,1,third_party,4,665737,23768,20034,3734,2,2,2,cdn.parsely.com
https://harvard.edu/,reference,0,1,listed,4,187293,23768,20034,3734,2,2,2,cdn.parsely.com
https://harvard.edu/,reference,0,2,page,4,2958266,185849,185150,699,3,3,3,connect.facebook.net
https://harvard.edu/,reference,0,2,third_party,4,503656,185849,185150,699,3,3,3,connect.facebook.net
https://harvard.edu/,reference,0,2,listed,4,25208,185853,185150,703,3,3,3,connect.facebook.net
https://harvard.edu/,reference,0,3,page,4,2934614,209501,208682,819,4,4,4,www.google-analytics.com
https://harvard.edu/,reference,0,3,third_party,4,480202,209303,208682,621,4,4,4,www.google-analytics.com
https://harvard.edu/,reference,0,3,listed,4,1676,209385,208682,703,4,4,4,www.google-analytics.com
https://harvard.edu/,reference,0,4,page,4,2933969,210146,209520,626,5,5,4,region1.analytics.google.com
https://harvard.edu/,reference,0,4,third_party,4,479359,210146,209520,626,5,5,4,region1.analytics.google.com
https://harvard.edu/,reference,0,4,listed,4,838,210223,209520,703,5,5,4,region1.analytics.google.com
https://harvard.edu/,reference,1,0,page,4,3141390,0,0,0,0,0,0,
https://harvard.edu/,reference,1,0,third_party,4,686780,0,0,0,0,0,0,
https://harvard.edu/,reference,1,0,listed,4,207538,0,0,0,0,0,0,
https://harvard.edu/,reference,1,1,page,4,2978609,162781,161593,1188,1,1,1,connect.facebook.net
https://harvard.edu/,reference,1,1,third_party,4,523999,162781,161593,1188,1,1,1,connect.facebook.net
https://harvard.edu/,reference,1,1,listed,4,45471,162067,161593,474,1,1,1,connect.facebook.net
https://harvard.edu/,reference,1,2,page,4,2955074,186316,185125,1191,2,2,2,www.google-analytics.com
https://harvard.edu/,reference,1,2,third_party,4,500464,186316,185125,1191,2,2,2,www.google-analytics.com
https://harvard.edu/,reference,1,2,listed,4,21939,185599,185125,474,2,2,2,www.google-analytics.com
https://harvard.edu/,reference,1,3,page,4,2954237,187153,185963,1190,3,3,2,region1.analytics.google.com
https://harvard.edu/,reference,1,3,third_party,4,499627,187153,185963,1190,3,3,2,region1.analytics.google.com
https://harvard.edu/,reference,1,3,listed,4,21101,186437,185963,474,3,3,2,region1.analytics.google.com
https://harvard.edu/,reference,1,4,page,4,2933972,207418,205997,1421,5,5,4,cdn.parsely.com
https://harvard.edu/,reference,1,4,third_party,4,479362,207418,205997,1421,5,5,4,cdn.parsely.com
https://harvard.edu/,reference,1,4,listed,4,838,206700,205997,703,5,5,4,cdn.parsely.com
https://hbr.org/,news,0,0,page,6,6160734,0,0,0,0,0,0,
https://hbr.org/,news,0,0,third_party,6,5123686,0,0,0,0,0,0,
https://hbr.org/,news,0,0,listed,6,2092778,0,0,0,0,0,0,
https://hbr.org/,news,0,1,page,6,3603372,2557362,21732,2535630,1,1,1,www.google-analytics.com
https://hbr.org/,news,0,1,third_party,6,2566318,2557368,21732,2535636,1,1,1,www.google-analytics.com
https://hbr.org/,news,0,1,listed,6,509073,1583705,21732,1561973,1,1,1,www.google-analytics.com
https://hbr.org/,news,0,2,page,6,7159642,-998908,71368,-1070276,2,2,2,ak.sail-horizon.com
https://hbr.org/,news,0,2,third_party,6,2516180,2607506,71368,2536138,2,2,2,ak.sail-horizon.com
https://hbr.org/,news,0,2,listed,6,458592,1634186,71368,1562818,2,2,2,ak.sail-horizon.com
https://hbr.org/,news,0,3,page,6,7105695,-944961,124308,-1069269,3,3,3,b-code.liadm.com
https://hbr.org/,news,0,3,third_party,6,2462233,2661453,124308,2537145,3,3,3,b-code.liadm.com
https://hbr.org/,news,0,3,listed,6,405042,1687736,124308,1563428,3,3,3,b-code.liadm.com
https://hbr.org/,news,0,4,page,6,2991081,3169653,380302,2789351,4,4,4,securepubads.g.doubleclick.net
https://hbr.org/,news,0,4,third_party,6,1954040,3169646,380302,2789344,4,4,4,securepubads.g.doubleclick.net
https://hbr.org/,news,0,4,listed,6,147214,1945564,380302,1565262,4,4,4,securepubads.g.doubleclick.net
https://hbr.org/,news,0,5,page,6,2942203,3218531,399020,2819511,5,5,5,bat.bing.com
https://hbr.org/,news,0,5,third_party,6,1905149,3218537,399020,2819517,5,5,5,bat.bing.com
https://hbr.org/,news,0,5,listed,6,100063,1992715,399020,1593695,5,5,5,bat.bing.com
https://hbr.org/,news,0,6,page,6,6522456,-361722,422938,-784660,6,6,6,snap.licdn.com
https://hbr.org/,news,0,6,third_party,6,1878988,3244698,422938,2821760,6,6,6,snap.licdn.com
https://hbr.org/,news,0,6,listed,6,73681,2019097,422938,1596159,6,6,6,snap.licdn.com
https://hbr.org/,news,1,0,page,6,3626310,0,0,0,0,0,0,
https://hbr.org/,news,1,0,third_party,6,2589269,0,0,0,0,0,0,
https://hbr.org/,news,1,0,listed,6,531997,0,0,0,0,0,0,
https://hbr.org/,news,1,1,page,6,7212768,-3586458,21732,-3608190,1,1,1,www.google-analytics.com
https://hbr.org/,news,1,1,third_party,6,2569307,19962,21732,-1770,1,1,1,www.google-analytics.com
https://hbr.org/,news,1,1,listed,6,510864,21133,21732,-599,1,1,1,www.google-analytics.com
https://hbr.org/,news,1,2,page,6,3094249,532061,277729,254332,2,2,2,securepubads.g.doubleclick.net
https://hbr.org/,news,1,2,third_party,6,2057198,532071,277729,254342,2,2,2,securepubads.g.doubleclick.net
https://hbr.org/,news,1,2,listed,6,251797,280200,277729,2471,2,2,2,securepubads.g.doubleclick.net
https://hbr.org/,news,1,3,page,6,6646556,-3020246,330669,-3350915,3,3,3,b-code.liadm.com
https://hbr.org/,news,1,3,third_party,6,2003098,586171,330669,255502,3,3,3,b-code.liadm.com
https://hbr.org/,news,1,3,listed,6,197818,334179,330669,3510,3,3,3,b-code.liadm.com
https://hbr.org/,news,1,4,page,6,2992650,633660,349387,284273,4,4,4,bat.bing.com
https://hbr.org/,news,1,4,third_party,6,1955599,633670,349387,284283,4,4,4,bat.bing.com
https://hbr.org/,news,1,4,listed,6,151307,380690,349387,31303,4,4,4,bat.bing.com
https://hbr.org/,news,1,5,page,6,6547646,-2921336,399023,-3320359,5,5,5,ak.sail-horizon.com
https://hbr.org/,news,1,5,third_party,6,1904184,685085,399023,286062,5,5,5,ak.sail-horizon.com
https://hbr.org/,news,1,5,listed,6,99877,432120,399023,33097,5,5,5,ak.sail-horizon.com
https://hbr.org/,news,1,6,page,6,6519668,-2893358,422941,-3316299,6,6,6,snap.licdn.com
https://hbr.org/,news,1,6,third_party,6,1876207,713062,422941,290121,6,6,6,snap.licdn.com
https://hbr.org/,news,1,6,listed,6,71978,460019,422941,37078,6,6,6,snap.licdn.com
https://imgsmail.ru/,infrastructure,0,0,page,5,13461753,0,0,0,0,0,0,
https://imgsmail.ru/,infrastructure,0,0,third_party,5,12497882,0,0,0,0,0,0,
https://imgsmail.ru/,infrastructure,0,0,listed,5,1035429,0,0,0,0,0,0,
https://imgsmail.ru/,infrastructure,0,1,page,5,9455710,4006043,62525,3943518,2,2,2,top-fwz1.mail.ru
https://imgsmail.ru/,infrastructure,0,1,third_party,5,8491832,4006050,62525,3943525,2,2,2,top-fwz1.mail.ru
https://imgsmail.ru/,infrastructure,0,1,listed,5,1225345,-189916,62525,-252441,2,2,2,top-fwz1.mail.ru
https://imgsmail.ru/,infrastructure,0,2,page,5,7911447,5550306,214563,5335743,5,5,5,mc.yandex.ru
https://imgsmail.ru/,infrastructure,0,2,third_party,5,6947566,5550316,214563,5335753,5,5,5,mc.yandex.ru
https://imgsmail.ru/,infrastructure,0,2,listed,5,939061,96368,214563,-118195,5,5,5,mc.yandex.ru
https://imgsmail.ru/,infrastructure,0,3,page,5,7221283,6240470,777146,5463324,8,8,8,yandex.ru
https://imgsmail.ru/,infrastructure,0,3,third_party,5,6257411,6240471,777146,5463325,8,8,8,yandex.ru
https://imgsmail.ru/,infrastructure,0,3,listed,5,414178,621251,777146,-155895,8,8,8,yandex.ru
https://imgsmail.ru/,infrastructure,0,4,page,5,7866348,5595405,802623,4792782,8,8,8,mc.yandex.com
https://imgsmail.ru/,infrastructure,0,4,third_party,5,6902475,5595407,802623,4792784,8,8,8,mc.yandex.com
https://imgsmail.ru/,infrastructure,0,4,listed,5,416315,619114,802623,-183509,8,8,8,mc.yandex.com
https://imgsmail.ru/,infrastructure,0,5,page,5,7803923,5657830,840993,4816837,10,10,10,vk.com
https://imgsmail.ru/,infrastructure,0,5,third_party,5,6838810,5659072,840993,4818079,10,10,10,vk.com
https://imgsmail.ru/,infrastructure,0,5,listed,5,373031,662398,840993,-178595,10,10,10,vk.com
https://imgsmail.ru/,infrastructure,1,0,page,5,15135033,0,0,0,0,0,0,
https://imgsmail.ru/,infrastructure,1,0,third_party,5,14170740,0,0,0,0,0,0,
https://imgsmail.ru/,infrastructure,1,0,listed,5,1033452,0,0,0,0,0,0,
https://imgsmail.ru/,infrastructure,1,1,page,5,11947647,3187386,557815,2629571,6,6,6,yandex.ru
https://imgsmail.ru/,infrastructure,1,1,third_party,5,10983774,3186966,557815,2629151,6,6,6,yandex.ru
https://imgsmail.ru/,infrastructure,1,1,listed,5,521157,512295,557815,-45520,6,6,6,yandex.ru
https://imgsmail.ru/,infrastructure,1,2,page,5,7537801,7597232,620340,6976892,8,8,8,top-fwz1.mail.ru
https://imgsmail.ru/,infrastructure,1,2,third_party,5,6573931,7596809,620340,6976469,8,8,8,top-fwz1.mail.ru
https://imgsmail.ru/,infrastructure,1,2,listed,5,417072,616380,620340,-3960,8,8,8,top-fwz1.mail.ru
https://imgsmail.ru/,infrastructure,1,3,page,5,7583319,7551714,772378,6779336,8,8,8,mc.yandex.ru
https://imgsmail.ru/,infrastructure,1,3,third_party,5,6619439,7551301,772378,6778923,8,8,8,mc.yandex.ru
https://imgsmail.ru/,infrastructure,1,3,listed,5,414599,618853,772378,-153525,8,8,8,mc.yandex.ru
https://imgsmail.ru/,infrastructure,1,4,page,5,7092915,8042118,812178,7229940,10,10,10,vk.com
https://imgsmail.ru/,infrastructure,1,4,third_party,5,6129040,8041700,812178,7229522,10,10,10,vk.com
https://imgsmail.ru/,infrastructure,1,4,listed,5,374893,658559,812178,-153619,10,10,10,vk.com
https://imgsmail.ru/,infrastructure,1,5,page,5,7414568,7720465,837654,6882811,10,10,10,mc.yandex.com
https://imgsmail.ru/,infrastructure,1,5,third_party,5,6456605,7714135,837654,6876481,10,10,10,mc.yandex.com
https://imgsmail.ru/,infrastructure,1,5,listed,5,377119,656333,837654,-181321,10,10,10,mc.yandex.com
https://imgur.com/,social,0,0,page,6,6136903,0,0,0,0,0,0,
https://imgur.com/,social,0,0,third_party,6,1984967,0,0,0,0,0,0,
https://imgur.com/,social,0,0,listed,6,635150,0,0,0,0,0,0,
https://imgur.com/,social,0,1,page,6,5942059,194844,22659,172185,2,2,2,www.google-analytics.com
https://imgur.com/,social,0,1,third_party,6,1790125,194842,22659,172183,2,2,2,www.google-analytics.com
https://imgur.com/,social,0,1,listed,6,612053,23097,22659,438,2,2,2,www.google-analytics.com
https://imgur.com/,social,0,2,page,6,5887582,249321,59135,190186,4,4,4,btloader.com
https://imgur.com/,social,0,2,third_party,6,1735637,249330,59135,190195,4,4,4,btloader.com
https://imgur.com/,social,0,2,listed,6,558361,76789,59135,17654,4,4,4,btloader.com
https://imgur.com/,social,0,3,page,6,5779176,357727,107587,250140,5,5,5,quicklyedit.com
https://imgur.com/,social,0,3,third_party,6,1627222,357745,107587,250158,5,5,5,quicklyedit.com
https://imgur.com/,social,0,3,listed,6,509724,125426,107587,17839,5,5,5,quicklyedit.com
https://imgur.com/,social,0,4,page,6,5372045,764858,364983,399875,7,7,6,securepubads.g.doubleclick.net
https://imgur.com/,social,0,4,third_party,6,1220088,764879,364983,399896,7,7,6,securepubads.g.doubleclick.net
https://imgur.com/,social,0,4,listed,6,351083,284067,364983,-80916,7,7,6,securepubads.g.doubleclick.net
https://imgur.com/,social,0,5,page,6,5392485,744418,370842,373576,7,7,6,ad.doubleclick.net
https://imgur.com/,social,0,5,third_party,6,1240538,744429,370842,373587,7,7,6,ad.doubleclick.net
https://imgur.com/,social,0,5,listed,6,372805,262345,370842,-108497,7,7,6,ad.doubleclick.net
https://imgur.com/,social,0,6,page,6,5580136,556767,399803,156964,9,9,8,ced.sascdn.com
https://imgur.com/,social,0,6,third_party,6,1428194,556773,399803,156970,9,9,8,ced.sascdn.com
https://imgur.com/,social,0,6,listed,6,471765,163385,399803,-236418,9,9,8,ced.sascdn.com
https://imgur.com/,social,1,0,page,6,6244813,0,0,0,0,0,0,
https://imgur.com/,social,1,0,third_party,6,2092864,0,0,0,0,0,0,
https://imgur.com/,social,1,0,listed,6,742867,0,0,0,0,0,0,
https://imgur.com/,social,1,1,page,6,5940903,303910,22659,281251,2,2,2,www.google-analytics.com
https://imgur.com/,social,1,1,third_party,6,1789414,303450,22659,280791,2,2,2,www.google-analytics.com
https://imgur.com/,social,1,1,listed,6,611366,131501,22659,108842,2,2,2,www.google-analytics.com
https://imgur.com/,social,1,2,page,6,5734057,510756,280236,230520,4,4,3,securepubads.g.doubleclick.net
https://imgur.com/,social,1,2,third_party,6,1582566,510298,280236,230062,4,4,3,securepubads.g.doubleclick.net
https://imgur.com/,social,1,2,listed,6,555916,186951,280236,-93285,4,4,3,securepubads.g.doubleclick.net
https://imgur.com/,social,1,3,page,6,5594965,649848,328668,321180,5,5,4,quicklyedit.com
https://imgur.com/,social,1,3,third_party,6,1443488,649376,328668,320708,5,5,4,quicklyedit.com
https://imgur.com/,social,1,3,listed,6,574991,167876,328668,-160792,5,5,4,quicklyedit.com
https://imgur.com/,social,1,4,page,6,5512155,732658,334527,398131,7,7,4,ad.doubleclick.net
https://imgur.com/,social,1,4,third_party,6,1360664,732200,334527,397673,7,7,4,ad.doubleclick.net
https://imgur.com/,social,1,4,listed,6,492258,250609,334527,-83918,7,7,4,ad.doubleclick.net
https://imgur.com/,social,1,5,page,6,5499854,744959,379086,365873,7,7,6,btloader.com
https://imgur.com/,social,1,5,third_party,6,1348369,744495,379086,365409,7,7,6,btloader.com
https://imgur.com/,social,1,5,listed,6,412017,330850,379086,-48236,7,7,6,btloader.com
https://imgur.com/,social,1,6,page,6,5569046,675767,408047,267720,9,9,8,ced.sascdn.com
https://imgur.com/,social,1,6,third_party,6,1417093,675771,408047,267724,9,9,8,ced.sascdn.com
https://imgur.com/,social,1,6,listed,6,464534,278333,408047,-129714,9,9,8,ced.sascdn.com
https://inmobi.com/,productivity,0,0,page,6,2144298,0,0,0,0,0,0,
https://inmobi.com/,productivity,0,0,third_party,6,1812498,0,0,0,0,0,0,
https://inmobi.com/,productivity,0,0,listed,6,998346,0,0,0,0,0,0,
https://inmobi.com/,productivity,0,1,page,6,2116412,27886,23926,3960,1,1,1,tag.demandbase.com
https://inmobi.com/,productivity,0,1,third_party,6,1784615,27883,23926,3957,1,1,1,tag.demandbase.com
https://inmobi.com/,productivity,0,1,listed,6,970428,27918,23926,3992,1,1,1,tag.demandbase.com
https://inmobi.com/,productivity,0,2,page,6,2047590,96708,59310,37398,2,2,2,s.adroll.com
https://inmobi.com/,productivity,0,2,third_party,6,1715791,96707,59310,37397,2,2,2,s.adroll.com
https://inmobi.com/,productivity,0,2,listed,6,901608,96738,59310,37428,2,2,2,s.adroll.com
https://inmobi.com/,productivity,0,3,page,6,2001856,142442,103383,39059,3,3,3,js.hs-analytics.net
https://inmobi.com/,productivity,0,3,third_party,6,1670059,142439,103383,39056,3,3,3,js.hs-analytics.net
https://inmobi.com/,productivity,0,3,listed,6,855875,142471,103383,39088,3,3,3,js.hs-analytics.net
https://inmobi.com/,productivity,0,4,page,6,1954611,189687,151166,38521,5,5,5,snap.licdn.com
https://inmobi.com/,productivity,0,4,third_party,6,1622811,189687,151166,38521,5,5,5,snap.licdn.com
https://inmobi.com/,productivity,0,4,listed,6,807107,191239,151166,40073,5,5,5,snap.licdn.com
https://inmobi.com/,productivity,0,5,page,6,1929196,215102,174298,40804,6,6,6,www.google-analytics.com
https://inmobi.com/,productivity,0,5,third_party,6,1597731,214767,174298,40469,6,6,6,www.google-analytics.com
https://inmobi.com/,productivity,0,5,listed,6,783548,214798,174298,40500,6,6,6,www.google-analytics.com
https://inmobi.com/,productivity,0,6,page,6,1898523,245775,203947,41828,7,7,7,js.hubspot.com
https://inmobi.com/,productivity,0,6,third_party,6,1566724,245774,203947,41827,7,7,7,js.hubspot.com
https://inmobi.com/,productivity,0,6,listed,6,752039,246307,203947,42360,7,7,7,js.hubspot.com
https://inmobi.com/,productivity,1,0,page,6,2144674,0,0,0,0,0,0,
https://inmobi.com/,productivity,1,0,third_party,6,1813209,0,0,0,0,0,0,
https://inmobi.com/,productivity,1,0,listed,6,999032,0,0,0,0,0,0,
https://inmobi.com/,productivity,1,1,page,6,2113580,31094,23926,7168,1,1,1,tag.demandbase.com
https://inmobi.com/,productivity,1,1,third_party,6,1781780,31429,23926,7503,1,1,1,tag.demandbase.com
https://inmobi.com/,productivity,1,1,listed,6,967600,31432,23926,7506,1,1,1,tag.demandbase.com
https://inmobi.com/,productivity,1,2,page,6,2063576,81098,71709,9389,3,3,3,snap.licdn.com
https://inmobi.com/,productivity,1,2,third_party,6,1732112,81097,71709,9388,3,3,3,snap.licdn.com
https://inmobi.com/,productivity,1,2,listed,6,917932,81100,71709,9391,3,3,3,snap.licdn.com
https://inmobi.com/,productivity,1,3,page,6,2016442,128232,115783,12449,4,4,4,js.hs-analytics.net
https://inmobi.com/,productivity,1,3,third_party,6,1684642,128567,115783,12784,4,4,4,js.hs-analytics.net
https://inmobi.com/,productivity,1,3,listed,6,870413,128619,115783,12836,4,4,4,js.hs-analytics.net
https://inmobi.com/,productivity,1,4,page,6,1996105,148569,138914,9655,5,5,5,www.google-analytics.com
https://inmobi.com/,productivity,1,4,third_party,6,1664307,148902,138914,9988,5,5,5,www.google-analytics.com
https://inmobi.com/,productivity,1,4,listed,6,850144,148888,138914,9974,5,5,5,www.google-analytics.com
https://inmobi.com/,productivity,1,5,page,6,1929499,215175,174151,41024,6,6,6,s.adroll.com
https://inmobi.com/,productivity,1,5,third_party,6,1597700,215509,174151,41358,6,6,6,s.adroll.com
https://inmobi.com/,productivity,1,5,listed,6,783538,215494,174151,41343,6,6,6,s.adroll.com
https://inmobi.com/,productivity,1,6,page,6,1897209,247465,203797,43668,7,7,7,js.hubspot.com
https://inmobi.com/,productivity,1,6,third_party,6,1565410,247799,203797,44002,7,7,7,js.hubspot.com
https://inmobi.com/,productivity,1,6,listed,6,752288,246744,203797,42947,7,7,7,js.hubspot.com
https://ipify.org/,infrastructure,0,0,page,6,1252877,0,0,0,0,0,0,
https://ipify.org/,infrastructure,0,0,third_party,6,1048748,0,0,0,0,0,0,
https://ipify.org/,infrastructure,0,0,listed,6,176423,0,0,0,0,0,0,
https://ipify.org/,infrastructure,0,1,page,6,907947,344930,5912,339018,1,1,1,js.hsadspixel.net
https://ipify.org/,infrastructure,0,1,third_party,6,704195,344553,5912,338641,1,1,1,js.hsadspixel.net
https://ipify.org/,infrastructure,0,1,listed,6,163562,12861,5912,6949,1,1,1,js.hsadspixel.net
https://ipify.org/,infrastructure,0,2,page,6,882880,369997,30981,339016,2,2,2,js.hs-banner.com
https://ipify.org/,infrastructure,0,2,third_party,6,679127,369621,30981,338640,2,2,2,js.hs-banner.com
https://ipify.org/,infrastructure,0,2,listed,6,138501,37922,30981,6941,2,2,2,js.hs-banner.com
https://ipify.org/,infrastructure,0,3,page,6,849365,403512,62245,341267,3,3,3,js.hubspot.com
https://ipify.org/,infrastructure,0,3,third_party,6,645237,403511,62245,341266,3,3,3,js.hubspot.com
https://ipify.org/,infrastructure,0,3,listed,6,105630,70793,62245,8548,3,3,3,js.hubspot.com
https://ipify.org/,infrastructure,0,4,page,6,717350,535527,106100,429427,4,4,4,js.hs-analytics.net
https://ipify.org/,infrastructure,0,4,third_party,6,513219,535529,106100,429429,4,4,4,js.hs-analytics.net
https://ipify.org/,infrastructure,0,4,listed,6,63634,112789,106100,6689,4,4,4,js.hs-analytics.net
https://ipify.org/,infrastructure,0,5,page,6,708231,544646,110398,434248,6,6,6,script.crazyegg.com
https://ipify.org/,infrastructure,0,5,third_party,6,504102,544646,110398,434248,6,6,6,script.crazyegg.com
https://ipify.org/,infrastructure,0,5,listed,6,54507,121916,110398,11518,6,6,6,script.crazyegg.com
https://ipify.org/,infrastructure,0,6,page,6,686493,566384,132130,434254,7,7,7,www.google-analytics.com
https://ipify.org/,infrastructure,0,6,third_party,6,482366,566382,132130,434252,7,7,7,www.google-analytics.com
https://ipify.org/,infrastructure,0,6,listed,6,32774,143649,132130,11519,7,7,7,www.google-analytics.com
https://ipify.org/,infrastructure,1,0,page,6,1248053,0,0,0,0,0,0,
https://ipify.org/,infrastructure,1,0,third_party,6,1043924,0,0,0,0,0,0,
https://ipify.org/,infrastructure,1,0,listed,6,171554,0,0,0,0,0,0,
https://ipify.org/,infrastructure,1,1,page,6,886585,361468,5913,355555,1,1,1,js.hsadspixel.net
https://ipify.org/,infrastructure,1,1,third_party,6,682453,361471,5913,355558,1,1,1,js.hsadspixel.net
https://ipify.org/,infrastructure,1,1,listed,6,141846,29708,5913,23795,1,1,1,js.hsadspixel.net
https://ipify.org/,infrastructure,1,2,page,6,771476,476577,49772,426805,2,2,2,js.hs-analytics.net
https://ipify.org/,infrastructure,1,2,third_party,6,567347,476577,49772,426805,2,2,2,js.hs-analytics.net
https://ipify.org/,infrastructure,1,2,listed,6,116740,54814,49772,5042,2,2,2,js.hs-analytics.net
https://ipify.org/,infrastructure,1,3,page,6,737240,510813,81039,429774,3,3,3,js.hubspot.com
https://ipify.org/,infrastructure,1,3,third_party,6,533461,510463,81039,429424,3,3,3,js.hubspot.com
https://ipify.org/,infrastructure,1,3,listed,6,83873,87681,81039,6642,3,3,3,js.hubspot.com
https://ipify.org/,infrastructure,1,4,page,6,733290,514763,85337,429426,5,5,5,script.crazyegg.com
https://ipify.org/,infrastructure,1,4,third_party,6,529161,514763,85337,429426,5,5,5,script.crazyegg.com
https://ipify.org/,infrastructure,1,4,listed,6,79576,91978,85337,6641,5,5,5,script.crazyegg.com
https://ipify.org/,infrastructure,1,5,page,6,707867,540186,110406,429780,6,6,6,js.hs-banner.com
https://ipify.org/,infrastructure,1,5,third_party,6,504089,539835,110406,429429,6,6,6,js.hs-banner.com
https://ipify.org/,infrastructure,1,5,listed,6,54507,117047,110406,6641,6,6,6,js.hs-banner.com
https://ipify.org/,infrastructure,1,6,page,6,686487,561566,132138,429428,7,7,7,www.google-analytics.com
https://ipify.org/,infrastructure,1,6,third_party,6,482358,561566,132138,429428,7,7,7,www.google-analytics.com
https://ipify.org/,infrastructure,1,6,listed,6,32769,138785,132138,6647,7,7,7,www.google-analytics.com
https://ivi.ru/,entertainment,0,0,page,6,2707291,0,0,0,0,0,0,
https://ivi.ru/,entertainment,0,0,third_party,6,736643,0,0,0,0,0,0,
https://ivi.ru/,entertainment,0,0,listed,6,279101,0,0,0,0,0,0,
https://ivi.ru/,entertainment,0,1,page,6,2700822,6469,5601,868,4,3,1,mc.yandex.com
https://ivi.ru/,entertainment,0,1,third_party,6,730299,6344,5601,743,4,3,1,mc.yandex.com
https://ivi.ru/,entertainment,0,1,listed,6,272758,6343,5601,742,4,3,1,mc.yandex.com
https://ivi.ru/,entertainment,0,2,page,6,2623408,83883,60544,23339,6,5,3,top-fwz1.mail.ru
https://ivi.ru/,entertainment,0,2,third_party,6,652759,83884,60544,23340,6,5,3,top-fwz1.mail.ru
https://ivi.ru/,entertainment,0,2,listed,6,195214,83887,60544,23343,6,5,3,top-fwz1.mail.ru
https://ivi.ru/,entertainment,0,3,page,6,2665702,41589,139297,-97708,7,6,4,api.flocktory.com
https://ivi.ru/,entertainment,0,3,third_party,6,573777,162866,139297,23569,7,6,4,api.flocktory.com
https://ivi.ru/,entertainment,0,3,listed,6,115858,163243,139297,23946,7,6,4,api.flocktory.com
https://ivi.ru/,entertainment,0,4,page,6,2573819,133472,231305,-97833,4,4,4,mc.yandex.ru
https://ivi.ru/,entertainment,0,4,third_party,6,481870,254773,231305,23468,4,4,4,mc.yandex.ru
https://ivi.ru/,entertainment,0,4,listed,6,24453,254648,231305,23343,4,4,4,mc.yandex.ru
https://ivi.ru/,entertainment,0,5,page,6,2446015,261276,235971,25305,8,8,6,ad.adriver.ru
https://ivi.ru/,entertainment,0,5,third_party,6,476179,260464,235971,24493,8,8,6,ad.adriver.ru
https://ivi.ru/,entertainment,0,5,listed,6,18628,260473,235971,24502,8,8,6,ad.adriver.ru
https://ivi.ru/,entertainment,0,6,page,6,2471796,235495,253443,-17948,5,5,5,content.adriver.ru
https://ivi.ru/,entertainment,0,6,third_party,6,458595,278048,253443,24605,5,5,5,content.adriver.ru
https://ivi.ru/,entertainment,0,6,listed,6,1156,277945,253443,24502,5,5,5,content.adriver.ru
https://ivi.ru/,entertainment,1,0,page,6,2749288,0,0,0,0,0,0,
https://ivi.ru/,entertainment,1,0,third_party,6,735767,0,0,0,0,0,0,
https://ivi.ru/,entertainment,1,0,listed,6,278337,0,0,0,0,0,0,
https://ivi.ru/,entertainment,1,1,page,6,2702136,47152,5581,41571,4,3,1,mc.yandex.com
https://ivi.ru/,entertainment,1,1,third_party,6,731611,4156,5581,-1425,4,3,1,mc.yandex.com
https://ivi.ru/,entertainment,1,1,listed,6,273553,4784,5581,-797,4,3,1,mc.yandex.com
https://ivi.ru/,entertainment,1,2,page,6,2609640,139648,97589,42059,1,1,1,mc.yandex.ru
https://ivi.ru/,entertainment,1,2,third_party,6,639111,96656,97589,-933,1,1,1,mc.yandex.ru
https://ivi.ru/,entertainment,1,2,listed,6,181564,96773,97589,-816,1,1,1,mc.yandex.ru
https://ivi.ru/,entertainment,1,3,page,6,2530718,218570,176340,42230,2,2,2,api.flocktory.com
https://ivi.ru/,entertainment,1,3,third_party,6,560187,175580,176340,-760,2,2,2,api.flocktory.com
https://ivi.ru/,entertainment,1,3,listed,6,102134,176203,176340,-137,2,2,2,api.flocktory.com
https://ivi.ru/,entertainment,1,4,page,6,2567397,181891,180265,1626,6,6,4,ad.adriver.ru
https://ivi.ru/,entertainment,1,4,third_party,6,553732,182035,180265,1770,6,6,4,ad.adriver.ru
https://ivi.ru/,entertainment,1,4,listed,6,96307,182030,180265,1765,6,6,4,ad.adriver.ru
https://ivi.ru/,entertainment,1,5,page,6,2445871,303417,235208,68209,8,8,6,top-fwz1.mail.ru
https://ivi.ru/,entertainment,1,5,third_party,6,475563,260204,235208,24996,8,8,6,top-fwz1.mail.ru
https://ivi.ru/,entertainment,1,5,listed,6,18021,260316,235208,25108,8,8,6,top-fwz1.mail.ru
https://ivi.ru/,entertainment,1,6,page,6,2428593,320695,252680,68015,5,5,5,content.adriver.ru
https://ivi.ru/,entertainment,1,6,third_party,6,458068,277699,252680,25019,5,5,5,content.adriver.ru
https://ivi.ru/,entertainment,1,6,listed,6,549,277788,252680,25108,5,5,5,content.adriver.ru
https://kick.com/,entertainment,0,0,page,5,10103901,0,0,0,0,0,0,
https://kick.com/,entertainment,0,0,third_party,5,5764608,0,0,0,0,0,0,
https://kick.com/,entertainment,0,0,listed,5,1102346,0,0,0,0,0,0,
https://kick.com/,entertainment,0,1,page,5,10050469,53432,166858,-113426,1,1,1,analytics.tiktok.com
https://kick.com/,entertainment,0,1,third_party,5,5694303,70305,166858,-96553,1,1,1,analytics.tiktok.com
https://kick.com/,entertainment,0,1,listed,5,934887,167459,166858,601,1,1,1,analytics.tiktok.com
https://kick.com/,entertainment,0,2,page,5,9968021,135880,425343,-289463,6,4,2,pagead2.googlesyndication.com
https://kick.com/,entertainment,0,2,third_party,5,5603303,161305,425343,-264038,6,4,2,pagead2.googlesyndication.com
https://kick.com/,entertainment,0,2,listed,5,677107,425239,425343,-104,6,4,2,pagead2.googlesyndication.com
https://kick.com/,entertainment,0,3,page,5,8728696,1375205,684270,690935,7,5,3,connect.facebook.net
https://kick.com/,entertainment,0,3,third_party,5,3500597,2264011,684270,1579741,7,5,3,connect.facebook.net
https://kick.com/,entertainment,0,3,listed,5,417586,684760,684270,490,7,5,3,connect.facebook.net
https://kick.com/,entertainment,0,4,page,5,9672885,431016,685912,-254896,9,7,3,region1.google-analytics.com
https://kick.com/,entertainment,0,4,third_party,5,5323448,441160,685912,-244752,9,7,3,region1.google-analytics.com
https://kick.com/,entertainment,0,4,listed,5,415945,686401,685912,489,9,7,3,region1.google-analytics.com
https://kick.com/,entertainment,0,5,page,5,9699983,403918,701416,-297498,10,8,4,a.quora.com
https://kick.com/,entertainment,0,5,third_party,5,4463203,1301405,701416,599989,10,8,4,a.quora.com
https://kick.com/,entertainment,0,5,listed,5,400440,701906,701416,490,10,8,4,a.quora.com
https://kick.com/,entertainment,1,0,page,5,10290970,0,0,0,0,0,0,
https://kick.com/,entertainment,1,0,third_party,5,5946502,0,0,0,0,0,0,
https://kick.com/,entertainment,1,0,listed,5,1101455,0,0,0,0,0,0,
https://kick.com/,entertainment,1,1,page,5,10341123,-50153,258927,-309080,1,1,1,connect.facebook.net
https://kick.com/,entertainment,1,1,third_party,5,5948876,-2374,258927,-261301,1,1,1,connect.facebook.net
https://kick.com/,entertainment,1,1,listed,5,840966,260489,258927,1562,1,1,1,connect.facebook.net
https://kick.com/,entertainment,1,2,page,5,9928063,362907,425396,-62489,2,2,2,analytics.tiktok.com
https://kick.com/,entertainment,1,2,third_party,5,5553653,392849,425396,-32547,2,2,2,analytics.tiktok.com
https://kick.com/,entertainment,1,2,listed,5,674290,427165,425396,1769,2,2,2,analytics.tiktok.com
https://kick.com/,entertainment,1,3,page,5,9607119,683851,683380,471,7,5,3,pagead2.googlesyndication.com
https://kick.com/,entertainment,1,3,third_party,5,5222478,724024,683380,40644,7,5,3,pagead2.googlesyndication.com
https://kick.com/,entertainment,1,3,listed,5,417586,683869,683380,489,7,5,3,pagead2.googlesyndication.com
https://kick.com/,entertainment,1,4,page,5,10635550,-344580,698884,-1043464,8,6,4,a.quora.com
https://kick.com/,entertainment,1,4,third_party,5,5381053,565449,698884,-133435,8,6,4,a.quora.com
https://kick.com/,entertainment,1,4,listed,5,402084,699371,698884,487,8,6,4,a.quora.com
https://kick.com/,entertainment,1,5,page,5,7971160,2319810,700526,1619284,10,8,4,region1.google-analytics.com
https://kick.com/,entertainment,1,5,third_party,5,3590683,2355819,700526,1655293,10,8,4,region1.google-analytics.com
https://kick.com/,entertainment,1,5,listed,5,400443,701012,700526,486,10,8,4,region1.google-analytics.com
https://livejournal.com/,social,0,0,page,6,4643127,0,0,0,0,0,0,
https://livejournal.com/,social,0,0,third_party,6,4227063,0,0,0,0,0,0,
https://livejournal.com/,social,0,0,listed,6,660078,0,0,0,0,0,0,
https://livejournal.com/,social,0,1,page,6,3263975,1379152,44493,1334659,1,1,1,cdn-s01.rambler.ru
https://livejournal.com/,social,0,1,third_party,6,2849063,1378000,44493,1333507,1,1,1,cdn-s01.rambler.ru
https://livejournal.com/,social,0,1,listed,6,607253,52825,44493,8332,1,1,1,cdn-s01.rambler.ru
https://livejournal.com/,social,0,2,page,6,3006499,1636628,136713,1499915,2,2,2,mc.webvisor.org
https://livejournal.com/,social,0,2,third_party,6,2590488,1636575,136713,1499862,2,2,2,mc.webvisor.org
https://livejournal.com/,social,0,2,listed,6,477486,182592,136713,45879,2,2,2,mc.webvisor.org
https://livejournal.com/,social,0,3,page,6,2268736,2374391,244759,2129632,4,4,4,ssp.rambler.ru
https://livejournal.com/,social,0,3,third_party,6,1853624,2373439,244759,2128680,4,4,4,ssp.rambler.ru
https://livejournal.com/,social,0,3,listed,6,96874,563204,244759,318445,4,4,4,ssp.rambler.ru
https://livejournal.com/,social,0,4,page,6,2270129,2372998,484689,1888309,4,4,4,yandex.ru
https://livejournal.com/,social,0,4,third_party,6,1855029,2372034,484689,1887345,4,4,4,yandex.ru
https://livejournal.com/,social,0,4,listed,6,96875,563203,484689,78514,4,4,4,yandex.ru
https://livejournal.com/,social,0,5,page,6,2219139,2423988,513405,1910583,5,5,5,top-fwz1.mail.ru
https://livejournal.com/,social,0,5,third_party,6,1804087,2422976,513405,1909571,5,5,5,top-fwz1.mail.ru
https://livejournal.com/,social,0,5,listed,6,45930,614148,513405,100743,5,5,5,top-fwz1.mail.ru
https://livejournal.com/,social,0,6,page,6,2218086,2425041,587274,1837767,5,5,5,mc.yandex.ru
https://livejournal.com/,social,0,6,third_party,6,1803215,2423848,587274,1836574,5,5,5,mc.yandex.ru
https://livejournal.com/,social,0,6,listed,6,46488,613590,587274,26316,5,5,5,mc.yandex.ru
https://livejournal.com/,social,1,0,page,6,3078470,0,0,0,0,0,0,
https://livejournal.com/,social,1,0,third_party,6,2662408,0,0,0,0,0,0,
https://livejournal.com/,social,1,0,listed,6,551137,0,0,0,0,0,0,
https://livejournal.com/,social,1,1,page,6,3104933,-26463,44493,-70956,1,1,1,cdn-s01.rambler.ru
https://livejournal.com/,social,1,1,third_party,6,2688868,-26460,44493,-70953,1,1,1,cdn-s01.rambler.ru
https://livejournal.com/,social,1,1,listed,6,574351,-23214,44493,-67707,1,1,1,cdn-s01.rambler.ru
https://livejournal.com/,social,1,2,page,6,2594122,484348,163568,320780,4,2,2,yandex.ru
https://livejournal.com/,social,1,2,third_party,6,2178975,483433,163568,319865,4,2,2,yandex.ru
https://livejournal.com/,social,1,2,listed,6,372980,178157,163568,14589,4,2,2,yandex.ru
https://livejournal.com/,social,1,3,page,6,2373398,705072,271614,433458,3,3,3,ssp.rambler.ru
https://livejournal.com/,social,1,3,third_party,6,1958337,704071,271614,432457,3,3,3,ssp.rambler.ru
https://livejournal.com/,social,1,3,listed,6,201572,349565,271614,77951,3,3,3,ssp.rambler.ru
https://livejournal.com/,social,1,4,page,6,2324295,754175,300330,453845,4,4,4,top-fwz1.mail.ru
https://livejournal.com/,social,1,4,third_party,6,1909460,752948,300330,452618,4,4,4,top-fwz1.mail.ru
https://livejournal.com/,social,1,4,listed,6,151228,399909,300330,99579,4,4,4,top-fwz1.mail.ru
https://livejournal.com/,social,1,5,page,6,2219830,858640,392550,466090,5,5,5,mc.webvisor.org
https://livejournal.com/,social,1,5,third_party,6,1804724,857684,392550,465134,5,5,5,mc.webvisor.org
https://livejournal.com/,social,1,5,listed,6,46543,504594,392550,112044,5,5,5,mc.webvisor.org
https://livejournal.com/,social,1,6,page,6,2219550,858920,392550,466370,5,5,5,mc.yandex.ru
https://livejournal.com/,social,1,6,third_party,6,1804765,857643,392550,465093,5,5,5,mc.yandex.ru
https://livejournal.com/,social,1,6,listed,6,46529,504608,392550,112058,5,5,5,mc.yandex.ru
https://mailchimp.com/,productivity,0,0,page,5,3268117,0,0,0,0,0,0,
https://mailchimp.com/,productivity,0,0,third_party,5,877919,0,0,0,0,0,0,
https://mailchimp.com/,productivity,0,0,listed,5,416300,0,0,0,0,0,0,
https://mailchimp.com/,productivity,0,1,page,5,3179716,88401,32779,55622,4,4,3,cdn.segment.com
https://mailchimp.com/,productivity,0,1,third_party,5,838730,39189,32779,6410,4,4,3,cdn.segment.com
https://mailchimp.com/,productivity,0,1,listed,5,380720,35580,32779,2801,4,4,3,cdn.segment.com
https://mailchimp.com/,productivity,0,2,page,5,3145460,122657,67894,54763,5,5,4,bat.bing.com
https://mailchimp.com/,productivity,0,2,third_party,5,804233,73686,67894,5792,5,5,4,bat.bing.com
https://mailchimp.com/,productivity,0,2,listed,5,348374,67926,67894,32,5,5,4,bat.bing.com
https://mailchimp.com/,productivity,0,3,page,5,3087975,180142,127059,53083,7,7,6,s2.go-mpulse.net
https://mailchimp.com/,productivity,0,3,third_party,5,745893,132026,127059,4967,7,7,6,s2.go-mpulse.net
https://mailchimp.com/,productivity,0,3,listed,5,288454,127846,127059,787,7,7,6,s2.go-mpulse.net
https://mailchimp.com/,productivity,0,4,page,5,3077338,190779,127629,63150,9,9,6,sessions.bugsnag.com
https://mailchimp.com/,productivity,0,4,third_party,5,744776,133143,127629,5514,9,9,6,sessions.bugsnag.com
https://mailchimp.com/,productivity,0,4,listed,5,287330,128970,127629,1341,9,9,6,sessions.bugsnag.com
https://mailchimp.com/,productivity,0,5,page,5,3075333,192784,130117,62667,13,13,6,region1.google-analytics.com
https://mailchimp.com/,productivity,0,5,third_party,5,742776,135143,130117,5026,13,13,6,region1.google-analytics.com
https://mailchimp.com/,productivity,0,5,listed,5,285358,130942,130117,825,13,13,6,region1.google-analytics.com
https://mailchimp.com/,productivity,1,0,page,5,3269023,0,0,0,0,0,0,
https://mailchimp.com/,productivity,1,0,third_party,5,877264,0,0,0,0,0,0,
https://mailchimp.com/,productivity,1,0,listed,5,416535,0,0,0,0,0,0,
https://mailchimp.com/,productivity,1,1,page,5,3208441,60582,59165,1417,2,2,2,s2.go-mpulse.net
https://mailchimp.com/,productivity,1,1,third_party,5,818195,59069,59165,-96,2,2,2,s2.go-mpulse.net
https://mailchimp.com/,productivity,1,1,listed,5,356910,59625,59165,460,2,2,2,s2.go-mpulse.net
https://mailchimp.com/,productivity,1,2,page,5,3114568,154455,91944,62511,6,6,5,cdn.segment.com
https://mailchimp.com/,productivity,1,2,third_party,5,782064,95200,91944,3256,6,6,5,cdn.segment.com
https://mailchimp.com/,productivity,1,2,listed,5,323577,92958,91944,1014,6,6,5,cdn.segment.com
https://mailchimp.com/,productivity,1,3,page,5,3086713,182310,127059,55251,7,7,6,bat.bing.com
https://mailchimp.com/,productivity,1,3,third_party,5,745646,131618,127059,4559,7,7,6,bat.bing.com
https://mailchimp.com/,productivity,1,3,listed,5,288196,128339,127059,1280,7,7,6,bat.bing.com
https://mailchimp.com/,productivity,1,4,page,5,3083579,185444,129547,55897,11,11,6,region1.google-analytics.com
https://mailchimp.com/,productivity,1,4,third_party,5,743945,133319,129547,3772,11,11,6,region1.google-analytics.com
https://mailchimp.com/,productivity,1,4,listed,5,285949,130586,129547,1039,11,11,6,region1.google-analytics.com
https://mailchimp.com/,productivity,1,5,page,5,3290775,-21752,130167,-151919,13,13,6,sessions.bugsnag.com
https://mailchimp.com/,productivity,1,5,third_party,5,742533,134731,130167,4564,13,13,6,sessions.bugsnag.com
https://mailchimp.com/,productivity,1,5,listed,5,285108,131427,130167,1260,13,13,6,sessions.bugsnag.com
https://mlb.com/,news,0,0,page,6,49856126,0,0,0,0,0,0,
https://mlb.com/,news,0,0,third_party,6,23919692,0,0,0,0,0,0,
https://mlb.com/,news,0,0,listed,6,2709058,0,0,0,0,0,0,
https://mlb.com/,news,0,1,page,6,49683358,172768,52794,119974,1,1,1,b-code.liadm.com
https://mlb.com/,news,0,1,third_party,6,23745995,173697,52794,120903,1,1,1,b-code.liadm.com
https://mlb.com/,news,0,1,listed,6,2531834,177224,52794,124430,1,1,1,b-code.liadm.com
https://mlb.com/,news,0,2,page,6,49224987,631139,344051,287088,2,2,2,connect.facebook.net
https://mlb.com/,news,0,2,third_party,6,23293904,625788,344051,281737,2,2,2,connect.facebook.net
https://mlb.com/,news,0,2,listed,6,2239622,469436,344051,125385,2,2,2,connect.facebook.net
https://mlb.com/,news,0,3,page,6,48227152,1628974,838323,790651,16,16,7,pagead2.googlesyndication.com
https://mlb.com/,news,0,3,third_party,6,22305008,1614684,838323,776361,16,16,7,pagead2.googlesyndication.com
https://mlb.com/,news,0,3,listed,6,1482465,1226593,838323,388270,16,16,7,pagead2.googlesyndication.com
https://mlb.com/,news,0,4,page,6,46606429,3249697,1519709,1729988,20,20,11,analytics.tiktok.com
https://mlb.com/,news,0,4,third_party,6,22131563,1788129,1519709,268420,20,20,11,analytics.tiktok.com
https://mlb.com/,news,0,4,listed,6,935125,1773933,1519709,254224,20,20,11,analytics.tiktok.com
https://mlb.com/,news,0,5,page,6,46561578,3294548,1564069,1730479,24,24,13,www.google-analytics.com
https://mlb.com/,news,0,5,third_party,6,22085706,1833986,1564069,269917,24,24,13,www.google-analytics.com
https://mlb.com/,news,0,5,listed,6,887943,1821115,1564069,257046,24,24,13,www.google-analytics.com
https://mlb.com/,news,0,6,page,6,46184324,3671802,1820418,1851384,15,15,13,securepubads.g.doubleclick.net
https://mlb.com/,news,0,6,third_party,6,21708450,2211242,1820418,390824,15,15,13,securepubads.g.doubleclick.net
https://mlb.com/,news,0,6,listed,6,600111,2108947,1820418,288529,15,15,13,securepubads.g.doubleclick.net
https://mlb.com/,news,1,0,page,6,49803094,0,0,0,0,0,0,
https://mlb.com/,news,1,0,third_party,6,23882837,0,0,0,0,0,0,
https://mlb.com/,news,1,0,listed,6,2671575,0,0,0,0,0,0,
https://mlb.com/,news,1,1,page,6,49293505,509589,52794,456795,1,1,1,b-code.liadm.com
https://mlb.com/,news,1,1,third_party,6,23362492,520345,52794,467551,1,1,1,b-code.liadm.com
https://mlb.com/,news,1,1,listed,6,2457408,214167,52794,161373,1,1,1,b-code.liadm.com
https://mlb.com/,news,1,2,page,6,49527756,275338,732694,-457356,6,6,6,analytics.tiktok.com
https://mlb.com/,news,1,2,third_party,6,23433160,449677,732694,-283017,6,6,6,analytics.tiktok.com
https://mlb.com/,news,1,2,listed,6,1985142,686433,732694,-46261,6,6,6,analytics.tiktok.com
https://mlb.com/,news,1,3,page,6,46896407,2906687,1248652,1658035,20,20,11,pagead2.googlesyndication.com
https://mlb.com/,news,1,3,third_party,6,22422602,1460235,1248652,211583,20,20,11,pagead2.googlesyndication.com
https://mlb.com/,news,1,3,listed,6,1225517,1446058,1248652,197406,20,20,11,pagead2.googlesyndication.com
https://mlb.com/,news,1,4,page,6,47886699,1916395,1293012,623383,21,21,12,www.google-analytics.com
https://mlb.com/,news,1,4,third_party,6,21955883,1926954,1293012,633942,21,21,12,www.google-analytics.com
https://mlb.com/,news,1,4,listed,6,1153674,1517901,1293012,224889,21,21,12,www.google-analytics.com
https://mlb.com/,news,1,5,page,6,47641230,2161864,1584269,577595,22,22,13,connect.facebook.net
https://mlb.com/,news,1,5,third_party,6,21711393,2171444,1584269,587175,22,22,13,connect.facebook.net
https://mlb.com/,news,1,5,listed,6,890367,1781208,1584269,196939,22,22,13,connect.facebook.net
https://mlb.com/,news,1,6,page,6,47418888,2384206,1841096,543110,15,15,13,securepubads.g.doubleclick.net
https://mlb.com/,news,1,6,third_party,6,21492720,2390117,1841096,549021,15,15,13,securepubads.g.doubleclick.net
https://mlb.com/,news,1,6,listed,6,598953,2072622,1841096,231526,15,15,13,securepubads.g.doubleclick.net
https://nasa.gov/,reference,0,0,page,4,32209913,0,0,0,0,0,0,
https://nasa.gov/,reference,0,0,third_party,4,2245730,0,0,0,0,0,0,
https://nasa.gov/,reference,0,0,listed,4,31859,0,0,0,0,0,0,
https://nasa.gov/,reference,0,1,page,4,32013795,196118,877,195241,1,1,0,googleads.g.doubleclick.net
https://nasa.gov/,reference,0,1,third_party,4,2049345,196385,877,195508,1,1,0,googleads.g.doubleclick.net
https://nasa.gov/,reference,0,1,listed,4,30982,877,877,0,1,1,0,googleads.g.doubleclick.net
https://nasa.gov/,reference,0,2,page,4,32111551,98362,27994,70368,3,3,2,cdn.parsely.com
https://nasa.gov/,reference,0,2,third_party,4,2147366,98364,27994,70370,3,3,2,cdn.parsely.com
https://nasa.gov/,reference,0,2,listed,4,3234,28625,27994,631,3,3,2,cdn.parsely.com
https://nasa.gov/,reference,0,3,page,4,31888183,321730,30459,291271,6,6,2,region1.google-analytics.com
https://nasa.gov/,reference,0,3,third_party,4,1923732,321998,30459,291539,6,6,2,region1.google-analytics.com
https://nasa.gov/,reference,0,3,listed,4,769,31090,30459,631,6,6,2,region1.google-analytics.com
https://nasa.gov/,reference,0,4,page,4,31947379,262534,31228,231306,7,7,3,static.doubleclick.net
https://nasa.gov/,reference,0,4,third_party,4,1983194,262536,31228,231308,7,7,3,static.doubleclick.net
https://nasa.gov/,reference,0,4,listed,4,0,31859,31228,631,7,7,3,static.doubleclick.net
https://nasa.gov/,reference,1,0,page,4,31980391,0,0,0,0,0,0,
https://nasa.gov/,reference,1,0,third_party,4,2015940,0,0,0,0,0,0,
https://nasa.gov/,reference,1,0,listed,4,32598,0,0,0,0,0,0,
https://nasa.gov/,reference,1,1,page,4,31987081,-6690,27117,-33807,2,2,2,cdn.parsely.com
https://nasa.gov/,reference,1,1,third_party,4,2022896,-6956,27117,-34073,2,2,2,cdn.parsely.com
https://nasa.gov/,reference,1,1,listed,4,4850,27748,27117,631,2,2,2,cdn.parsely.com
https://nasa.gov/,reference,1,2,page,4,32019815,-39424,29582,-69006,5,5,2,region1.google-analytics.com
https://nasa.gov/,reference,1,2,third_party,4,2055363,-39423,29582,-69005,5,5,2,region1.google-analytics.com
https://nasa.gov/,reference,1,2,listed,4,1646,30952,29582,1370,5,5,2,region1.google-analytics.com
https://nasa.gov/,reference,1,3,page,4,31949231,31160,30351,809,6,6,3,static.doubleclick.net
https://nasa.gov/,reference,1,3,third_party,4,1984732,31208,30351,857,6,6,3,static.doubleclick.net
https://nasa.gov/,reference,1,3,listed,4,877,31721,30351,1370,6,6,3,static.doubleclick.net
https://nasa.gov/,reference,1,4,page,4,31984150,-3759,31967,-35726,7,7,3,googleads.g.doubleclick.net
https://nasa.gov/,reference,1,4,third_party,4,2019649,-3709,31967,-35676,7,7,3,googleads.g.doubleclick.net
https://nasa.gov/,reference,1,4,listed,4,0,32598,31967,631,7,7,3,googleads.g.doubleclick.net
https://nbcnews.com/,news,0,0,page,6,7686818,0,0,0,0,0,0,
https://nbcnews.com/,news,0,0,third_party,6,5338245,0,0,0,0,0,0,
https://nbcnews.com/,news,0,0,listed,6,2209816,0,0,0,0,0,0,
https://nbcnews.com/,news,0,1,page,6,7594319,92499,98863,-6364,1,1,0,c.amazon-adsystem.com
https://nbcnews.com/,news,0,1,third_party,6,5246162,92083,98863,-6780,1,1,0,c.amazon-adsystem.com
https://nbcnews.com/,news,0,1,listed,6,2117314,92502,98863,-6361,1,1,0,c.amazon-adsystem.com
https://nbcnews.com/,news,0,2,page,6,7343930,342888,245901,96987,3,3,2,www.lightboxcdn.com
https://nbcnews.com/,news,0,2,third_party,6,4993655,344590,245901,98689,3,3,2,www.lightboxcdn.com
https://nbcnews.com/,news,0,2,listed,6,1865199,344617,245901,98716,3,3,2,www.lightboxcdn.com
https://nbcnews.com/,news,0,3,page,6,6625795,1061023,502645,558378,4,4,3,securepubads.g.doubleclick.net
https://nbcnews.com/,news,0,3,third_party,6,4277809,1060436,502645,557791,4,4,3,securepubads.g.doubleclick.net
https://nbcnews.com/,news,0,3,listed,6,1152277,1057539,502645,554894,4,4,3,securepubads.g.doubleclick.net
https://nbcnews.com/,news,0,4,page,6,6154573,1532245,869517,662728,4,4,3,cdn.taboola.com
https://nbcnews.com/,news,0,4,third_party,6,3806527,1531718,869517,662201,4,4,3,cdn.taboola.com
https://nbcnews.com/,news,0,4,listed,6,680639,1529177,869517,659660,4,4,3,cdn.taboola.com
https://nbcnews.com/,news,0,5,page,6,6289571,1397247,962835,434412,6,6,5,mssl.fwmrm.net
https://nbcnews.com/,news,0,5,third_party,6,3941514,1396731,962835,433896,6,6,5,mssl.fwmrm.net
https://nbcnews.com/,news,0,5,listed,6,591416,1618400,962835,655565,6,6,5,mssl.fwmrm.net
https://nbcnews.com/,news,0,6,page,6,6288379,1398439,1081439,317000,6,6,5,pagead2.googlesyndication.com
https://nbcnews.com/,news,0,6,third_party,6,3940386,1397859,1081439,316420,6,6,5,pagead2.googlesyndication.com
https://nbcnews.com/,news,0,6,listed,6,590042,1619774,1081439,538335,6,6,5,pagead2.googlesyndication.com
https://nbcnews.com/,news,1,0,page,6,7692351,0,0,0,0,0,0,
https://nbcnews.com/,news,1,0,third_party,6,5344346,0,0,0,0,0,0,
https://nbcnews.com/,news,1,0,listed,6,2215561,0,0,0,0,0,0,
https://nbcnews.com/,news,1,1,page,6,7491403,200948,98863,102085,2,2,1,c.amazon-adsystem.com
https://nbcnews.com/,news,1,1,third_party,6,5141323,203023,98863,104160,2,2,1,c.amazon-adsystem.com
https://nbcnews.com/,news,1,1,listed,6,2013051,202510,98863,103647,2,2,1,c.amazon-adsystem.com
https://nbcnews.com/,news,1,2,page,6,7125365,566986,467051,99935,2,2,1,cdn.taboola.com
https://nbcnews.com/,news,1,2,third_party,6,4777337,567009,467051,99958,2,2,1,cdn.taboola.com
https://nbcnews.com/,news,1,2,listed,6,1649387,566174,467051,99123,2,2,1,cdn.taboola.com
https://nbcnews.com/,news,1,3,page,6,6307734,1384617,723609,661008,4,4,3,securepubads.g.doubleclick.net
https://nbcnews.com/,news,1,3,third_party,6,3959329,1385017,723609,661408,4,4,3,securepubads.g.doubleclick.net
https://nbcnews.com/,news,1,3,listed,6,833242,1382319,723609,658710,4,4,3,securepubads.g.doubleclick.net
https://nbcnews.com/,news,1,4,page,6,6425761,1266590,816927,449663,5,5,4,mssl.fwmrm.net
https://nbcnews.com/,news,1,4,third_party,6,4077856,1266490,816927,449563,5,5,4,mssl.fwmrm.net
https://nbcnews.com/,news,1,4,listed,6,731215,1484346,816927,667419,5,5,4,mssl.fwmrm.net
https://nbcnews.com/,news,1,5,page,6,6287264,1405087,963865,441222,5,5,4,www.lightboxcdn.com
https://nbcnews.com/,news,1,5,third_party,6,3939382,1404964,963865,441099,5,5,4,www.lightboxcdn.com
https://nbcnews.com/,news,1,5,listed,6,589104,1626457,963865,662592,5,5,4,www.lightboxcdn.com
https://nbcnews.com/,news,1,6,page,6,6287074,1405277,1083032,322245,5,5,4,pagead2.googlesyndication.com
https://nbcnews.com/,news,1,6,third_party,6,3939148,1405198,1083032,322166,5,5,4,pagead2.googlesyndication.com
https://nbcnews.com/,news,1,6,listed,6,588979,1626582,1083032,543550,5,5,4,pagead2.googlesyndication.com
https://nist.gov/,reference,0,0,page,4,6236691,0,0,0,0,0,0,
https://nist.gov/,reference,0,0,third_party,4,5747380,0,0,0,0,0,0,
https://nist.gov/,reference,0,0,listed,4,36180,0,0,0,0,0,0,
https://nist.gov/,reference,0,1,page,4,10706572,-4469881,1670,-4471551,2,2,0,region1.google-analytics.com
https://nist.gov/,reference,0,1,third_party,4,10217509,-4470129,1670,-4471799,2,2,0,region1.google-analytics.com
https://nist.gov/,reference,0,1,listed,4,34508,1672,1670,2,2,2,0,region1.google-analytics.com
https://nist.gov/,reference,0,2,page,4,6211145,25546,24519,1027,3,3,2,js-agent.newrelic.com
https://nist.gov/,reference,0,2,third_party,4,5721408,25972,24519,1453,3,3,2,js-agent.newrelic.com
https://nist.gov/,reference,0,2,listed,4,10495,25685,24519,1166,3,3,2,js-agent.newrelic.com
https://nist.gov/,reference,0,3,page,4,6199795,36896,35014,1882,5,5,3,static.cloudflareinsights.com
https://nist.gov/,reference,0,3,third_party,4,5711344,36036,35014,1022,5,5,3,static.cloudflareinsights.com
https://nist.gov/,reference,0,3,listed,4,0,36180,35014,1166,5,5,3,static.cloudflareinsights.com
https://nist.gov/,reference,0,4,page,4,6200049,36642,36180,462,5,5,3,bam.nr-data.net
https://nist.gov/,reference,0,4,third_party,4,5711065,36315,36180,135,5,5,3,bam.nr-data.net
https://nist.gov/,reference,0,4,listed,4,0,36180,36180,0,5,5,3,bam.nr-data.net
https://nist.gov/,reference,1,0,page,4,6236215,0,0,0,0,0,0,
https://nist.gov/,reference,1,0,third_party,4,5747560,0,0,0,0,0,0,
https://nist.gov/,reference,1,0,listed,4,36159,0,0,0,0,0,0,
https://nist.gov/,reference,1,1,page,4,6211972,24243,22849,1394,2,2,2,js-agent.newrelic.com
https://nist.gov/,reference,1,1,third_party,4,5723306,24254,22849,1405,2,2,2,js-agent.newrelic.com
https://nist.gov/,reference,1,1,listed,4,12165,23994,22849,1145,2,2,2,js-agent.newrelic.com
https://nist.gov/,reference,1,2,page,4,6201287,34928,33344,1584,3,3,3,static.cloudflareinsights.com
https://nist.gov/,reference,1,2,third_party,4,5712741,34819,33344,1475,3,3,3,static.cloudflareinsights.com
https://nist.gov/,reference,1,2,listed,4,1670,34489,33344,1145,3,3,3,static.cloudflareinsights.com
https://nist.gov/,reference,1,3,page,4,6201827,34388,34509,-121,3,3,3,bam.nr-data.net
https://nist.gov/,reference,1,3,third_party,4,5712955,34605,34509,96,3,3,3,bam.nr-data.net
https://nist.gov/,reference,1,3,listed,4,1670,34489,34509,-20,3,3,3,bam.nr-data.net
https://nist.gov/,reference,1,4,page,4,6199980,36235,36159,76,4,4,3,region1.google-analytics.com
https://nist.gov/,reference,1,4,third_party,4,5710994,36566,36159,407,4,4,3,region1.google-analytics.com
https://nist.gov/,reference,1,4,listed,4,0,36159,36159,0,4,4,3,region1.google-analytics.com
https://no-ip.com/,infrastructure,0,0,page,6,3030868,0,0,0,0,0,0,
https://no-ip.com/,infrastructure,0,0,third_party,6,3030868,0,0,0,0,0,0,
https://no-ip.com/,infrastructure,0,0,listed,6,422208,0,0,0,0,0,0,
https://no-ip.com/,infrastructure,0,1,page,6,3012748,18120,17084,1036,1,1,1,bat.bing.com
https://no-ip.com/,infrastructure,0,1,third_party,6,3012397,18471,17084,1387,1,1,1,bat.bing.com
https://no-ip.com/,infrastructure,0,1,listed,6,404750,17458,17084,374,1,1,1,bat.bing.com
https://no-ip.com/,infrastructure,0,2,page,6,2986556,44312,41699,2613,2,2,2,cdn.inspectlet.com
https://no-ip.com/,infrastructure,0,2,third_party,6,2986205,44663,41699,2964,2,2,2,cdn.inspectlet.com
https://no-ip.com/,infrastructure,0,2,listed,6,378567,43641,41699,1942,2,2,2,cdn.inspectlet.com
https://no-ip.com/,infrastructure,0,3,page,6,2958733,72135,69624,2511,4,4,4,www.googleadservices.com
https://no-ip.com/,infrastructure,0,3,third_party,6,2958382,72486,69624,2862,4,4,4,www.googleadservices.com
https://no-ip.com/,infrastructure,0,3,listed,6,350738,71470,69624,1846,4,4,4,www.googleadservices.com
https://no-ip.com/,infrastructure,0,4,page,6,2741228,289640,284825,4815,5,5,5,us-assets.i.posthog.com
https://no-ip.com/,infrastructure,0,4,third_party,6,2740877,289991,284825,5166,5,5,5,us-assets.i.posthog.com
https://no-ip.com/,infrastructure,0,4,listed,6,133224,288984,284825,4159,5,5,5,us-assets.i.posthog.com
https://no-ip.com/,infrastructure,0,5,page,6,2731317,299551,292189,7362,6,6,6,js.zi-scripts.com
https://no-ip.com/,infrastructure,0,5,third_party,6,2730966,299902,292189,7713,6,6,6,js.zi-scripts.com
https://no-ip.com/,infrastructure,0,5,listed,6,123325,298883,292189,6694,6,6,6,js.zi-scripts.com
https://no-ip.com/,infrastructure,0,6,page,6,2709087,321781,313921,7860,7,7,7,www.google-analytics.com
https://no-ip.com/,infrastructure,0,6,third_party,6,2708736,322132,313921,8211,7,7,7,www.google-analytics.com
https://no-ip.com/,infrastructure,0,6,listed,6,100942,321266,313921,7345,7,7,7,www.google-analytics.com
https://no-ip.com/,infrastructure,1,0,page,6,3031155,0,0,0,0,0,0,
https://no-ip.com/,infrastructure,1,0,third_party,6,3030804,0,0,0,0,0,0,
https://no-ip.com/,infrastructure,1,0,listed,6,422097,0,0,0,0,0,0,
https://no-ip.com/,infrastructure,1,1,page,6,3011913,19242,17084,2158,1,1,1,bat.bing.com
https://no-ip.com/,infrastructure,1,1,third_party,6,3011562,19242,17084,2158,1,1,1,bat.bing.com
https://no-ip.com/,infrastructure,1,1,listed,6,403909,18188,17084,1104,1,1,1,bat.bing.com
https://no-ip.com/,infrastructure,1,2,page,6,2795181,235974,232160,3814,2,2,2,us-assets.i.posthog.com
https://no-ip.com/,infrastructure,1,2,third_party,6,2794830,235974,232160,3814,2,2,2,us-assets.i.posthog.com
https://no-ip.com/,infrastructure,1,2,listed,6,187182,234915,232160,2755,2,2,2,us-assets.i.posthog.com
https://no-ip.com/,infrastructure,1,3,page,6,2767327,263828,260097,3731,4,4,4,www.googleadservices.com
https://no-ip.com/,infrastructure,1,3,third_party,6,2767327,263477,260097,3380,4,4,4,www.googleadservices.com
https://no-ip.com/,infrastructure,1,3,listed,6,158495,263602,260097,3505,4,4,4,www.googleadservices.com
https://no-ip.com/,infrastructure,1,4,page,6,2755601,275554,267460,8094,5,5,5,js.zi-scripts.com
https://no-ip.com/,infrastructure,1,4,third_party,6,2755601,275203,267460,7743,5,5,5,js.zi-scripts.com
https://no-ip.com/,infrastructure,1,4,listed,6,147937,274160,267460,6700,5,5,5,js.zi-scripts.com
https://no-ip.com/,infrastructure,1,5,page,6,2731660,299495,292080,7415,6,6,6,cdn.inspectlet.com
https://no-ip.com/,infrastructure,1,5,third_party,6,2731309,299495,292080,7415,6,6,6,cdn.inspectlet.com
https://no-ip.com/,infrastructure,1,5,listed,6,123644,298453,292080,6373,6,6,6,cdn.inspectlet.com
https://no-ip.com/,infrastructure,1,6,page,6,2709900,321255,313812,7443,7,7,7,www.google-analytics.com
https://no-ip.com/,infrastructure,1,6,third_party,6,2709549,321255,313812,7443,7,7,7,www.google-analytics.com
https://no-ip.com/,infrastructure,1,6,listed,6,101871,320226,313812,6414,7,7,7,www.google-analytics.com
https://ok.ru/,social,0,0,page,6,6854864,0,0,0,0,0,0,
https://ok.ru/,social,0,0,third_party,6,6557321,0,0,0,0,0,0,
https://ok.ru/,social,0,0,listed,6,358706,0,0,0,0,0,0,
https://ok.ru/,social,0,1,page,6,6932282,-77418,1789,-79207,2,1,0,stats.g.doubleclick.net
https://ok.ru/,social,0,1,third_party,6,6632396,-75075,1789,-76864,2,1,0,stats.g.doubleclick.net
https://ok.ru/,social,0,1,listed,6,391984,-33278,1789,-35067,2,1,0,stats.g.doubleclick.net
https://ok.ru/,social,0,2,page,6,6876654,-21790,24431,-46221,2,1,1,www.google-analytics.com
https://ok.ru/,social,0,2,third_party,6,6576730,-19409,24431,-43840,2,1,1,www.google-analytics.com
https://ok.ru/,social,0,2,listed,6,368678,-9972,24431,-34403,2,1,1,www.google-analytics.com
https://ok.ru/,social,0,3,page,6,6844867,9997,47053,-37056,3,2,2,top-fwz1.mail.ru
https://ok.ru/,social,0,3,third_party,6,6544963,12358,47053,-34695,3,2,2,top-fwz1.mail.ru
https://ok.ru/,social,0,3,listed,6,322943,35763,47053,-11290,3,2,2,top-fwz1.mail.ru
https://ok.ru/,social,0,4,page,6,6732838,122026,139061,-17035,5,4,4,mc.yandex.ru
https://ok.ru/,social,0,4,third_party,6,6432917,124404,139061,-14657,5,4,4,mc.yandex.ru
https://ok.ru/,social,0,4,listed,6,217665,141041,139061,1980,5,4,4,mc.yandex.ru
https://ok.ru/,social,0,5,page,6,6722734,132130,140697,-8567,7,6,4,region1.analytics.google.com
https://ok.ru/,social,0,5,third_party,6,6425159,132162,140697,-8535,7,6,4,region1.analytics.google.com
https://ok.ru/,social,0,5,listed,6,212813,145893,140697,5196,7,6,4,region1.analytics.google.com
https://ok.ru/,social,0,6,page,6,6684969,169895,151267,18628,7,6,4,mc.yandex.com
https://ok.ru/,social,0,6,third_party,6,6385133,172188,151267,20921,7,6,4,mc.yandex.com
https://ok.ru/,social,0,6,listed,6,183136,175570,151267,24303,7,6,4,mc.yandex.com
https://ok.ru/,social,1,0,page,6,6891163,0,0,0,0,0,0,
https://ok.ru/,social,1,0,third_party,6,6591272,0,0,0,0,0,0,
https://ok.ru/,social,1,0,listed,6,390350,0,0,0,0,0,0,
https://ok.ru/,social,1,1,page,6,6888747,2416,1789,627,2,1,0,stats.g.doubleclick.net
https://ok.ru/,social,1,1,third_party,6,6591246,26,1789,-1763,2,1,0,stats.g.doubleclick.net
https://ok.ru/,social,1,1,listed,6,387703,2647,1789,858,2,1,0,stats.g.doubleclick.net
https://ok.ru/,social,1,2,page,6,7379575,-488412,93797,-582209,3,2,1,mc.yandex.ru
https://ok.ru/,social,1,2,third_party,6,7082010,-490738,93797,-584535,3,2,1,mc.yandex.ru
https://ok.ru/,social,1,2,listed,6,242747,147603,93797,53806,3,2,1,mc.yandex.ru
https://ok.ru/,social,1,3,page,6,6747932,143231,116419,26812,5,4,3,top-fwz1.mail.ru
https://ok.ru/,social,1,3,third_party,6,6448099,143173,116419,26754,5,4,3,top-fwz1.mail.ru
https://ok.ru/,social,1,3,listed,6,238144,152206,116419,35787,5,4,3,top-fwz1.mail.ru
https://ok.ru/,social,1,4,page,6,6718807,172356,118055,54301,7,6,3,region1.analytics.google.com
https://ok.ru/,social,1,4,third_party,6,6421329,169943,118055,51888,7,6,3,region1.analytics.google.com
https://ok.ru/,social,1,4,listed,6,215058,175292,118055,57237,7,6,3,region1.analytics.google.com
https://ok.ru/,social,1,5,page,6,6731775,159388,140697,18691,7,6,4,www.google-analytics.com
https://ok.ru/,social,1,5,third_party,6,6431851,159421,140697,18724,7,6,4,www.google-analytics.com
https://ok.ru/,social,1,5,listed,6,220576,169774,140697,29077,7,6,4,www.google-analytics.com
https://ok.ru/,social,1,6,page,6,6680941,210222,151077,59145,7,6,4,mc.yandex.com
https://ok.ru/,social,1,6,third_party,6,6383488,207784,151077,56707,7,6,4,mc.yandex.com
https://ok.ru/,social,1,6,listed,6,186047,204303,151077,53226,7,6,4,mc.yandex.com
https://oxylabs.io/,productivity,0,0,page,6,13672554,0,0,0,0,0,0,
https://oxylabs.io/,productivity,0,0,third_party,6,1169775,0,0,0,0,0,0,
https://oxylabs.io/,productivity,0,0,listed,6,791154,0,0,0,0,0,0,
https://oxylabs.io/,productivity,0,1,page,6,13584132,88422,25252,63170,1,1,1,www.redditstatic.com
https://oxylabs.io/,productivity,0,1,third_party,6,1083569,86206,25252,60954,1,1,1,www.redditstatic.com
https://oxylabs.io/,productivity,0,1,listed,6,708444,82710,25252,57458,1,1,1,www.redditstatic.com
https://oxylabs.io/,productivity,0,2,page,6,13586557,85997,73035,12962,3,3,3,snap.licdn.com
https://oxylabs.io/,productivity,0,2,third_party,6,1085566,84209,73035,11174,3,3,3,snap.licdn.com
https://oxylabs.io/,productivity,0,2,listed,6,711534,79620,73035,6585,3,3,3,snap.licdn.com
https://oxylabs.io/,productivity,0,3,page,6,13317805,354749,159793,194956,8,8,7,us-assets.i.posthog.com
https://oxylabs.io/,productivity,0,3,third_party,6,948295,221480,159793,61687,8,8,7,us-assets.i.posthog.com
https://oxylabs.io/,productivity,0,3,listed,6,570143,221011,159793,61218,8,8,7,us-assets.i.posthog.com
https://oxylabs.io/,productivity,0,4,page,6,3527307,10145247,392257,9752990,9,9,8,connect.facebook.net
https://oxylabs.io/,productivity,0,4,third_party,6,769105,400670,392257,8413,9,9,8,connect.facebook.net
https://oxylabs.io/,productivity,0,4,listed,6,392044,399110,392257,6853,9,9,8,connect.facebook.net
https://oxylabs.io/,productivity,0,5,page,6,13214020,458534,416175,42359,10,10,9,www.googleadservices.com
https://oxylabs.io/,productivity,0,5,third_party,6,746171,423604,416175,7429,10,10,9,www.googleadservices.com
https://oxylabs.io/,productivity,0,5,listed,6,368019,423135,416175,6960,10,10,9,www.googleadservices.com
https://oxylabs.io/,productivity,0,6,page,6,13205859,466695,451927,14768,12,12,11,static.ads-twitter.com
https://oxylabs.io/,productivity,0,6,third_party,6,705105,464670,451927,12743,12,12,11,static.ads-twitter.com
https://oxylabs.io/,productivity,0,6,listed,6,326953,464201,451927,12274,12,12,11,static.ads-twitter.com
https://oxylabs.io/,productivity,1,0,page,6,13668733,0,0,0,0,0,0,
https://oxylabs.io/,productivity,1,0,third_party,6,1165876,0,0,0,0,0,0,
https://oxylabs.io/,productivity,1,0,listed,6,790753,0,0,0,0,0,0,
https://oxylabs.io/,productivity,1,1,page,6,13646160,22573,25252,-2679,1,1,1,www.redditstatic.com
https://oxylabs.io/,productivity,1,1,third_party,6,1140017,25859,25252,607,1,1,1,www.redditstatic.com
https://oxylabs.io/,productivity,1,1,listed,6,764894,25859,25252,607,1,1,1,www.redditstatic.com
https://oxylabs.io/,productivity,1,2,page,6,972422,12696311,257714,12438597,0,0,0,connect.facebook.net
https://oxylabs.io/,productivity,1,2,third_party,6,802874,363002,257714,105288,0,0,0,connect.facebook.net
https://oxylabs.io/,productivity,1,2,listed,6,0,790753,257714,533039,0,0,0,connect.facebook.net
https://oxylabs.io/,productivity,1,3,page,6,3582694,10086039,344472,9741567,7,7,6,us-assets.i.posthog.com
https://oxylabs.io/,productivity,1,3,third_party,6,822371,343505,344472,-967,7,7,6,us-assets.i.posthog.com
https://oxylabs.io/,productivity,1,3,listed,6,443750,347003,344472,2531,7,7,6,us-assets.i.posthog.com
https://oxylabs.io/,productivity,1,4,page,6,3556308,10112425,368390,9744035,8,8,7,www.googleadservices.com
https://oxylabs.io/,productivity,1,4,third_party,6,797798,368078,368390,-312,8,8,7,www.googleadservices.com
https://oxylabs.io/,productivity,1,4,listed,6,419641,371112,368390,2722,8,8,7,www.googleadservices.com
https://oxylabs.io/,productivity,1,5,page,6,13244045,424688,416173,8515,10,10,9,snap.licdn.com
https://oxylabs.io/,productivity,1,5,third_party,6,743564,422312,416173,6139,10,10,9,snap.licdn.com
https://oxylabs.io/,productivity,1,5,listed,6,368441,422312,416173,6139,10,10,9,snap.licdn.com
https://oxylabs.io/,productivity,1,6,page,6,13205922,462811,451925,10886,12,12,11,static.ads-twitter.com
https://oxylabs.io/,productivity,1,6,third_party,6,705334,460542,451925,8617,12,12,11,static.ads-twitter.com
https://oxylabs.io/,productivity,1,6,listed,6,326713,464040,451925,12115,12,12,11,static.ads-twitter.com
https://pikabu.ru/,social,0,0,page,3,5900135,0,0,0,0,0,0,
https://pikabu.ru/,social,0,0,third_party,3,2346964,0,0,0,0,0,0,
https://pikabu.ru/,social,0,0,listed,3,432761,0,0,0,0,0,0,
https://pikabu.ru/,social,0,1,page,3,3583692,2316443,427580,1888863,5,5,4,yandex.ru
https://pikabu.ru/,social,0,1,third_party,3,26794,2320170,427580,1892590,5,5,4,yandex.ru
https://pikabu.ru/,social,0,1,listed,3,0,432761,427580,5181,5,5,4,yandex.ru
https://pikabu.ru/,social,0,2,page,3,3565950,2334185,438164,1896021,5,5,4,mc.yandex.com
https://pikabu.ru/,social,0,2,third_party,3,26795,2320169,438164,1882005,5,5,4,mc.yandex.com
https://pikabu.ru/,social,0,2,listed,3,0,432761,438164,-5403,5,5,4,mc.yandex.com
https://pikabu.ru/,social,0,3,page,3,3644305,2255830,530172,1725658,5,5,4,mc.yandex.ru
https://pikabu.ru/,social,0,3,third_party,3,26794,2320170,530172,1789998,5,5,4,mc.yandex.ru
https://pikabu.ru/,social,0,3,listed,3,0,432761,530172,-97411,5,5,4,mc.yandex.ru
https://pikabu.ru/,social,1,0,page,3,5297180,0,0,0,0,0,0,
https://pikabu.ru/,social,1,0,third_party,3,1681504,0,0,0,0,0,0,
https://pikabu.ru/,social,1,0,listed,3,686967,0,0,0,0,0,0,
https://pikabu.ru/,social,1,1,page,3,4848875,448305,49854,398451,10,9,3,mc.yandex.com
https://pikabu.ru/,social,1,1,third_party,3,1227407,454097,49854,404243,10,9,3,mc.yandex.com
https://pikabu.ru/,social,1,1,listed,3,470833,216134,49854,166280,10,9,3,mc.yandex.com
https://pikabu.ru/,social,1,2,page,3,5254850,42330,399447,-357117,2,2,2,mc.yandex.ru
https://pikabu.ru/,social,1,2,third_party,3,1598736,82768,399447,-316679,2,2,2,mc.yandex.ru
https://pikabu.ru/,social,1,2,listed,3,378839,308128,399447,-91319,2,2,2,mc.yandex.ru
https://pikabu.ru/,social,1,3,page,3,3603894,1693286,1037693,655593,5,5,4,yandex.ru
https://pikabu.ru/,social,1,3,third_party,3,26794,1654710,1037693,617017,5,5,4,yandex.ru
https://pikabu.ru/,social,1,3,listed,3,0,686967,1037693,-350726,5,5,4,yandex.ru
https://prnewswire.com/,news,0,0,page,6,5462471,0,0,0,0,0,0,
https://prnewswire.com/,news,0,0,third_party,6,3758231,0,0,0,0,0,0,
https://prnewswire.com/,news,0,0,listed,6,2238325,0,0,0,0,0,0,
https://prnewswire.com/,news,0,1,page,6,5435093,27378,23918,3460,1,1,1,snap.licdn.com
https://prnewswire.com/,news,0,1,third_party,6,3731137,27094,23918,3176,1,1,1,snap.licdn.com
https://prnewswire.com/,news,0,1,listed,6,2211248,27077,23918,3159,1,1,1,snap.licdn.com
https://prnewswire.com/,news,0,2,page,6,5340720,121751,117799,3952,2,2,2,cdn.optimizely.com
https://prnewswire.com/,news,0,2,third_party,6,3636483,121748,117799,3949,2,2,2,cdn.optimizely.com
https://prnewswire.com/,news,0,2,listed,6,2117312,121013,117799,3214,2,2,2,cdn.optimizely.com
https://prnewswire.com/,news,0,3,page,6,5104358,358113,352274,5839,3,3,3,connect.facebook.net
https://prnewswire.com/,news,0,3,third_party,6,3399931,358300,352274,6026,3,3,3,connect.facebook.net
https://prnewswire.com/,news,0,3,listed,6,1881423,356902,352274,4628,3,3,3,connect.facebook.net
https://prnewswire.com/,news,0,4,page,6,3382916,2079555,717222,1362333,4,4,4,js.qualified.com
https://prnewswire.com/,news,0,4,third_party,6,1679302,2078929,717222,1361707,4,4,4,js.qualified.com
https://prnewswire.com/,news,0,4,listed,6,161326,2076999,717222,1359777,4,4,4,js.qualified.com
https://prnewswire.com/,news,0,5,page,6,3373349,2089122,738212,1350910,5,5,5,static.cloudflareinsights.com
https://prnewswire.com/,news,0,5,third_party,6,1668910,2089321,738212,1351109,5,5,5,static.cloudflareinsights.com
https://prnewswire.com/,news,0,5,listed,6,150829,2087496,738212,1349284,5,5,5,static.cloudflareinsights.com
https://prnewswire.com/,news,0,6,page,6,3383016,2079455,763901,1315554,6,6,6,browser.sentry-cdn.com
https://prnewswire.com/,news,0,6,third_party,6,1679122,2079109,763901,1315208,6,6,6,browser.sentry-cdn.com
https://prnewswire.com/,news,0,6,listed,6,125140,2113185,763901,1349284,6,6,6,browser.sentry-cdn.com
https://prnewswire.com/,news,1,0,page,6,5460014,0,0,0,0,0,0,
https://prnewswire.com/,news,1,0,third_party,6,3756723,0,0,0,0,0,0,
https://prnewswire.com/,news,1,0,listed,6,2237931,0,0,0,0,0,0,
https://prnewswire.com/,news,1,1,page,6,5434135,25879,23918,1961,1,1,1,snap.licdn.com
https://prnewswire.com/,news,1,1,third_party,6,3730876,25847,23918,1929,1,1,1,snap.licdn.com
https://prnewswire.com/,news,1,1,listed,6,2211428,26503,23918,2585,1,1,1,snap.licdn.com
https://prnewswire.com/,news,1,2,page,6,3714955,1745059,388866,1356193,2,2,2,js.qualified.com
https://prnewswire.com/,news,1,2,third_party,6,2010146,1746577,388866,1357711,2,2,2,js.qualified.com
https://prnewswire.com/,news,1,2,listed,6,491814,1746117,388866,1357251,2,2,2,js.qualified.com
https://prnewswire.com/,news,1,3,page,6,3513511,1946503,623341,1323162,3,3,3,connect.facebook.net
https://prnewswire.com/,news,1,3,third_party,6,1809048,1947675,623341,1324334,3,3,3,connect.facebook.net
https://prnewswire.com/,news,1,3,listed,6,255784,1982147,623341,1358806,3,3,3,connect.facebook.net
https://prnewswire.com/,news,1,4,page,6,3466172,1993842,644331,1349511,4,4,4,static.cloudflareinsights.com
https://prnewswire.com/,news,1,4,third_party,6,1762430,1994293,644331,1349962,4,4,4,static.cloudflareinsights.com
https://prnewswire.com/,news,1,4,listed,6,244810,1993121,644331,1348790,4,4,4,static.cloudflareinsights.com
https://prnewswire.com/,news,1,5,page,6,3407995,2052019,738213,1313806,5,5,5,cdn.optimizely.com
https://prnewswire.com/,news,1,5,third_party,6,1704272,2052451,738213,1314238,5,5,5,cdn.optimizely.com
https://prnewswire.com/,news,1,5,listed,6,150836,2087095,738213,1348882,5,5,5,cdn.optimizely.com
https://prnewswire.com/,news,1,6,page,6,3348509,2111505,763902,1347603,6,6,6,browser.sentry-cdn.com
https://prnewswire.com/,news,1,6,third_party,6,1644218,2112505,763902,1348603,6,6,6,browser.sentry-cdn.com
https://prnewswire.com/,news,1,6,listed,6,125427,2112504,763902,1348602,6,6,6,browser.sentry-cdn.com
https://rakuten.com/,shopping,0,0,page,6,1609891,0,0,0,0,0,0,
https://rakuten.com/,shopping,0,0,third_party,6,177984,0,0,0,0,0,0,
https://rakuten.com/,shopping,0,0,listed,6,115935,0,0,0,0,0,0,
https://rakuten.com/,shopping,0,1,page,6,3680955,-2071064,21732,-2092796,1,1,1,www.google-analytics.com
https://rakuten.com/,shopping,0,1,third_party,6,2111590,-1933606,21732,-1955338,1,1,1,www.google-analytics.com
https://rakuten.com/,shopping,0,1,listed,6,516239,-400304,21732,-422036,1,1,1,www.google-analytics.com
https://rakuten.com/,shopping,0,2,page,6,3655220,-2045329,21732,-2067061,2,2,2,c.amazon-adsystem.com
https://rakuten.com/,shopping,0,2,third_party,6,2085853,-1907869,21732,-1929601,2,2,2,c.amazon-adsystem.com
https://rakuten.com/,shopping,0,2,listed,6,490503,-374568,21732,-396300,2,2,2,c.amazon-adsystem.com
https://rakuten.com/,shopping,0,3,page,6,3628217,-2018326,21732,-2040058,3,3,3,www.redditstatic.com
https://rakuten.com/,shopping,0,3,third_party,6,2059088,-1881104,21732,-1902836,3,3,3,www.redditstatic.com
https://rakuten.com/,shopping,0,3,listed,6,463008,-347073,21732,-368805,3,3,3,www.redditstatic.com
https://rakuten.com/,shopping,0,4,page,6,3267991,-1658100,113257,-1771357,5,5,5,connect.facebook.net
https://rakuten.com/,shopping,0,4,third_party,6,1699868,-1521884,113257,-1635141,5,5,5,connect.facebook.net
https://rakuten.com/,shopping,0,4,listed,6,104857,11078,113257,-102179,5,5,5,connect.facebook.net
https://rakuten.com/,shopping,0,5,page,6,3223375,-1613484,113257,-1726741,6,6,6,bat.bing.com
https://rakuten.com/,shopping,0,5,third_party,6,1654010,-1476026,113257,-1589283,6,6,6,bat.bing.com
https://rakuten.com/,shopping,0,5,listed,6,58493,57442,113257,-55815,6,6,6,bat.bing.com
https://rakuten.com/,shopping,0,6,page,6,3190910,-1581019,113257,-1694276,7,7,7,www.googleadservices.com
https://rakuten.com/,shopping,0,6,third_party,6,1622787,-1444803,113257,-1558060,7,7,7,www.googleadservices.com
https://rakuten.com/,shopping,0,6,listed,6,29939,85996,113257,-27261,7,7,7,www.googleadservices.com
https://rakuten.com/,shopping,1,0,page,6,3703966,0,0,0,0,0,0,
https://rakuten.com/,shopping,1,0,third_party,6,2135604,0,0,0,0,0,0,
https://rakuten.com/,shopping,1,0,listed,6,538042,0,0,0,0,0,0,
https://rakuten.com/,shopping,1,1,page,6,3680930,23036,21732,1304,1,1,1,www.google-analytics.com
https://rakuten.com/,shopping,1,1,third_party,6,2112575,23029,21732,1297,1,1,1,www.google-analytics.com
https://rakuten.com/,shopping,1,1,listed,6,517194,20848,21732,-884,1,1,1,www.google-analytics.com
https://rakuten.com/,shopping,1,2,page,6,3321773,382193,377528,4665,3,3,3,connect.facebook.net
https://rakuten.com/,shopping,1,2,third_party,6,1753418,382186,377528,4658,3,3,3,connect.facebook.net
https://rakuten.com/,shopping,1,2,listed,6,158218,379824,377528,2296,3,3,3,connect.facebook.net
https://rakuten.com/,shopping,1,3,page,6,3294512,409454,402780,6674,4,4,4,www.redditstatic.com
https://rakuten.com/,shopping,1,3,third_party,6,1725628,409976,402780,7196,4,4,4,www.redditstatic.com
https://rakuten.com/,shopping,1,3,listed,6,130625,407417,402780,4637,4,4,4,www.redditstatic.com
https://rakuten.com/,shopping,1,4,page,6,3246937,457029,421498,35531,5,5,5,bat.bing.com
https://rakuten.com/,shopping,1,4,third_party,6,1678017,457587,421498,36089,5,5,5,bat.bing.com
https://rakuten.com/,shopping,1,4,listed,6,84152,453890,421498,32392,5,5,5,bat.bing.com
https://rakuten.com/,shopping,1,5,page,6,3220963,483003,446316,36687,6,6,6,c.amazon-adsystem.com
https://rakuten.com/,shopping,1,5,third_party,6,1653088,482516,446316,36200,6,6,6,c.amazon-adsystem.com
https://rakuten.com/,shopping,1,5,listed,6,59201,478841,446316,32525,6,6,6,c.amazon-adsystem.com
https://rakuten.com/,shopping,1,6,page,6,3191935,512031,470982,41049,7,7,7,www.googleadservices.com
https://rakuten.com/,shopping,1,6,third_party,6,1623817,511787,470982,40805,7,7,7,www.googleadservices.com
https://rakuten.com/,shopping,1,6,listed,6,30112,507930,470982,36948,7,7,7,www.googleadservices.com
https://scribd.com/,social,0,0,page,3,2666309,0,0,0,0,0,0,
https://scribd.com/,social,0,0,third_party,3,1340237,0,0,0,0,0,0,
https://scribd.com/,social,0,0,listed,3,125163,0,0,0,0,0,0,
https://scribd.com/,social,0,1,page,3,2661183,5126,4532,594,6,6,0,region1.google-analytics.com
https://scribd.com/,social,0,1,third_party,3,1335130,5107,4532,575,6,6,0,region1.google-analytics.com
https://scribd.com/,social,0,1,listed,3,120631,4532,4532,0,6,6,0,region1.google-analytics.com
https://scribd.com/,social,0,2,page,3,2660730,5579,5026,553,7,7,0,o127091.ingest.us.sentry.io
https://scribd.com/,social,0,2,third_party,3,1334681,5556,5026,530,7,7,0,o127091.ingest.us.sentry.io
https://scribd.com/,social,0,2,listed,3,120177,4986,5026,-40,7,7,0,o127091.ingest.us.sentry.io
https://scribd.com/,social,0,3,page,3,2658585,7724,7242,482,15,11,0,pagead2.googlesyndication.com
https://scribd.com/,social,0,3,third_party,3,1332522,7715,7242,473,15,11,0,pagead2.googlesyndication.com
https://scribd.com/,social,0,3,listed,3,117921,7242,7242,0,15,11,0,pagead2.googlesyndication.com
https://scribd.com/,social,1,0,page,3,2665810,0,0,0,0,0,0,
https://scribd.com/,social,1,0,third_party,3,1339758,0,0,0,0,0,0,
https://scribd.com/,social,1,0,listed,3,125163,0,0,0,0,0,0,
https://scribd.com/,social,1,1,page,3,2664668,1142,494,648,1,1,0,o127091.ingest.us.sentry.io
https://scribd.com/,social,1,1,third_party,3,1339175,583,494,89,1,1,0,o127091.ingest.us.sentry.io
https://scribd.com/,social,1,1,listed,3,124669,494,494,0,1,1,0,o127091.ingest.us.sentry.io
https://scribd.com/,social,1,2,page,3,2664311,1499,2710,-1211,9,5,0,pagead2.googlesyndication.com
https://scribd.com/,social,1,2,third_party,3,1338816,942,2710,-1768,9,5,0,pagead2.googlesyndication.com
https://scribd.com/,social,1,2,listed,3,124309,854,2710,-1856,9,5,0,pagead2.googlesyndication.com
https://scribd.com/,social,1,3,page,3,2658499,7311,7242,69,15,11,0,region1.google-analytics.com
https://scribd.com/,social,1,3,third_party,3,1333001,6757,7242,-485,15,11,0,region1.google-analytics.com
https://scribd.com/,social,1,3,listed,3,117981,7182,7242,-60,15,11,0,region1.google-analytics.com
https://smartthings.com/,productivity,0,0,page,6,7170741,0,0,0,0,0,0,
https://smartthings.com/,productivity,0,0,third_party,6,7170321,0,0,0,0,0,0,
https://smartthings.com/,productivity,0,0,listed,6,1533083,0,0,0,0,0,0,
https://smartthings.com/,productivity,0,1,page,6,7104331,66410,59165,7245,1,1,1,s.go-mpulse.net
https://smartthings.com/,productivity,0,1,third_party,6,7103483,66838,59165,7673,1,1,1,s.go-mpulse.net
https://smartthings.com/,productivity,0,1,listed,6,1467504,65579,59165,6414,1,1,1,s.go-mpulse.net
https://smartthings.com/,productivity,0,2,page,6,6973621,197120,183797,13323,2,2,2,samsungusa.api.useinsider.com
https://smartthings.com/,productivity,0,2,third_party,6,6972773,197548,183797,13751,2,2,2,samsungusa.api.useinsider.com
https://smartthings.com/,productivity,0,2,listed,6,1335045,198038,183797,14241,2,2,2,samsungusa.api.useinsider.com
https://smartthings.com/,productivity,0,3,page,6,6838666,332075,342749,-10674,3,3,3,analytics.tiktok.com
https://smartthings.com/,productivity,0,3,third_party,6,6837818,332503,342749,-10246,3,3,3,analytics.tiktok.com
https://smartthings.com/,productivity,0,3,listed,6,1169062,364021,342749,21272,3,3,3,analytics.tiktok.com
https://smartthings.com/,productivity,0,4,page,6,6529140,641601,650405,-8804,4,4,4,connect.facebook.net
https://smartthings.com/,productivity,0,4,third_party,6,6528292,642029,650405,-8376,4,4,4,connect.facebook.net
https://smartthings.com/,productivity,0,4,listed,6,860244,672839,650405,22434,4,4,4,connect.facebook.net
https://smartthings.com/,productivity,0,5,page,6,6470607,700134,708989,-8855,5,5,5,cdn.attn.tv
https://smartthings.com/,productivity,0,5,third_party,6,6470187,700134,708989,-8855,5,5,5,cdn.attn.tv
https://smartthings.com/,productivity,0,5,listed,6,802177,730906,708989,21917,5,5,5,cdn.attn.tv
https://smartthings.com/,productivity,0,6,page,6,6184915,985826,811439,174387,6,6,6,cdn.quantummetric.com
https://smartthings.com/,productivity,0,6,third_party,6,6184067,986254,811439,174815,6,6,6,cdn.quantummetric.com
https://smartthings.com/,productivity,0,6,listed,6,697633,835450,811439,24011,6,6,6,cdn.quantummetric.com
https://smartthings.com/,productivity,1,0,page,6,7172052,0,0,0,0,0,0,
https://smartthings.com/,productivity,1,0,third_party,6,7171204,0,0,0,0,0,0,
https://smartthings.com/,productivity,1,0,listed,6,1535559,0,0,0,0,0,0,
https://smartthings.com/,productivity,1,1,page,6,7104930,67122,59165,7957,1,1,1,s.go-mpulse.net
https://smartthings.com/,productivity,1,1,third_party,6,7104082,67122,59165,7957,1,1,1,s.go-mpulse.net
https://smartthings.com/,productivity,1,1,listed,6,1468404,67155,59165,7990,1,1,1,s.go-mpulse.net
https://smartthings.com/,productivity,1,2,page,6,6797012,375040,366843,8197,2,2,2,connect.facebook.net
https://smartthings.com/,productivity,1,2,third_party,6,6796164,375040,366843,8197,2,2,2,connect.facebook.net
https://smartthings.com/,productivity,1,2,listed,6,1160145,375414,366843,8571,2,2,2,connect.facebook.net
https://smartthings.com/,productivity,1,3,page,6,6630738,541314,528564,12750,3,3,3,analytics.tiktok.com
https://smartthings.com/,productivity,1,3,third_party,6,6629890,541314,528564,12750,3,3,3,analytics.tiktok.com
https://smartthings.com/,productivity,1,3,listed,6,995715,539844,528564,11280,3,3,3,analytics.tiktok.com
https://smartthings.com/,productivity,1,4,page,6,6606620,565432,587148,-21716,4,4,4,cdn.attn.tv
https://smartthings.com/,productivity,1,4,third_party,6,6605772,565432,587148,-21716,4,4,4,cdn.attn.tv
https://smartthings.com/,productivity,1,4,listed,6,937798,597761,587148,10613,4,4,4,cdn.attn.tv
https://smartthings.com/,productivity,1,5,page,6,6438869,733183,712982,20201,5,5,5,samsungusa.api.useinsider.com
https://smartthings.com/,productivity,1,5,third_party,6,6438449,732755,712982,19773,5,5,5,samsungusa.api.useinsider.com
https://smartthings.com/,productivity,1,5,listed,6,804198,731361,712982,18379,5,5,5,samsungusa.api.useinsider.com
https://smartthings.com/,productivity,1,6,page,6,6185161,986891,815433,171458,6,6,6,cdn.quantummetric.com
https://smartthings.com/,productivity,1,6,third_party,6,6184313,986891,815433,171458,6,6,6,cdn.quantummetric.com
https://smartthings.com/,productivity,1,6,listed,6,697877,837682,815433,22249,6,6,6,cdn.quantummetric.com
https://stanford.edu/,reference,0,0,page,4,4926535,0,0,0,0,0,0,
https://stanford.edu/,reference,0,0,third_party,4,3687338,0,0,0,0,0,0,
https://stanford.edu/,reference,0,0,listed,4,190451,0,0,0,0,0,0,
https://stanford.edu/,reference,0,1,page,4,4880670,45865,839,45026,1,1,0,region1.google-analytics.com
https://stanford.edu/,reference,0,1,third_party,4,3642066,45272,839,44433,1,1,0,region1.google-analytics.com
https://stanford.edu/,reference,0,1,listed,4,190620,-169,839,-1008,1,1,0,region1.google-analytics.com
https://stanford.edu/,reference,0,2,page,4,3730257,1196278,188066,1008212,3,3,2,t.contentsquare.net
https://stanford.edu/,reference,0,2,third_party,4,2492467,1194871,188066,1006805,3,3,2,t.contentsquare.net
https://stanford.edu/,reference,0,2,listed,4,1646,188805,188066,739,3,3,2,t.contentsquare.net
https://stanford.edu/,reference,0,3,page,4,2643736,2282799,189682,2093117,2,2,1,googleads.g.doubleclick.net
https://stanford.edu/,reference,0,3,third_party,4,1489681,2197657,189682,2007975,2,2,1,googleads.g.doubleclick.net
https://stanford.edu/,reference,0,3,listed,4,769,189682,189682,0,2,2,1,googleads.g.doubleclick.net
https://stanford.edu/,reference,0,4,page,4,3729757,1196778,190451,1006327,5,5,3,static.doubleclick.net
https://stanford.edu/,reference,0,4,third_party,4,2491055,1196283,190451,1005832,5,5,3,static.doubleclick.net
https://stanford.edu/,reference,0,4,listed,4,0,190451,190451,0,5,5,3,static.doubleclick.net
https://stanford.edu/,reference,1,0,page,4,4518003,0,0,0,0,0,0,
https://stanford.edu/,reference,1,0,third_party,4,3278639,0,0,0,0,0,0,
https://stanford.edu/,reference,1,0,listed,4,189713,0,0,0,0,0,0,
https://stanford.edu/,reference,1,1,page,4,4743925,-225922,187228,-413150,2,2,2,t.contentsquare.net
https://stanford.edu/,reference,1,1,third_party,4,3504634,-225995,187228,-413223,2,2,2,t.contentsquare.net
https://stanford.edu/,reference,1,1,listed,4,3224,186489,187228,-739,2,2,2,t.contentsquare.net
https://stanford.edu/,reference,1,2,page,4,4112809,405194,188105,217089,3,3,2,googleads.g.doubleclick.net
https://stanford.edu/,reference,1,2,third_party,4,2875070,403569,188105,215464,3,3,2,googleads.g.doubleclick.net
https://stanford.edu/,reference,1,2,listed,4,1608,188105,188105,0,3,3,2,googleads.g.doubleclick.net
https://stanford.edu/,reference,1,3,page,4,4738092,-220089,188874,-408963,4,4,3,static.doubleclick.net
https://stanford.edu/,reference,1,3,third_party,4,3498412,-219773,188874,-408647,4,4,3,static.doubleclick.net
https://stanford.edu/,reference,1,3,listed,4,839,188874,188874,0,4,4,3,static.doubleclick.net
https://stanford.edu/,reference,1,4,page,4,4112059,405944,189713,216231,5,5,3,region1.google-analytics.com
https://stanford.edu/,reference,1,4,third_party,4,2873314,405325,189713,215612,5,5,3,region1.google-analytics.com
https://stanford.edu/,reference,1,4,listed,4,0,189713,189713,0,5,5,3,region1.google-analytics.com
https://techcrunch.com/,news,0,0,page,6,4729565,0,0,0,0,0,0,
https://techcrunch.com/,news,0,0,third_party,6,3778219,0,0,0,0,0,0,
https://techcrunch.com/,news,0,0,listed,6,1266618,0,0,0,0,0,0,
https://techcrunch.com/,news,0,1,page,6,4692756,36809,25232,11577,2,2,2,eus.rubiconproject.com
https://techcrunch.com/,news,0,1,third_party,6,3741410,36809,25232,11577,2,2,2,eus.rubiconproject.com
https://techcrunch.com/,news,0,1,listed,6,1244379,22239,25232,-2993,2,2,2,eus.rubiconproject.com
https://techcrunch.com/,news,0,2,page,6,4485216,244349,228838,15511,3,3,3,connect.facebook.net
https://techcrunch.com/,news,0,2,third_party,6,3533870,244349,228838,15511,3,3,3,connect.facebook.net
https://techcrunch.com/,news,0,2,listed,6,1040563,226055,228838,-2783,3,3,3,connect.facebook.net
https://techcrunch.com/,news,0,3,page,6,3887642,841923,444739,397184,2,2,2,securepubads.g.doubleclick.net
https://techcrunch.com/,news,0,3,third_party,6,2936296,841923,444739,397184,2,2,2,securepubads.g.doubleclick.net
https://techcrunch.com/,news,0,3,listed,6,764688,501930,444739,57191,2,2,2,securepubads.g.doubleclick.net
https://techcrunch.com/,news,0,4,page,6,3399158,1330407,898966,431441,3,3,3,public.servenobid.com
https://techcrunch.com/,news,0,4,third_party,6,2447812,1330407,898966,431441,3,3,3,public.servenobid.com
https://techcrunch.com/,news,0,4,listed,6,273563,993055,898966,94089,3,3,3,public.servenobid.com
https://techcrunch.com/,news,0,5,page,6,3403917,1325648,923047,402601,3,3,3,ads.pubmatic.com
https://techcrunch.com/,news,0,5,third_party,6,2452571,1325648,923047,402601,3,3,3,ads.pubmatic.com
https://techcrunch.com/,news,0,5,listed,6,274098,992520,923047,69473,3,3,3,ads.pubmatic.com
https://techcrunch.com/,news,0,6,page,6,3351058,1378507,972683,405824,5,5,5,ak.sail-horizon.com
https://techcrunch.com/,news,0,6,third_party,6,2399712,1378507,972683,405824,5,5,5,ak.sail-horizon.com
https://techcrunch.com/,news,0,6,listed,6,223290,1043328,972683,70645,5,5,5,ak.sail-horizon.com
https://techcrunch.com/,news,1,0,page,6,4727640,0,0,0,0,0,0,
https://techcrunch.com/,news,1,0,third_party,6,3776294,0,0,0,0,0,0,
https://techcrunch.com/,news,1,0,listed,6,1270787,0,0,0,0,0,0,
https://techcrunch.com/,news,1,1,page,6,4704011,23629,25232,-1603,2,2,2,eus.rubiconproject.com
https://techcrunch.com/,news,1,1,third_party,6,3752665,23629,25232,-1603,2,2,2,eus.rubiconproject.com
https://techcrunch.com/,news,1,1,listed,6,1244851,25936,25232,704,2,2,2,eus.rubiconproject.com
https://techcrunch.com/,news,1,2,page,6,3613982,1113658,479459,634199,2,2,2,public.servenobid.com
https://techcrunch.com/,news,1,2,third_party,6,2662636,1113658,479459,634199,2,2,2,public.servenobid.com
https://techcrunch.com/,news,1,2,listed,6,478497,792290,479459,312831,2,2,2,public.servenobid.com
https://techcrunch.com/,news,1,3,page,6,3613627,1114013,697493,416520,2,2,2,securepubads.g.doubleclick.net
https://techcrunch.com/,news,1,3,third_party,6,2662281,1114013,697493,416520,2,2,2,securepubads.g.doubleclick.net
https://techcrunch.com/,news,1,3,listed,6,478450,792337,697493,94844,2,2,2,securepubads.g.doubleclick.net
https://techcrunch.com/,news,1,4,page,6,3598944,1128696,721574,407122,2,2,2,ads.pubmatic.com
https://techcrunch.com/,news,1,4,third_party,6,2647598,1128696,721574,407122,2,2,2,ads.pubmatic.com
https://techcrunch.com/,news,1,4,listed,6,478147,792640,721574,71066,2,2,2,ads.pubmatic.com
https://techcrunch.com/,news,1,5,page,6,3396903,1330737,925199,405538,3,3,3,connect.facebook.net
https://techcrunch.com/,news,1,5,third_party,6,2445557,1330737,925199,405538,3,3,3,connect.facebook.net
https://techcrunch.com/,news,1,5,listed,6,274427,996360,925199,71161,3,3,3,connect.facebook.net
https://techcrunch.com/,news,1,6,page,6,3350425,1377215,974835,402380,5,5,5,ak.sail-horizon.com
https://techcrunch.com/,news,1,6,third_party,6,2399079,1377215,974835,402380,5,5,5,ak.sail-horizon.com
https://techcrunch.com/,news,1,6,listed,6,223288,1047499,974835,72664,5,5,5,ak.sail-horizon.com
https://ted.com/,entertainment,0,0,page,6,4704024,0,0,0,0,0,0,
https://ted.com/,entertainment,0,0,third_party,6,2531804,0,0,0,0,0,0,
https://ted.com/,entertainment,0,0,listed,6,521767,0,0,0,0,0,0,
https://ted.com/,entertainment,0,1,page,6,4702366,1658,702,956,1,1,0,fndrsp.net
https://ted.com/,entertainment,0,1,third_party,6,2531818,-14,702,-716,1,1,0,fndrsp.net
https://ted.com/,entertainment,0,1,listed,6,521658,109,702,-593,1,1,0,fndrsp.net
https://ted.com/,entertainment,0,2,page,6,4647668,56356,50338,6018,2,2,1,ak.sail-horizon.com
https://ted.com/,entertainment,0,2,third_party,6,2477436,54368,50338,4030,2,2,1,ak.sail-horizon.com
https://ted.com/,entertainment,0,2,listed,6,467817,53950,50338,3612,2,2,1,ak.sail-horizon.com
https://ted.com/,entertainment,0,3,page,6,4444218,259806,155657,104149,10,10,1,api.sail-personalize.com
https://ted.com/,entertainment,0,3,third_party,6,2376437,155367,155657,-290,10,10,1,api.sail-personalize.com
https://ted.com/,entertainment,0,3,listed,6,366523,155244,155657,-413,10,10,1,api.sail-personalize.com
https://ted.com/,entertainment,0,4,page,6,4179402,524622,412610,112012,11,11,2,securepubads.g.doubleclick.net
https://ted.com/,entertainment,0,4,third_party,6,2108176,423628,412610,11018,11,11,2,securepubads.g.doubleclick.net
https://ted.com/,entertainment,0,4,listed,6,109061,412706,412610,96,11,11,2,securepubads.g.doubleclick.net
https://ted.com/,entertainment,0,5,page,6,4179963,524061,413114,110947,11,11,2,pagead2.googlesyndication.com
https://ted.com/,entertainment,0,5,third_party,6,2108309,423495,413114,10381,11,11,2,pagead2.googlesyndication.com
https://ted.com/,entertainment,0,5,listed,6,109061,412706,413114,-408,11,11,2,pagead2.googlesyndication.com
https://ted.com/,entertainment,0,6,page,6,4177734,526290,415438,110852,13,13,2,bam.nr-data.net
https://ted.com/,entertainment,0,6,third_party,6,2106141,425663,415438,10225,13,13,2,bam.nr-data.net
https://ted.com/,entertainment,0,6,listed,6,106329,415438,415438,0,13,13,2,bam.nr-data.net
https://ted.com/,entertainment,1,0,page,6,4701814,0,0,0,0,0,0,
https://ted.com/,entertainment,1,0,third_party,6,2529911,0,0,0,0,0,0,
https://ted.com/,entertainment,1,0,listed,6,519951,0,0,0,0,0,0,
https://ted.com/,entertainment,1,1,page,6,4703207,-1393,698,-2091,1,1,0,fndrsp.net
https://ted.com/,entertainment,1,1,third_party,6,2530818,-907,698,-1605,1,1,0,fndrsp.net
https://ted.com/,entertainment,1,1,listed,6,520910,-959,698,-1657,1,1,0,fndrsp.net
https://ted.com/,entertainment,1,2,page,6,4435440,266374,255841,10533,2,2,1,securepubads.g.doubleclick.net
https://ted.com/,entertainment,1,2,third_party,6,2265184,264727,255841,8886,2,2,1,securepubads.g.doubleclick.net
https://ted.com/,entertainment,1,2,listed,6,264017,255934,255841,93,2,2,1,securepubads.g.doubleclick.net
https://ted.com/,entertainment,1,3,page,6,4229506,472308,361158,111150,11,11,1,api.sail-personalize.com
https://ted.com/,entertainment,1,3,third_party,6,2157913,371998,361158,10840,11,11,1,api.sail-personalize.com
https://ted.com/,entertainment,1,3,listed,6,158697,361254,361158,96,11,11,1,api.sail-personalize.com
https://ted.com/,entertainment,1,4,page,6,4229456,472358,361662,110696,11,11,1,pagead2.googlesyndication.com
https://ted.com/,entertainment,1,4,third_party,6,2157853,372058,361662,10396,11,11,1,pagead2.googlesyndication.com
https://ted.com/,entertainment,1,4,listed,6,158717,361234,361662,-428,11,11,1,pagead2.googlesyndication.com
https://ted.com/,entertainment,1,5,page,6,4176104,525710,411298,114412,11,11,2,ak.sail-horizon.com
https://ted.com/,entertainment,1,5,third_party,6,2108328,421583,411298,10285,11,11,2,ak.sail-horizon.com
https://ted.com/,entertainment,1,5,listed,6,109061,410890,411298,-408,11,11,2,ak.sail-horizon.com
https://ted.com/,entertainment,1,6,page,6,4177437,524377,413622,110755,13,13,2,bam.nr-data.net
https://ted.com/,entertainment,1,6,third_party,6,2105845,424066,413622,10444,13,13,2,bam.nr-data.net
https://ted.com/,entertainment,1,6,listed,6,106329,413622,413622,0,13,13,2,bam.nr-data.net
https://uol.com.br/,news,0,0,page,6,5194727,0,0,0,0,0,0,
https://uol.com.br/,news,0,0,third_party,6,2997824,0,0,0,0,0,0,
https://uol.com.br/,news,0,0,listed,6,730342,0,0,0,0,0,0,
https://uol.com.br/,news,0,1,page,6,4890870,303857,45763,258094,1,1,1,cdn.cxense.com
https://uol.com.br/,news,0,1,third_party,6,2953969,43855,45763,-1908,1,1,1,cdn.cxense.com
https://uol.com.br/,news,0,1,listed,6,684663,45679,45763,-84,1,1,1,cdn.cxense.com
https://uol.com.br/,news,0,2,page,6,4576484,618243,45763,572480,2,2,2,c.amazon-adsystem.com
https://uol.com.br/,news,0,2,third_party,6,3465173,-467349,45763,-513112,2,2,2,c.amazon-adsystem.com
https://uol.com.br/,news,0,2,listed,6,745162,-14820,45763,-60583,2,2,2,c.amazon-adsystem.com
https://uol.com.br/,news,0,3,page,6,4423979,770748,195995,574753,4,4,4,4b91477e-f67b-4d81-86db-a9742bd41e9c.edge.permutive.app
https://uol.com.br/,news,0,3,third_party,6,3269132,-271308,195995,-467303,4,4,4,4b91477e-f67b-4d81-86db-a9742bd41e9c.edge.permutive.app
https://uol.com.br/,news,0,3,listed,6,530705,199637,195995,3642,4,4,4,4b91477e-f67b-4d81-86db-a9742bd41e9c.edge.permutive.app
https://uol.com.br/,news,0,4,page,6,3469290,1725437,452515,1272922,6,6,6,securepubads.g.doubleclick.net
https://uol.com.br/,news,0,4,third_party,6,2895846,101978,452515,-350537,6,6,6,securepubads.g.doubleclick.net
https://uol.com.br/,news,0,4,listed,6,249904,480438,452515,27923,6,6,6,securepubads.g.doubleclick.net
https://uol.com.br/,news,0,5,page,6,4144379,1050348,489519,560829,7,7,7,static.chartbeat.com
https://uol.com.br/,news,0,5,third_party,6,2860206,137618,489519,-351901,7,7,7,static.chartbeat.com
https://uol.com.br/,news,0,5,listed,6,211653,518689,489519,29170,7,7,7,static.chartbeat.com
https://uol.com.br/,news,0,6,page,6,3419645,1775082,559884,1215198,8,8,8,sdk.mrf.io
https://uol.com.br/,news,0,6,third_party,6,2779218,218606,559884,-341278,8,8,8,sdk.mrf.io
https://uol.com.br/,news,0,6,listed,6,138061,592281,559884,32397,8,8,8,sdk.mrf.io
https://uol.com.br/,news,1,0,page,6,4222066,0,0,0,0,0,0,
https://uol.com.br/,news,1,0,third_party,6,3618271,0,0,0,0,0,0,
https://uol.com.br/,news,1,0,listed,6,891641,0,0,0,0,0,0,
https://uol.com.br/,news,1,1,page,6,5534727,-1312661,45763,-1358424,1,1,1,cdn.cxense.com
https://uol.com.br/,news,1,1,third_party,6,3574401,43870,45763,-1893,1,1,1,cdn.cxense.com
https://uol.com.br/,news,1,1,listed,6,847083,44558,45763,-1205,1,1,1,cdn.cxense.com
https://uol.com.br/,news,1,2,page,6,5485143,-1263077,302283,-1565360,3,3,3,securepubads.g.doubleclick.net
https://uol.com.br/,news,1,2,third_party,6,2630260,988011,302283,685728,3,3,3,securepubads.g.doubleclick.net
https://uol.com.br/,news,1,2,listed,6,429960,461681,302283,159398,3,3,3,securepubads.g.doubleclick.net
https://uol.com.br/,news,1,3,page,6,3671675,550391,452515,97876,5,5,5,4b91477e-f67b-4d81-86db-a9742bd41e9c.edge.permutive.app
https://uol.com.br/,news,1,3,third_party,6,2964159,654112,452515,201597,5,5,5,4b91477e-f67b-4d81-86db-a9742bd41e9c.edge.permutive.app
https://uol.com.br/,news,1,3,listed,6,328561,563080,452515,110565,5,5,5,4b91477e-f67b-4d81-86db-a9742bd41e9c.edge.permutive.app
https://uol.com.br/,news,1,4,page,6,3574131,647935,489519,158416,6,6,6,static.chartbeat.com
https://uol.com.br/,news,1,4,third_party,6,2966240,652031,489519,162512,6,6,6,static.chartbeat.com
https://uol.com.br/,news,1,4,listed,6,313521,578120,489519,88601,6,6,6,static.chartbeat.com
https://uol.com.br/,news,1,5,page,6,3527756,694310,588344,105966,7,7,7,c.amazon-adsystem.com
https://uol.com.br/,news,1,5,third_party,6,2870541,747730,588344,159386,7,7,7,c.amazon-adsystem.com
https://uol.com.br/,news,1,5,listed,6,216818,674823,588344,86479,7,7,7,c.amazon-adsystem.com
https://uol.com.br/,news,1,6,page,6,3896972,325094,658709,-333615,8,8,8,sdk.mrf.io
https://uol.com.br/,news,1,6,third_party,6,2790776,827495,658709,168786,8,8,8,sdk.mrf.io
https://uol.com.br/,news,1,6,listed,6,138071,753570,658709,94861,8,8,8,sdk.mrf.io
https://viber.com/,social,0,0,page,4,13618382,0,0,0,0,0,0,
https://viber.com/,social,0,0,third_party,4,733740,0,0,0,0,0,0,
https://viber.com/,social,0,0,listed,4,229357,0,0,0,0,0,0,
https://viber.com/,social,0,1,page,4,13618315,67,836,-769,1,1,0,region1.analytics.google.com
https://viber.com/,social,0,1,third_party,4,733984,-244,836,-1080,1,1,0,region1.analytics.google.com
https://viber.com/,social,0,1,listed,4,229171,186,836,-650,1,1,0,region1.analytics.google.com
https://viber.com/,social,0,2,page,4,13558322,60060,59683,377,2,2,1,s.go-mpulse.net
https://viber.com/,social,0,2,third_party,4,674360,59380,59683,-303,2,2,1,s.go-mpulse.net
https://viber.com/,social,0,2,listed,4,169330,60027,59683,344,2,2,1,s.go-mpulse.net
https://viber.com/,social,0,3,page,4,13523858,94524,93975,549,3,3,2,cdn.mxpnl.com
https://viber.com/,social,0,3,third_party,4,639220,94520,93975,545,3,3,2,cdn.mxpnl.com
https://viber.com/,social,0,3,listed,4,135038,94319,93975,344,3,3,2,cdn.mxpnl.com
https://viber.com/,social,0,4,page,4,13524174,94208,94527,-319,5,4,2,ad.doubleclick.net
https://viber.com/,social,0,4,third_party,4,639513,94227,94527,-300,5,4,2,ad.doubleclick.net
https://viber.com/,social,0,4,listed,4,134486,94871,94527,344,5,4,2,ad.doubleclick.net
https://viber.com/,social,1,0,page,4,13617881,0,0,0,0,0,0,
https://viber.com/,social,1,0,third_party,4,733564,0,0,0,0,0,0,
https://viber.com/,social,1,0,listed,4,229382,0,0,0,0,0,0,
https://viber.com/,social,1,1,page,4,13558987,58894,58847,47,1,1,1,s.go-mpulse.net
https://viber.com/,social,1,1,third_party,4,674348,59216,58847,369,1,1,1,s.go-mpulse.net
https://viber.com/,social,1,1,listed,4,170166,59216,58847,369,1,1,1,s.go-mpulse.net
https://viber.com/,social,1,2,page,4,13525741,92140,93164,-1024,2,2,2,cdn.mxpnl.com
https://viber.com/,social,1,2,third_party,4,640056,93508,93164,344,2,2,2,cdn.mxpnl.com
https://viber.com/,social,1,2,listed,4,135874,93508,93164,344,2,2,2,cdn.mxpnl.com
https://viber.com/,social,1,3,page,4,13523814,94067,93716,351,4,3,2,ad.doubleclick.net
https://viber.com/,social,1,3,third_party,4,639504,94060,93716,344,4,3,2,ad.doubleclick.net
https://viber.com/,social,1,3,listed,4,135322,94060,93716,344,4,3,2,ad.doubleclick.net
https://viber.com/,social,1,4,page,4,13522563,95318,94552,766,5,4,2,region1.analytics.google.com
https://viber.com/,social,1,4,third_party,4,638672,94892,94552,340,5,4,2,region1.analytics.google.com
https://viber.com/,social,1,4,listed,4,134486,94896,94552,344,5,4,2,region1.analytics.google.com
