page,category,rep,k,width,n_hosts,bytes,saved,own,cascade,n_aborted,n_aborted_casc,last_blocked
https://3lift.com/,infrastructure,0,0,page,4,3866909,0,0,0,0,0,
https://3lift.com/,infrastructure,0,0,third_party,4,3866252,0,0,0,0,0,
https://3lift.com/,infrastructure,0,0,listed,4,2605876,0,0,0,0,0,
https://3lift.com/,infrastructure,0,1,page,4,3866654,255,2512,-2257,0,0,match.adsrvr.org
https://3lift.com/,infrastructure,0,1,third_party,4,3865997,255,2512,-2257,0,0,match.adsrvr.org
https://3lift.com/,infrastructure,0,1,listed,4,2605674,202,2512,-2310,0,0,match.adsrvr.org
https://3lift.com/,infrastructure,0,2,page,4,3827577,39332,36898,2434,3,3,js.adsrvr.org
https://3lift.com/,infrastructure,0,2,third_party,4,3826920,39332,36898,2434,3,3,js.adsrvr.org
https://3lift.com/,infrastructure,0,2,listed,4,2566849,39027,36898,2129,3,3,js.adsrvr.org
https://3lift.com/,infrastructure,0,3,page,4,3828017,38892,39341,-449,4,3,insight.adsrvr.org
https://3lift.com/,infrastructure,0,3,third_party,4,3827360,38892,39341,-449,4,3,insight.adsrvr.org
https://3lift.com/,infrastructure,0,3,listed,4,2566498,39378,39341,37,4,3,insight.adsrvr.org
https://3lift.com/,infrastructure,0,4,page,4,3826613,40296,39895,401,6,4,pagead2.googlesyndication.com
https://3lift.com/,infrastructure,0,4,third_party,4,3825956,40296,39895,401,6,4,pagead2.googlesyndication.com
https://3lift.com/,infrastructure,0,4,listed,4,2565900,39976,39895,81,6,4,pagead2.googlesyndication.com
https://3lift.com/,infrastructure,1,0,page,4,3866749,0,0,0,0,0,
https://3lift.com/,infrastructure,1,0,third_party,4,3866092,0,0,0,0,0,
https://3lift.com/,infrastructure,1,0,listed,4,2605912,0,0,0,0,0,
https://3lift.com/,infrastructure,1,1,page,4,3826958,39791,34386,5405,3,3,js.adsrvr.org
https://3lift.com/,infrastructure,1,1,third_party,4,3826301,39791,34386,5405,3,3,js.adsrvr.org
https://3lift.com/,infrastructure,1,1,listed,4,2566086,39826,34386,5440,3,3,js.adsrvr.org
https://3lift.com/,infrastructure,1,2,page,4,3827223,39526,36829,2697,4,3,insight.adsrvr.org
https://3lift.com/,infrastructure,1,2,third_party,4,3826566,39526,36829,2697,4,3,insight.adsrvr.org
https://3lift.com/,infrastructure,1,2,listed,4,2566441,39471,36829,2642,4,3,insight.adsrvr.org
https://3lift.com/,infrastructure,1,3,page,4,3826690,40059,37383,2676,6,4,pagead2.googlesyndication.com
https://3lift.com/,infrastructure,1,3,third_party,4,3826033,40059,37383,2676,6,4,pagead2.googlesyndication.com
https://3lift.com/,infrastructure,1,3,listed,4,2565864,40048,37383,2665,6,4,pagead2.googlesyndication.com
https://3lift.com/,infrastructure,1,4,page,4,3826880,39869,39895,-26,6,4,match.adsrvr.org
https://3lift.com/,infrastructure,1,4,third_party,4,3826223,39869,39895,-26,6,4,match.adsrvr.org
https://3lift.com/,infrastructure,1,4,listed,4,2566130,39782,39895,-113,6,4,match.adsrvr.org
https://abovedomains.com/,infrastructure,0,0,page,6,4694252,0,0,0,0,0,
https://abovedomains.com/,infrastructure,0,0,third_party,6,4694066,0,0,0,0,0,
https://abovedomains.com/,infrastructure,0,0,listed,6,317543,0,0,0,0,0,
https://abovedomains.com/,infrastructure,0,1,page,6,3910042,784210,5913,778297,1,1,js.hsadspixel.net
https://abovedomains.com/,infrastructure,0,1,third_party,6,3909856,784210,5913,778297,1,1,js.hsadspixel.net
https://abovedomains.com/,infrastructure,0,1,listed,6,310045,7498,5913,1585,1,1,js.hsadspixel.net
https://abovedomains.com/,infrastructure,0,2,page,6,3877948,816304,35550,780754,2,2,js.hubspot.com
https://abovedomains.com/,infrastructure,0,2,third_party,6,3877948,816118,35550,780568,2,2,js.hubspot.com
https://abovedomains.com/,infrastructure,0,2,listed,6,279105,38438,35550,2888,2,2,js.hubspot.com
https://abovedomains.com/,infrastructure,0,3,page,6,3832760,861492,79463,782029,3,3,js.hs-analytics.net
https://abovedomains.com/,infrastructure,0,3,third_party,6,3832574,861492,79463,782029,3,3,js.hs-analytics.net
https://abovedomains.com/,infrastructure,0,3,listed,6,233820,83723,79463,4260,3,3,js.hs-analytics.net
https://abovedomains.com/,infrastructure,0,4,page,6,3629798,1064454,281874,782580,4,4,connect.facebook.net
https://abovedomains.com/,infrastructure,0,4,third_party,6,3629612,1064454,281874,782580,4,4,connect.facebook.net
https://abovedomains.com/,infrastructure,0,4,listed,6,30917,286626,281874,4752,4,4,connect.facebook.net
https://abovedomains.com/,infrastructure,0,5,page,6,2795087,1899165,285475,1613690,4,4,js.hs-scripts.com
https://abovedomains.com/,infrastructure,0,5,third_party,6,2794901,1899165,285475,1613690,4,4,js.hs-scripts.com
https://abovedomains.com/,infrastructure,0,5,listed,6,2224,315319,285475,29844,4,4,js.hs-scripts.com
https://abovedomains.com/,infrastructure,0,6,page,6,2794400,1899852,310589,1589263,4,4,js.hs-banner.com
https://abovedomains.com/,infrastructure,0,6,third_party,6,2794214,1899852,310589,1589263,4,4,js.hs-banner.com
https://abovedomains.com/,infrastructure,0,6,listed,6,2224,315319,310589,4730,4,4,js.hs-banner.com
https://abovedomains.com/,infrastructure,1,0,page,6,4694488,0,0,0,0,0,
https://abovedomains.com/,infrastructure,1,0,third_party,6,4694302,0,0,0,0,0,
https://abovedomains.com/,infrastructure,1,0,listed,6,317532,0,0,0,0,0,
https://abovedomains.com/,infrastructure,1,1,page,6,3909750,784738,5913,778825,1,1,js.hsadspixel.net
https://abovedomains.com/,infrastructure,1,1,third_party,6,3909750,784552,5913,778639,1,1,js.hsadspixel.net
https://abovedomains.com/,infrastructure,1,1,listed,6,309995,7537,5913,1624,1,1,js.hsadspixel.net
https://abovedomains.com/,infrastructure,1,2,page,6,3707038,987450,208324,779126,2,2,connect.facebook.net
https://abovedomains.com/,infrastructure,1,2,third_party,6,3706852,987450,208324,779126,2,2,connect.facebook.net
https://abovedomains.com/,infrastructure,1,2,listed,6,107082,210450,208324,2126,2,2,connect.facebook.net
https://abovedomains.com/,infrastructure,1,3,page,6,3662223,1032265,252236,780029,3,3,js.hs-analytics.net
https://abovedomains.com/,infrastructure,1,3,third_party,6,3662037,1032265,252236,780029,3,3,js.hs-analytics.net
https://abovedomains.com/,infrastructure,1,3,listed,6,62165,255367,252236,3131,3,3,js.hs-analytics.net
https://abovedomains.com/,infrastructure,1,4,page,6,2795010,1899478,255816,1643662,4,4,js.hs-scripts.com
https://abovedomains.com/,infrastructure,1,4,third_party,6,2794824,1899478,255816,1643662,4,4,js.hs-scripts.com
https://abovedomains.com/,infrastructure,1,4,listed,6,2224,315308,255816,59492,4,4,js.hs-scripts.com
https://abovedomains.com/,infrastructure,1,5,page,6,2794446,1900042,285461,1614581,4,4,js.hubspot.com
https://abovedomains.com/,infrastructure,1,5,third_party,6,2794446,1899856,285461,1614395,4,4,js.hubspot.com
https://abovedomains.com/,infrastructure,1,5,listed,6,2224,315308,285461,29847,4,4,js.hubspot.com
https://abovedomains.com/,infrastructure,1,6,page,6,2794304,1900184,310575,1589609,4,4,js.hs-banner.com
https://abovedomains.com/,infrastructure,1,6,third_party,6,2794304,1899998,310575,1589423,4,4,js.hs-banner.com
https://abovedomains.com/,infrastructure,1,6,listed,6,2224,315308,310575,4733,4,4,js.hs-banner.com
https://applovin.com/,productivity,0,0,page,6,20156891,0,0,0,0,0,
https://applovin.com/,productivity,0,0,third_party,6,13808250,0,0,0,0,0,
https://applovin.com/,productivity,0,0,listed,6,2186238,0,0,0,0,0,
https://applovin.com/,productivity,0,1,page,6,20122102,34789,31122,3667,1,1,js.hubspot.com
https://applovin.com/,productivity,0,1,third_party,6,13773382,34868,31122,3746,1,1,js.hubspot.com
https://applovin.com/,productivity,0,1,listed,6,2152413,33825,31122,2703,1,1,js.hubspot.com
https://applovin.com/,productivity,0,2,page,6,20077652,79239,75028,4211,2,2,js.hs-analytics.net
https://applovin.com/,productivity,0,2,third_party,6,13728978,79272,75028,4244,2,2,js.hs-analytics.net
https://applovin.com/,productivity,0,2,listed,6,2108001,78237,75028,3209,2,2,js.hs-analytics.net
https://applovin.com/,productivity,0,3,page,6,16271109,3885782,122870,3762912,4,4,snap.licdn.com
https://applovin.com/,productivity,0,3,third_party,6,13676708,131542,122870,8672,4,4,snap.licdn.com
https://applovin.com/,productivity,0,3,listed,6,2055713,130525,122870,7655,4,4,snap.licdn.com
https://applovin.com/,productivity,0,4,page,6,19767334,389557,381730,7827,5,5,connect.facebook.net
https://applovin.com/,productivity,0,4,third_party,6,13418673,389577,381730,7847,5,5,connect.facebook.net
https://applovin.com/,productivity,0,4,listed,6,1797679,388559,381730,6829,5,5,connect.facebook.net
https://applovin.com/,productivity,0,5,page,6,19554746,602145,401862,200283,5,5,js.hs-banner.com
https://applovin.com/,productivity,0,5,third_party,6,13204728,603522,401862,201660,5,5,js.hs-banner.com
https://applovin.com/,productivity,0,5,listed,6,1775122,411116,401862,9254,5,5,js.hs-banner.com
https://applovin.com/,productivity,0,6,page,6,19517209,639682,438075,201607,8,8,us-assets.i.posthog.com
https://applovin.com/,productivity,0,6,third_party,6,13168538,639712,438075,201637,8,8,us-assets.i.posthog.com
https://applovin.com/,productivity,0,6,listed,6,1738928,447310,438075,9235,8,8,us-assets.i.posthog.com
https://applovin.com/,productivity,1,0,page,6,20155183,0,0,0,0,0,
https://applovin.com/,productivity,1,0,third_party,6,13807308,0,0,0,0,0,
https://applovin.com/,productivity,1,0,listed,6,2185146,0,0,0,0,0,
https://applovin.com/,productivity,1,1,page,6,20123963,31220,31117,103,1,1,js.hubspot.com
https://applovin.com/,productivity,1,1,third_party,6,13773716,33592,31117,2475,1,1,js.hubspot.com
https://applovin.com/,productivity,1,1,listed,6,2152485,32661,31117,1544,1,1,js.hubspot.com
https://applovin.com/,productivity,1,2,page,6,19864484,290699,289929,770,2,2,connect.facebook.net
https://applovin.com/,productivity,1,2,third_party,6,13515787,291521,289929,1592,2,2,connect.facebook.net
https://applovin.com/,productivity,1,2,listed,6,1894639,290507,289929,578,2,2,connect.facebook.net
https://applovin.com/,productivity,1,3,page,6,19812437,342746,337771,4975,4,4,snap.licdn.com
https://applovin.com/,productivity,1,3,third_party,6,13463749,343559,337771,5788,4,4,snap.licdn.com
https://applovin.com/,productivity,1,3,listed,6,1842041,343105,337771,5334,4,4,snap.licdn.com
https://applovin.com/,productivity,1,4,page,6,19598754,556429,357904,198525,4,4,js.hs-banner.com
https://applovin.com/,productivity,1,4,third_party,6,13250809,556499,357904,198595,4,4,js.hs-banner.com
https://applovin.com/,productivity,1,4,listed,6,1821174,363972,357904,6068,4,4,js.hs-banner.com
https://applovin.com/,productivity,1,5,page,6,19555001,600182,401806,198376,5,5,js.hs-analytics.net
https://applovin.com/,productivity,1,5,third_party,6,13206312,600996,401806,199190,5,5,js.hs-analytics.net
https://applovin.com/,productivity,1,5,listed,6,1775983,409163,401806,7357,5,5,js.hs-analytics.net
https://applovin.com/,productivity,1,6,page,6,19518074,637109,438002,199107,8,8,us-assets.i.posthog.com
https://applovin.com/,productivity,1,6,third_party,6,13169361,637947,438002,199945,8,8,us-assets.i.posthog.com
https://applovin.com/,productivity,1,6,listed,6,1739744,445402,438002,7400,8,8,us-assets.i.posthog.com
https://att.com/,productivity,0,0,page,6,7119042,0,0,0,0,0,
https://att.com/,productivity,0,0,third_party,6,1087664,0,0,0,0,0,
https://att.com/,productivity,0,0,listed,6,854926,0,0,0,0,0,
https://att.com/,productivity,0,1,page,6,7052037,67005,53231,13774,1,1,d.oracleinfinity.io
https://att.com/,productivity,0,1,third_party,6,1030558,57106,53231,3875,1,1,d.oracleinfinity.io
https://att.com/,productivity,0,1,listed,6,797257,57669,53231,4438,1,1,d.oracleinfinity.io
https://att.com/,productivity,0,2,page,6,6939589,179453,171561,7892,5,5,s2.go-mpulse.net
https://att.com/,productivity,0,2,third_party,6,907021,180643,171561,9082,5,5,s2.go-mpulse.net
https://att.com/,productivity,0,2,listed,6,674293,180633,171561,9072,5,5,s2.go-mpulse.net
https://att.com/,productivity,0,3,page,6,6761056,357986,349930,8056,6,6,connect.facebook.net
https://att.com/,productivity,0,3,third_party,6,1741208,-653544,349930,-1003474,6,6,connect.facebook.net
https://att.com/,productivity,0,3,listed,6,488320,366606,349930,16676,6,6,connect.facebook.net
https://att.com/,productivity,0,4,page,6,6552756,566286,556017,10269,8,8,cdn.quantummetric.com
https://att.com/,productivity,0,4,third_party,6,513510,574154,556017,18137,8,8,cdn.quantummetric.com
https://att.com/,productivity,0,4,listed,6,281530,573396,556017,17379,8,8,cdn.quantummetric.com
https://att.com/,productivity,0,5,page,6,6487874,631168,604332,26836,9,9,solutions.invocacdn.com
https://att.com/,productivity,0,5,third_party,6,468039,619625,604332,15293,9,9,solutions.invocacdn.com
https://att.com/,productivity,0,5,listed,6,236090,618836,604332,14504,9,9,solutions.invocacdn.com
https://att.com/,productivity,0,6,page,6,6426377,692665,683880,8785,10,10,resources.digital-cloud-smf1.medallia.com
https://att.com/,productivity,0,6,third_party,6,392384,695280,683880,11400,10,10,resources.digital-cloud-smf1.medallia.com
https://att.com/,productivity,0,6,listed,6,160486,694440,683880,10560,10,10,resources.digital-cloud-smf1.medallia.com
https://att.com/,productivity,1,0,page,6,7114686,0,0,0,0,0,
https://att.com/,productivity,1,0,third_party,6,1093519,0,0,0,0,0,
https://att.com/,productivity,1,0,listed,6,860567,0,0,0,0,0,
https://att.com/,productivity,1,1,page,6,7050629,64057,53231,10826,1,1,d.oracleinfinity.io
https://att.com/,productivity,1,1,third_party,6,1028267,65252,53231,12021,1,1,d.oracleinfinity.io
https://att.com/,productivity,1,1,listed,6,796274,64293,53231,11062,1,1,d.oracleinfinity.io
https://att.com/,productivity,1,2,page,6,6853003,261683,259320,2363,3,3,cdn.quantummetric.com
https://att.com/,productivity,1,2,third_party,6,821681,271838,259320,12518,3,3,cdn.quantummetric.com
https://att.com/,productivity,1,2,listed,6,588825,271742,259320,12422,3,3,cdn.quantummetric.com
https://att.com/,productivity,1,3,page,6,6671270,443416,437687,5729,4,4,connect.facebook.net
https://att.com/,productivity,1,3,third_party,6,648085,445434,437687,7747,4,4,connect.facebook.net
https://att.com/,productivity,1,3,listed,6,415002,445565,437687,7878,4,4,connect.facebook.net
https://att.com/,productivity,1,4,page,6,6620423,494263,486002,8261,5,5,solutions.invocacdn.com
https://att.com/,productivity,1,4,third_party,6,593759,499760,486002,13758,5,5,solutions.invocacdn.com
https://att.com/,productivity,1,4,listed,6,361911,498656,486002,12654,5,5,solutions.invocacdn.com
https://att.com/,productivity,1,5,page,6,6495519,619167,604332,14835,9,9,s2.go-mpulse.net
https://att.com/,productivity,1,5,third_party,6,462731,630788,604332,26456,9,9,s2.go-mpulse.net
https://att.com/,productivity,1,5,listed,6,230871,629696,604332,25364,9,9,s2.go-mpulse.net
https://att.com/,productivity,1,6,page,6,6412793,701893,683880,18013,10,10,resources.digital-cloud-smf1.medallia.com
https://att.com/,productivity,1,6,third_party,6,393528,699991,683880,16111,10,10,resources.digital-cloud-smf1.medallia.com
https://att.com/,productivity,1,6,listed,6,161788,698779,683880,14899,10,10,resources.digital-cloud-smf1.medallia.com
https://avito.ru/,shopping,0,0,page,6,9466982,0,0,0,0,0,
https://avito.ru/,shopping,0,0,third_party,6,9120272,0,0,0,0,0,
https://avito.ru/,shopping,0,0,listed,6,7750029,0,0,0,0,0,
https://avito.ru/,shopping,0,1,page,6,10553604,-1086622,13670,-1100292,10,9,mc.yandex.com
https://avito.ru/,shopping,0,1,third_party,6,10194914,-1074642,13670,-1088312,10,9,mc.yandex.com
https://avito.ru/,shopping,0,1,listed,6,8140506,-390477,13670,-404147,10,9,mc.yandex.com
https://avito.ru/,shopping,0,2,page,6,10516160,-1049178,105678,-1154856,2,2,mc.yandex.ru
https://avito.ru/,shopping,0,2,third_party,6,10060680,-940408,105678,-1046086,2,2,mc.yandex.ru
https://avito.ru/,shopping,0,2,listed,6,8631388,-881359,105678,-987037,2,2,mc.yandex.ru
https://avito.ru/,shopping,0,3,page,6,9344839,122143,276046,-153903,4,4,static.a.mts.ru
https://avito.ru/,shopping,0,3,third_party,6,8982668,137604,276046,-138442,4,4,static.a.mts.ru
https://avito.ru/,shopping,0,3,listed,6,7231761,518268,276046,242222,4,4,static.a.mts.ru
https://avito.ru/,shopping,0,4,page,6,8941539,525443,761150,-235707,12,5,yandex.ru
https://avito.ru/,shopping,0,4,third_party,6,8457548,662724,761150,-98426,12,5,yandex.ru
https://avito.ru/,shopping,0,4,listed,6,7729998,20031,761150,-741119,12,5,yandex.ru
https://avito.ru/,shopping,0,5,page,6,7709789,1757193,778622,978571,8,6,content.adriver.ru
https://avito.ru/,shopping,0,5,third_party,6,7371462,1748810,778622,970188,8,6,content.adriver.ru
https://avito.ru/,shopping,0,5,listed,6,6671912,1078117,778622,299495,8,6,content.adriver.ru
https://avito.ru/,shopping,0,6,page,6,8592785,874197,805593,68604,11,7,top-fwz1.mail.ru
https://avito.ru/,shopping,0,6,third_party,6,8123673,996599,805593,191006,11,7,top-fwz1.mail.ru
https://avito.ru/,shopping,0,6,listed,6,7420986,329043,805593,-476550,11,7,top-fwz1.mail.ru
https://avito.ru/,shopping,1,0,page,6,9566987,0,0,0,0,0,
https://avito.ru/,shopping,1,0,third_party,6,9234750,0,0,0,0,0,
https://avito.ru/,shopping,1,0,listed,6,7516059,0,0,0,0,0,
https://avito.ru/,shopping,1,1,page,6,10705655,-1138668,19347,-1158015,10,9,mc.yandex.com
https://avito.ru/,shopping,1,1,third_party,6,10413786,-1179036,19347,-1198383,10,9,mc.yandex.com
https://avito.ru/,shopping,1,1,listed,6,8522896,-1006837,19347,-1026184,10,9,mc.yandex.com
https://avito.ru/,shopping,1,2,page,6,8731638,835349,580922,254427,6,4,yandex.ru
https://avito.ru/,shopping,1,2,third_party,6,8355840,878910,580922,297988,6,4,yandex.ru
https://avito.ru/,shopping,1,2,listed,6,7672740,-156681,580922,-737603,6,4,yandex.ru
https://avito.ru/,shopping,1,3,page,6,8529975,1037012,751290,285722,10,5,static.a.mts.ru
https://avito.ru/,shopping,1,3,third_party,6,8114005,1120745,751290,369455,10,5,static.a.mts.ru
https://avito.ru/,shopping,1,3,listed,6,7377937,138122,751290,-613168,10,5,static.a.mts.ru
https://avito.ru/,shopping,1,4,page,6,6717506,2849481,768762,2080719,6,6,content.adriver.ru
https://avito.ru/,shopping,1,4,third_party,6,6386577,2848173,768762,2079411,6,6,content.adriver.ru
https://avito.ru/,shopping,1,4,listed,6,5736509,1779550,768762,1010788,6,6,content.adriver.ru
https://avito.ru/,shopping,1,5,page,6,9381588,185399,936379,-750980,8,6,mc.yandex.ru
https://avito.ru/,shopping,1,5,third_party,6,8776450,458300,936379,-478079,8,6,mc.yandex.ru
https://avito.ru/,shopping,1,5,listed,6,8069247,-553188,936379,-1489567,8,6,mc.yandex.ru
https://avito.ru/,shopping,1,6,page,6,7825175,1741812,963350,778462,19,7,top-fwz1.mail.ru
https://avito.ru/,shopping,1,6,third_party,6,7427197,1807553,963350,844203,19,7,top-fwz1.mail.ru
https://avito.ru/,shopping,1,6,listed,6,6697110,818949,963350,-144401,19,7,top-fwz1.mail.ru
https://bit.ly/,infrastructure,0,0,page,5,5831613,0,0,0,0,0,
https://bit.ly/,infrastructure,0,0,third_party,5,5831613,0,0,0,0,0,
https://bit.ly/,infrastructure,0,0,listed,5,354727,0,0,0,0,0,
https://bit.ly/,infrastructure,0,1,page,5,5833616,-2003,2476,-4479,3,3,region1.google-analytics.com
https://bit.ly/,infrastructure,0,1,third_party,5,5833251,-1638,2476,-4114,3,3,region1.google-analytics.com
https://bit.ly/,infrastructure,0,1,listed,5,352876,1851,2476,-625,3,3,region1.google-analytics.com
https://bit.ly/,infrastructure,0,2,page,5,5795571,36042,37594,-1552,4,4,bat.bing.com
https://bit.ly/,infrastructure,0,2,third_party,5,5795206,36407,37594,-1187,4,4,bat.bing.com
https://bit.ly/,infrastructure,0,2,listed,5,317158,37569,37594,-25,4,4,bat.bing.com
https://bit.ly/,infrastructure,0,3,page,5,5670193,161420,161322,98,6,6,cdn.optimizely.com
https://bit.ly/,infrastructure,0,3,third_party,5,5669828,161785,161322,463,6,6,cdn.optimizely.com
https://bit.ly/,infrastructure,0,3,listed,5,191893,162834,161322,1512,6,6,cdn.optimizely.com
https://bit.ly/,infrastructure,0,4,page,5,5670176,161437,161699,-262,6,6,cdn3.optimizely.com
https://bit.ly/,infrastructure,0,4,third_party,5,5669811,161802,161699,103,6,6,cdn3.optimizely.com
https://bit.ly/,infrastructure,0,4,listed,5,191893,162834,161699,1135,6,6,cdn3.optimizely.com
https://bit.ly/,infrastructure,0,5,page,5,5670557,161056,163346,-2290,12,9,pagead2.googlesyndication.com
https://bit.ly/,infrastructure,0,5,third_party,5,5670167,161446,163346,-1900,12,9,pagead2.googlesyndication.com
https://bit.ly/,infrastructure,0,5,listed,5,190246,164481,163346,1135,12,9,pagead2.googlesyndication.com
https://bit.ly/,infrastructure,1,0,page,5,5834846,0,0,0,0,0,
https://bit.ly/,infrastructure,1,0,third_party,5,5834456,0,0,0,0,0,
https://bit.ly/,infrastructure,1,0,listed,5,354540,0,0,0,0,0,
https://bit.ly/,infrastructure,1,1,page,5,5712971,121875,123728,-1853,2,2,cdn.optimizely.com
https://bit.ly/,infrastructure,1,1,third_party,5,5712581,121875,123728,-1853,2,2,cdn.optimizely.com
https://bit.ly/,infrastructure,1,1,listed,5,230112,124428,123728,700,2,2,cdn.optimizely.com
https://bit.ly/,infrastructure,1,2,page,5,5709486,125360,125392,-32,5,5,region1.google-analytics.com
https://bit.ly/,infrastructure,1,2,third_party,5,5709486,124970,125392,-422,5,5,region1.google-analytics.com
https://bit.ly/,infrastructure,1,2,listed,5,227636,126904,125392,1512,5,5,region1.google-analytics.com
https://bit.ly/,infrastructure,1,3,page,5,5671524,163322,161135,2187,6,6,bat.bing.com
https://bit.ly/,infrastructure,1,3,third_party,5,5671159,163297,161135,2162,6,6,bat.bing.com
https://bit.ly/,infrastructure,1,3,listed,5,191893,162647,161135,1512,6,6,bat.bing.com
https://bit.ly/,infrastructure,1,4,page,5,5668508,166338,162782,3556,12,9,pagead2.googlesyndication.com
https://bit.ly/,infrastructure,1,4,third_party,5,5668143,166313,162782,3531,12,9,pagead2.googlesyndication.com
https://bit.ly/,infrastructure,1,4,listed,5,190246,164294,162782,1512,12,9,pagead2.googlesyndication.com
https://bit.ly/,infrastructure,1,5,page,5,5670304,164542,163159,1383,12,9,cdn3.optimizely.com
https://bit.ly/,infrastructure,1,5,third_party,5,5669939,164517,163159,1358,12,9,cdn3.optimizely.com
https://bit.ly/,infrastructure,1,5,listed,5,190246,164294,163159,1135,12,9,cdn3.optimizely.com
https://braze.com/,productivity,0,0,page,6,8408720,0,0,0,0,0,
https://braze.com/,productivity,0,0,third_party,6,5095137,0,0,0,0,0,
https://braze.com/,productivity,0,0,listed,6,2060292,0,0,0,0,0,
https://braze.com/,productivity,0,1,page,6,8861771,-453051,5530,-458581,20,10,pagead2.googlesyndication.com
https://braze.com/,productivity,0,1,third_party,6,5482044,-386907,5530,-392437,20,10,pagead2.googlesyndication.com
https://braze.com/,productivity,0,1,listed,6,2198222,-137930,5530,-143460,20,10,pagead2.googlesyndication.com
https://braze.com/,productivity,0,2,page,6,7433660,975060,17238,957822,31,21,app.qualified.com
https://braze.com/,productivity,0,2,third_party,6,4052555,1042582,17238,1025344,31,21,app.qualified.com
https://braze.com/,productivity,0,2,listed,6,768630,1291662,17238,1274424,31,21,app.qualified.com
https://braze.com/,productivity,0,3,page,6,6962019,1446701,238661,1208040,33,22,dev.visualwebsiteoptimizer.com
https://braze.com/,productivity,0,3,third_party,6,3581399,1513738,238661,1275077,33,22,dev.visualwebsiteoptimizer.com
https://braze.com/,productivity,0,3,listed,6,547456,1512836,238661,1274175,33,22,dev.visualwebsiteoptimizer.com
https://braze.com/,productivity,0,4,page,6,6691534,1717186,702297,1014889,23,12,js.qualified.com
https://braze.com/,productivity,0,4,third_party,6,3310430,1784707,702297,1082410,23,12,js.qualified.com
https://braze.com/,productivity,0,4,listed,6,276896,1783396,702297,1081099,23,12,js.qualified.com
https://braze.com/,productivity,0,5,page,6,6690414,1718306,703133,1015173,24,13,region1.google-analytics.com
https://braze.com/,productivity,0,5,third_party,6,3309869,1785268,703133,1082135,24,13,region1.google-analytics.com
https://braze.com/,productivity,0,5,listed,6,276060,1784232,703133,1081099,24,13,region1.google-analytics.com
https://braze.com/,productivity,0,6,page,6,6579750,1828970,713628,1115342,24,13,static.cloudflareinsights.com
https://braze.com/,productivity,0,6,third_party,6,3309955,1785182,713628,1071554,24,13,static.cloudflareinsights.com
https://braze.com/,productivity,0,6,listed,6,276060,1784232,713628,1070604,24,13,static.cloudflareinsights.com
https://braze.com/,productivity,1,0,page,6,8618857,0,0,0,0,0,
https://braze.com/,productivity,1,0,third_party,6,5237742,0,0,0,0,0,
https://braze.com/,productivity,1,0,listed,6,2204199,0,0,0,0,0,
https://braze.com/,productivity,1,1,page,6,8608750,10107,5530,4577,20,10,pagead2.googlesyndication.com
https://braze.com/,productivity,1,1,third_party,6,5227630,10112,5530,4582,20,10,pagead2.googlesyndication.com
https://braze.com/,productivity,1,1,listed,6,2194100,10099,5530,4569,20,10,pagead2.googlesyndication.com
https://braze.com/,productivity,1,2,page,6,6912451,1706406,482207,1224199,21,11,js.qualified.com
https://braze.com/,productivity,1,2,third_party,6,3531796,1705946,482207,1223739,21,11,js.qualified.com
https://braze.com/,productivity,1,2,listed,6,497822,1706377,482207,1224170,21,11,js.qualified.com
https://braze.com/,productivity,1,3,page,6,6691649,1927208,703402,1223806,23,12,dev.visualwebsiteoptimizer.com
https://braze.com/,productivity,1,3,third_party,6,3310548,1927194,703402,1223792,23,12,dev.visualwebsiteoptimizer.com
https://braze.com/,productivity,1,3,listed,6,276896,1927303,703402,1223901,23,12,dev.visualwebsiteoptimizer.com
https://braze.com/,productivity,1,4,page,6,6690185,1928672,704238,1224434,24,13,region1.google-analytics.com
https://braze.com/,productivity,1,4,third_party,6,3309638,1928104,704238,1223866,24,13,region1.google-analytics.com
https://braze.com/,productivity,1,4,listed,6,276060,1928139,704238,1223901,24,13,region1.google-analytics.com
https://braze.com/,productivity,1,5,page,6,6690275,1928582,721097,1207485,24,13,app.qualified.com
https://braze.com/,productivity,1,5,third_party,6,3309630,1928112,721097,1207015,24,13,app.qualified.com
https://braze.com/,productivity,1,5,listed,6,276060,1928139,721097,1207042,24,13,app.qualified.com
https://braze.com/,productivity,1,6,page,6,6690710,1928147,731592,1196555,24,13,static.cloudflareinsights.com
https://braze.com/,productivity,1,6,third_party,6,3309593,1928149,731592,1196557,24,13,static.cloudflareinsights.com
https://braze.com/,productivity,1,6,listed,6,276060,1928139,731592,1196547,24,13,static.cloudflareinsights.com
https://cnet.com/,news,0,0,page,6,3335424,0,0,0,0,0,
https://cnet.com/,news,0,0,third_party,6,1794550,0,0,0,0,0,
https://cnet.com/,news,0,0,listed,6,672505,0,0,0,0,0,
https://cnet.com/,news,0,1,page,6,3308337,27087,27039,48,2,2,cdn.parsely.com
https://cnet.com/,news,0,1,third_party,6,1767026,27524,27039,485,2,2,cdn.parsely.com
https://cnet.com/,news,0,1,listed,6,644852,27653,27039,614,2,2,cdn.parsely.com
https://cnet.com/,news,0,2,page,6,3259079,76345,75230,1115,3,3,frugalfiestas.com
https://cnet.com/,news,0,2,third_party,6,1718205,76345,75230,1115,3,3,frugalfiestas.com
https://cnet.com/,news,0,2,listed,6,596202,76303,75230,1073,3,3,frugalfiestas.com
https://cnet.com/,news,0,3,page,6,3114146,221278,163116,58162,5,5,client.aps.amazon-adsystem.com
https://cnet.com/,news,0,3,third_party,6,1626987,167563,163116,4447,5,5,client.aps.amazon-adsystem.com
https://cnet.com/,news,0,3,listed,6,504976,167529,163116,4413,5,5,client.aps.amazon-adsystem.com
https://cnet.com/,news,0,4,page,6,2910288,425136,419796,5340,7,7,securepubads.g.doubleclick.net
https://cnet.com/,news,0,4,third_party,6,1369414,425136,419796,5340,7,7,securepubads.g.doubleclick.net
https://cnet.com/,news,0,4,listed,6,247123,425382,419796,5586,7,7,securepubads.g.doubleclick.net
https://cnet.com/,news,0,5,page,6,2900374,435050,429032,6018,8,8,experiments.parsely.com
https://cnet.com/,news,0,5,third_party,6,1359944,434606,429032,5574,8,8,experiments.parsely.com
https://cnet.com/,news,0,5,listed,6,237888,434617,429032,5585,8,8,experiments.parsely.com
https://cnet.com/,news,0,6,page,6,2866187,469237,464608,4629,9,9,pub.doubleverify.com
https://cnet.com/,news,0,6,third_party,6,1325313,469237,464608,4629,9,9,pub.doubleverify.com
https://cnet.com/,news,0,6,listed,6,202046,470459,464608,5851,9,9,pub.doubleverify.com
https://cnet.com/,news,1,0,page,6,3336169,0,0,0,0,0,
https://cnet.com/,news,1,0,third_party,6,1794858,0,0,0,0,0,
https://cnet.com/,news,1,0,listed,6,673096,0,0,0,0,0,
https://cnet.com/,news,1,1,page,6,3307892,28277,27039,1238,2,2,cdn.parsely.com
https://cnet.com/,news,1,1,third_party,6,1767018,27840,27039,801,2,2,cdn.parsely.com
https://cnet.com/,news,1,1,listed,6,644973,28123,27039,1084,2,2,cdn.parsely.com
https://cnet.com/,news,1,2,page,6,2996558,339611,284199,55412,4,4,securepubads.g.doubleclick.net
https://cnet.com/,news,1,2,third_party,6,1509808,285050,284199,851,4,4,securepubads.g.doubleclick.net
https://cnet.com/,news,1,2,listed,6,387605,285491,284199,1292,4,4,securepubads.g.doubleclick.net
https://cnet.com/,news,1,3,page,6,2959142,377027,372085,4942,6,6,client.aps.amazon-adsystem.com
https://cnet.com/,news,1,3,third_party,6,1417796,377062,372085,4977,6,6,client.aps.amazon-adsystem.com
https://cnet.com/,news,1,3,listed,6,295710,377386,372085,5301,6,6,client.aps.amazon-adsystem.com
https://cnet.com/,news,1,4,page,6,2949427,386742,381321,5421,7,7,experiments.parsely.com
https://cnet.com/,news,1,4,third_party,6,1408518,386340,381321,5019,7,7,experiments.parsely.com
https://cnet.com/,news,1,4,listed,6,286529,386567,381321,5246,7,7,experiments.parsely.com
https://cnet.com/,news,1,5,page,6,2901245,434924,429490,5434,8,8,frugalfiestas.com
https://cnet.com/,news,1,5,third_party,6,1359899,434959,429490,5469,8,8,frugalfiestas.com
https://cnet.com/,news,1,5,listed,6,237888,435208,429490,5718,8,8,frugalfiestas.com
https://cnet.com/,news,1,6,page,6,2865358,470811,464988,5823,9,9,pub.doubleverify.com
https://cnet.com/,news,1,6,third_party,6,1324012,470846,464988,5858,9,9,pub.doubleverify.com
https://cnet.com/,news,1,6,listed,6,202046,471050,464988,6062,9,9,pub.doubleverify.com
https://consultant.ru/,reference,0,0,page,3,455728,0,0,0,0,0,
https://consultant.ru/,reference,0,0,third_party,3,209292,0,0,0,0,0,
https://consultant.ru/,reference,0,0,listed,3,209292,0,0,0,0,0,
https://consultant.ru/,reference,0,1,page,3,297188,158540,147738,10802,2,2,mc.yandex.ru
https://consultant.ru/,reference,0,1,third_party,3,50739,158553,147738,10815,2,2,mc.yandex.ru
https://consultant.ru/,reference,0,1,listed,3,50739,158553,147738,10815,2,2,mc.yandex.ru
https://consultant.ru/,reference,0,2,page,3,298930,156798,158559,-1761,2,2,mc.yandex.com
https://consultant.ru/,reference,0,2,third_party,3,50732,158560,158559,1,2,2,mc.yandex.com
https://consultant.ru/,reference,0,2,listed,3,50732,158560,158559,1,2,2,mc.yandex.com
https://consultant.ru/,reference,0,3,page,3,324705,131023,185530,-54507,3,3,top-fwz1.mail.ru
https://consultant.ru/,reference,0,3,third_party,3,405,208887,185530,23357,3,3,top-fwz1.mail.ru
https://consultant.ru/,reference,0,3,listed,3,405,208887,185530,23357,3,3,top-fwz1.mail.ru
https://consultant.ru/,reference,1,0,page,3,453868,0,0,0,0,0,
https://consultant.ru/,reference,1,0,third_party,3,206593,0,0,0,0,0,
https://consultant.ru/,reference,1,0,listed,3,206593,0,0,0,0,0,
https://consultant.ru/,reference,1,1,page,3,445525,8343,8123,220,7,6,mc.yandex.com
https://consultant.ru/,reference,1,1,third_party,3,198470,8123,8123,0,7,6,mc.yandex.com
https://consultant.ru/,reference,1,1,listed,3,198470,8123,8123,0,7,6,mc.yandex.com
https://consultant.ru/,reference,1,2,page,3,472485,-18617,35094,-53711,8,7,top-fwz1.mail.ru
https://consultant.ru/,reference,1,2,third_party,3,148143,58450,35094,23356,8,7,top-fwz1.mail.ru
https://consultant.ru/,reference,1,2,listed,3,148143,58450,35094,23356,8,7,top-fwz1.mail.ru
https://consultant.ru/,reference,1,3,page,3,248593,205275,182832,22443,3,3,mc.yandex.ru
https://consultant.ru/,reference,1,3,third_party,3,405,206188,182832,23356,3,3,mc.yandex.ru
https://consultant.ru/,reference,1,3,listed,3,405,206188,182832,23356,3,3,mc.yandex.ru
https://dailymotion.com/,entertainment,0,0,page,3,3560948,0,0,0,0,0,
https://dailymotion.com/,entertainment,0,0,third_party,3,1493919,0,0,0,0,0,
https://dailymotion.com/,entertainment,0,0,listed,3,37224,0,0,0,0,0,
https://dailymotion.com/,entertainment,0,1,page,3,3543038,17910,17910,0,1,1,pagead2.googlesyndication.com
https://dailymotion.com/,entertainment,0,1,third_party,3,1476012,17907,17910,-3,1,1,pagead2.googlesyndication.com
https://dailymotion.com/,entertainment,0,1,listed,3,19312,17912,17910,2,1,1,pagead2.googlesyndication.com
https://dailymotion.com/,entertainment,0,2,page,3,3541017,19931,19799,132,2,2,securepubads.g.doubleclick.net
https://dailymotion.com/,entertainment,0,2,third_party,3,1473762,20157,19799,358,2,2,securepubads.g.doubleclick.net
https://dailymotion.com/,entertainment,0,2,listed,3,17425,19799,19799,0,2,2,securepubads.g.doubleclick.net
https://dailymotion.com/,entertainment,0,3,page,3,3523370,37578,37224,354,3,3,s0.2mdn.net
https://dailymotion.com/,entertainment,0,3,third_party,3,1456339,37580,37224,356,3,3,s0.2mdn.net
https://dailymotion.com/,entertainment,0,3,listed,3,0,37224,37224,0,3,3,s0.2mdn.net
https://dailymotion.com/,entertainment,1,0,page,3,3560947,0,0,0,0,0,
https://dailymotion.com/,entertainment,1,0,third_party,3,1493922,0,0,0,0,0,
https://dailymotion.com/,entertainment,1,0,listed,3,37225,0,0,0,0,0,
https://dailymotion.com/,entertainment,1,1,page,3,3558690,2257,1890,367,1,1,securepubads.g.doubleclick.net
https://dailymotion.com/,entertainment,1,1,third_party,3,1491673,2249,1890,359,1,1,securepubads.g.doubleclick.net
https://dailymotion.com/,entertainment,1,1,listed,3,35335,1890,1890,0,1,1,securepubads.g.doubleclick.net
https://dailymotion.com/,entertainment,1,2,page,3,3541321,19626,19315,311,2,2,s0.2mdn.net
https://dailymotion.com/,entertainment,1,2,third_party,3,1474250,19672,19315,357,2,2,s0.2mdn.net
https://dailymotion.com/,entertainment,1,2,listed,3,17910,19315,19315,0,2,2,s0.2mdn.net
https://dailymotion.com/,entertainment,1,3,page,3,3523372,37575,37225,350,3,3,pagead2.googlesyndication.com
https://dailymotion.com/,entertainment,1,3,third_party,3,1456338,37584,37225,359,3,3,pagead2.googlesyndication.com
https://dailymotion.com/,entertainment,1,3,listed,3,0,37225,37225,0,3,3,pagead2.googlesyndication.com
https://dell.com/,shopping,0,0,page,6,2725770,0,0,0,0,0,
https://dell.com/,shopping,0,0,third_party,6,735826,0,0,0,0,0,
https://dell.com/,shopping,0,0,listed,6,617619,0,0,0,0,0,
https://dell.com/,shopping,0,1,page,6,2699784,25986,17876,8110,1,1,static.ads-twitter.com
https://dell.com/,shopping,0,1,third_party,6,707968,27858,17876,9982,1,1,static.ads-twitter.com
https://dell.com/,shopping,0,1,listed,6,588871,28748,17876,10872,1,1,static.ads-twitter.com
https://dell.com/,shopping,0,2,page,6,2668290,57480,45901,11579,2,2,cdn.taboola.com
https://dell.com/,shopping,0,2,third_party,6,676767,59059,45901,13158,2,2,cdn.taboola.com
https://dell.com/,shopping,0,2,listed,6,558560,59059,45901,13158,2,2,cdn.taboola.com
https://dell.com/,shopping,0,3,page,6,2446354,279416,82762,196654,1,1,nexus.ensighten.com
https://dell.com/,shopping,0,3,third_party,6,557042,178784,82762,96022,1,1,nexus.ensighten.com
https://dell.com/,shopping,0,3,listed,6,476803,140816,82762,58054,1,1,nexus.ensighten.com
https://dell.com/,shopping,0,4,page,6,2382401,343369,143635,199734,3,3,s.go-mpulse.net
https://dell.com/,shopping,0,4,third_party,6,493622,242204,143635,98569,3,3,s.go-mpulse.net
https://dell.com/,shopping,0,4,listed,6,414273,203346,143635,59711,3,3,s.go-mpulse.net
https://dell.com/,shopping,0,5,page,6,2366828,358942,158009,200933,4,4,www.mczbf.com
https://dell.com/,shopping,0,5,third_party,6,478963,256863,158009,98854,4,4,www.mczbf.com
https://dell.com/,shopping,0,5,listed,6,399892,217727,158009,59718,4,4,www.mczbf.com
https://dell.com/,shopping,0,6,page,6,2364429,361341,185749,175592,5,5,c.amazon-adsystem.com
https://dell.com/,shopping,0,6,third_party,6,476044,259782,185749,74033,5,5,c.amazon-adsystem.com
https://dell.com/,shopping,0,6,listed,6,396973,220646,185749,34897,5,5,c.amazon-adsystem.com
https://dell.com/,shopping,1,0,page,6,2723187,0,0,0,0,0,
https://dell.com/,shopping,1,0,third_party,6,736669,0,0,0,0,0,
https://dell.com/,shopping,1,0,listed,6,617572,0,0,0,0,0,
https://dell.com/,shopping,1,1,page,6,2699198,23989,17876,6113,1,1,static.ads-twitter.com
https://dell.com/,shopping,1,1,third_party,6,708389,28280,17876,10404,1,1,static.ads-twitter.com
https://dell.com/,shopping,1,1,listed,6,590182,27390,17876,9514,1,1,static.ads-twitter.com
https://dell.com/,shopping,1,2,page,6,2637687,85500,78749,6751,3,3,s.go-mpulse.net
https://dell.com/,shopping,1,2,third_party,6,645621,91048,78749,12299,3,3,s.go-mpulse.net
https://dell.com/,shopping,1,2,listed,6,527414,90158,78749,11409,3,3,s.go-mpulse.net
https://dell.com/,shopping,1,3,page,6,2375963,347224,115441,231783,3,3,nexus.ensighten.com
https://dell.com/,shopping,1,3,third_party,6,493613,243056,115441,127615,3,3,nexus.ensighten.com
https://dell.com/,shopping,1,3,listed,6,414264,203308,115441,87867,3,3,nexus.ensighten.com
https://dell.com/,shopping,1,4,page,6,2360552,362635,129812,232823,4,4,www.mczbf.com
https://dell.com/,shopping,1,4,third_party,6,478963,257706,129812,127894,4,4,www.mczbf.com
https://dell.com/,shopping,1,4,listed,6,399892,217680,129812,87868,4,4,www.mczbf.com
https://dell.com/,shopping,1,5,page,6,2361249,361938,157839,204099,4,4,cdn.taboola.com
https://dell.com/,shopping,1,5,third_party,6,479241,257428,157839,99589,4,4,cdn.taboola.com
https://dell.com/,shopping,1,5,listed,6,399892,217680,157839,59841,4,4,cdn.taboola.com
https://dell.com/,shopping,1,6,page,6,2356859,366328,185579,180749,5,5,c.amazon-adsystem.com
https://dell.com/,shopping,1,6,third_party,6,476322,260347,185579,74768,5,5,c.amazon-adsystem.com
https://dell.com/,shopping,1,6,listed,6,396973,220599,185579,35020,5,5,c.amazon-adsystem.com
https://erome.com/,entertainment,0,0,page,3,407849,0,0,0,0,0,
https://erome.com/,entertainment,0,0,third_party,3,268609,0,0,0,0,0,
https://erome.com/,entertainment,0,0,listed,3,86276,0,0,0,0,0,
https://erome.com/,entertainment,0,1,page,3,347252,60597,61014,-417,1,1,a.magsrv.com
https://erome.com/,entertainment,0,1,third_party,3,207585,61024,61014,10,1,1,a.magsrv.com
https://erome.com/,entertainment,0,1,listed,3,25255,61021,61014,7,1,1,a.magsrv.com
https://erome.com/,entertainment,0,2,page,3,346583,61266,61850,-584,2,2,region1.google-analytics.com
https://erome.com/,entertainment,0,2,third_party,3,206915,61694,61850,-156,2,2,region1.google-analytics.com
https://erome.com/,entertainment,0,2,listed,3,24426,61850,61850,0,2,2,region1.google-analytics.com
https://erome.com/,entertainment,0,3,page,3,322000,85849,86276,-427,4,4,cdn.tsyndicate.com
https://erome.com/,entertainment,0,3,third_party,3,182333,86276,86276,0,4,4,cdn.tsyndicate.com
https://erome.com/,entertainment,0,3,listed,3,0,86276,86276,0,4,4,cdn.tsyndicate.com
https://erome.com/,entertainment,1,0,page,3,408286,0,0,0,0,0,
https://erome.com/,entertainment,1,0,third_party,3,268617,0,0,0,0,0,
https://erome.com/,entertainment,1,0,listed,3,86276,0,0,0,0,0,
https://erome.com/,entertainment,1,1,page,3,407439,847,836,11,1,1,region1.google-analytics.com
https://erome.com/,entertainment,1,1,third_party,3,267770,847,836,11,1,1,region1.google-analytics.com
https://erome.com/,entertainment,1,1,listed,3,85440,836,836,0,1,1,region1.google-analytics.com
https://erome.com/,entertainment,1,2,page,3,383014,25272,25262,10,3,3,cdn.tsyndicate.com
https://erome.com/,entertainment,1,2,third_party,3,243347,25270,25262,8,3,3,cdn.tsyndicate.com
https://erome.com/,entertainment,1,2,listed,3,61014,25262,25262,0,3,3,cdn.tsyndicate.com
https://erome.com/,entertainment,1,3,page,3,321997,86289,86276,13,4,4,a.magsrv.com
https://erome.com/,entertainment,1,3,third_party,3,182330,86287,86276,11,4,4,a.magsrv.com
https://erome.com/,entertainment,1,3,listed,3,0,86276,86276,0,4,4,a.magsrv.com
https://fiverr.com/,shopping,0,0,page,6,907225,0,0,0,0,0,
https://fiverr.com/,shopping,0,0,third_party,6,891147,0,0,0,0,0,
https://fiverr.com/,shopping,0,0,listed,6,625084,0,0,0,0,0,
https://fiverr.com/,shopping,0,1,page,6,906462,763,0,763,0,0,googleads.g.doubleclick.net
https://fiverr.com/,shopping,0,1,third_party,6,891172,-25,0,-25,0,0,googleads.g.doubleclick.net
https://fiverr.com/,shopping,0,1,listed,6,625082,2,0,2,0,0,googleads.g.doubleclick.net
https://fiverr.com/,shopping,0,2,page,6,907249,-24,0,-24,0,0,cdn.pdst.fm
https://fiverr.com/,shopping,0,2,third_party,6,891166,-19,0,-19,0,0,cdn.pdst.fm
https://fiverr.com/,shopping,0,2,listed,6,625103,-19,0,-19,0,0,cdn.pdst.fm
https://fiverr.com/,shopping,0,3,page,6,906450,775,0,775,0,0,bat.bing.com
https://fiverr.com/,shopping,0,3,third_party,6,891151,-4,0,-4,0,0,bat.bing.com
https://fiverr.com/,shopping,0,3,listed,6,625082,2,0,2,0,0,bat.bing.com
https://fiverr.com/,shopping,0,4,page,6,906442,783,0,783,0,0,connect.facebook.net
https://fiverr.com/,shopping,0,4,third_party,6,891150,-3,0,-3,0,0,connect.facebook.net
https://fiverr.com/,shopping,0,4,listed,6,625078,6,0,6,0,0,connect.facebook.net
https://fiverr.com/,shopping,0,5,page,6,909191,-1966,0,-1966,0,0,5566805.fls.doubleclick.net
https://fiverr.com/,shopping,0,5,third_party,6,893110,-1963,0,-1963,0,0,5566805.fls.doubleclick.net
https://fiverr.com/,shopping,0,5,listed,6,627040,-1956,0,-1956,0,0,5566805.fls.doubleclick.net
https://fiverr.com/,shopping,0,6,page,6,907297,-72,0,-72,0,0,ad.doubleclick.net
https://fiverr.com/,shopping,0,6,third_party,6,891221,-74,0,-74,0,0,ad.doubleclick.net
https://fiverr.com/,shopping,0,6,listed,6,625124,-40,0,-40,0,0,ad.doubleclick.net
https://fiverr.com/,shopping,1,0,page,6,907274,0,0,0,0,0,
https://fiverr.com/,shopping,1,0,third_party,6,891200,0,0,0,0,0,
https://fiverr.com/,shopping,1,0,listed,6,625128,0,0,0,0,0,
https://fiverr.com/,shopping,1,1,page,6,907254,20,0,20,0,0,googleads.g.doubleclick.net
https://fiverr.com/,shopping,1,1,third_party,6,891179,21,0,21,0,0,googleads.g.doubleclick.net
https://fiverr.com/,shopping,1,1,listed,6,625082,46,0,46,0,0,googleads.g.doubleclick.net
https://fiverr.com/,shopping,1,2,page,6,906786,488,0,488,0,0,connect.facebook.net
https://fiverr.com/,shopping,1,2,third_party,6,891201,-1,0,-1,0,0,connect.facebook.net
https://fiverr.com/,shopping,1,2,listed,6,625129,-1,0,-1,0,0,connect.facebook.net
https://fiverr.com/,shopping,1,3,page,6,906756,518,0,518,0,0,bat.bing.com
https://fiverr.com/,shopping,1,3,third_party,6,891148,52,0,52,0,0,bat.bing.com
https://fiverr.com/,shopping,1,3,listed,6,625078,50,0,50,0,0,bat.bing.com
https://fiverr.com/,shopping,1,4,page,6,907284,-10,0,-10,0,0,5566805.fls.doubleclick.net
https://fiverr.com/,shopping,1,4,third_party,6,891202,-2,0,-2,0,0,5566805.fls.doubleclick.net
https://fiverr.com/,shopping,1,4,listed,6,625132,-4,0,-4,0,0,5566805.fls.doubleclick.net
https://fiverr.com/,shopping,1,5,page,6,906442,832,0,832,0,0,cdn.pdst.fm
https://fiverr.com/,shopping,1,5,third_party,6,891149,51,0,51,0,0,cdn.pdst.fm
https://fiverr.com/,shopping,1,5,listed,6,625077,51,0,51,0,0,cdn.pdst.fm
https://fiverr.com/,shopping,1,6,page,6,907169,105,0,105,0,0,ad.doubleclick.net
https://fiverr.com/,shopping,1,6,third_party,6,891154,46,0,46,0,0,ad.doubleclick.net
https://fiverr.com/,shopping,1,6,listed,6,625082,46,0,46,0,0,ad.doubleclick.net
https://frontiersin.org/,reference,0,0,page,4,3805948,0,0,0,0,0,
https://frontiersin.org/,reference,0,0,third_party,4,1620439,0,0,0,0,0,
https://frontiersin.org/,reference,0,0,listed,4,231021,0,0,0,0,0,
https://frontiersin.org/,reference,0,1,page,4,3727591,78357,1616,76741,1,1,googleads.g.doubleclick.net
https://frontiersin.org/,reference,0,1,third_party,4,1617041,3398,1616,1782,1,1,googleads.g.doubleclick.net
https://frontiersin.org/,reference,0,1,listed,4,228961,2060,1616,444,1,1,googleads.g.doubleclick.net
https://frontiersin.org/,reference,0,2,page,4,3879797,-73849,37038,-110887,3,3,js-agent.newrelic.com
https://frontiersin.org/,reference,0,2,third_party,4,1694365,-73926,37038,-110964,3,3,js-agent.newrelic.com
https://frontiersin.org/,reference,0,2,listed,4,190988,40033,37038,2995,3,3,js-agent.newrelic.com
https://frontiersin.org/,reference,0,3,page,4,3898650,-92702,40033,-132735,3,3,bam.nr-data.net
https://frontiersin.org/,reference,0,3,third_party,4,1694267,-73828,40033,-113861,3,3,bam.nr-data.net
https://frontiersin.org/,reference,0,3,listed,4,190988,40033,40033,0,3,3,bam.nr-data.net
https://frontiersin.org/,reference,0,4,page,4,3737525,68423,40802,27621,4,4,static.doubleclick.net
https://frontiersin.org/,reference,0,4,third_party,4,1583243,37196,40802,-3606,4,4,static.doubleclick.net
https://frontiersin.org/,reference,0,4,listed,4,190219,40802,40802,0,4,4,static.doubleclick.net
https://frontiersin.org/,reference,1,0,page,4,3730112,0,0,0,0,0,
https://frontiersin.org/,reference,1,0,third_party,4,1619496,0,0,0,0,0,
https://frontiersin.org/,reference,1,0,listed,4,231020,0,0,0,0,0,
https://frontiersin.org/,reference,1,1,page,4,3690824,39288,35422,3866,2,2,js-agent.newrelic.com
https://frontiersin.org/,reference,1,1,third_party,4,1580304,39192,35422,3770,2,2,js-agent.newrelic.com
https://frontiersin.org/,reference,1,1,listed,4,192604,38416,35422,2994,2,2,js-agent.newrelic.com
https://frontiersin.org/,reference,1,2,page,4,3740087,-9975,38416,-48391,2,2,bam.nr-data.net
https://frontiersin.org/,reference,1,2,third_party,4,1581071,38425,38416,9,2,2,bam.nr-data.net
https://frontiersin.org/,reference,1,2,listed,4,192604,38416,38416,0,2,2,bam.nr-data.net
https://frontiersin.org/,reference,1,3,page,4,3690631,39481,39185,296,3,3,static.doubleclick.net
https://frontiersin.org/,reference,1,3,third_party,4,1580095,39401,39185,216,3,3,static.doubleclick.net
https://frontiersin.org/,reference,1,3,listed,4,191835,39185,39185,0,3,3,static.doubleclick.net
https://frontiersin.org/,reference,1,4,page,4,3689003,41109,40801,308,4,4,googleads.g.doubleclick.net
https://frontiersin.org/,reference,1,4,third_party,4,1578496,41000,40801,199,4,4,googleads.g.doubleclick.net
https://frontiersin.org/,reference,1,4,listed,4,190219,40801,40801,0,4,4,googleads.g.doubleclick.net
https://fwmrm.net/,infrastructure,0,0,page,6,2763890,0,0,0,0,0,
https://fwmrm.net/,infrastructure,0,0,third_party,6,2763581,0,0,0,0,0,
https://fwmrm.net/,infrastructure,0,0,listed,6,772966,0,0,0,0,0,
https://fwmrm.net/,infrastructure,0,1,page,6,2737267,26623,22654,3969,1,1,www.google-analytics.com
https://fwmrm.net/,infrastructure,0,1,third_party,6,2736958,26623,22654,3969,1,1,www.google-analytics.com
https://fwmrm.net/,infrastructure,0,1,listed,6,750310,22656,22654,2,1,1,www.google-analytics.com
https://fwmrm.net/,infrastructure,0,2,page,6,2380861,383029,66541,316488,2,2,js.hubspot.com
https://fwmrm.net/,infrastructure,0,2,third_party,6,2380552,383029,66541,316488,2,2,js.hubspot.com
https://fwmrm.net/,infrastructure,0,2,listed,6,703595,69371,66541,2830,2,2,js.hubspot.com
https://fwmrm.net/,infrastructure,0,3,page,6,2212085,551805,233236,318569,9,9,snap.licdn.com
https://fwmrm.net/,infrastructure,0,3,third_party,6,2211776,551805,233236,318569,9,9,snap.licdn.com
https://fwmrm.net/,infrastructure,0,3,listed,6,534840,238126,233236,4890,9,9,snap.licdn.com
https://fwmrm.net/,infrastructure,0,4,page,6,1989350,774540,454851,319689,10,10,connect.facebook.net
https://fwmrm.net/,infrastructure,0,4,third_party,6,1989041,774540,454851,319689,10,10,connect.facebook.net
https://fwmrm.net/,infrastructure,0,4,listed,6,312270,460696,454851,5845,10,10,connect.facebook.net
https://fwmrm.net/,infrastructure,0,5,page,6,1982723,781167,461645,319522,11,11,static.hotjar.com
https://fwmrm.net/,infrastructure,0,5,third_party,6,1982414,781167,461645,319522,11,11,static.hotjar.com
https://fwmrm.net/,infrastructure,0,5,listed,6,305748,467218,461645,5573,11,11,static.hotjar.com
https://fwmrm.net/,infrastructure,0,6,page,6,1957750,806140,487325,318815,12,12,js.hs-banner.com
https://fwmrm.net/,infrastructure,0,6,third_party,6,1957750,805831,487325,318506,12,12,js.hs-banner.com
https://fwmrm.net/,infrastructure,0,6,listed,6,279800,493166,487325,5841,12,12,js.hs-banner.com
https://fwmrm.net/,infrastructure,1,0,page,6,2758471,0,0,0,0,0,
https://fwmrm.net/,infrastructure,1,0,third_party,6,2758162,0,0,0,0,0,
https://fwmrm.net/,infrastructure,1,0,listed,6,771796,0,0,0,0,0,
https://fwmrm.net/,infrastructure,1,1,page,6,2736707,21764,22654,-890,1,1,www.google-analytics.com
https://fwmrm.net/,infrastructure,1,1,third_party,6,2736398,21764,22654,-890,1,1,www.google-analytics.com
https://fwmrm.net/,infrastructure,1,1,listed,6,750331,21465,22654,-1189,1,1,www.google-analytics.com
https://fwmrm.net/,infrastructure,1,2,page,6,2512099,246372,244288,2084,2,2,connect.facebook.net
https://fwmrm.net/,infrastructure,1,2,third_party,6,2511790,246372,244288,2084,2,2,connect.facebook.net
https://fwmrm.net/,infrastructure,1,2,listed,6,526524,245272,244288,984,2,2,connect.facebook.net
https://fwmrm.net/,infrastructure,1,3,page,6,2346644,411827,410983,844,9,9,snap.licdn.com
https://fwmrm.net/,infrastructure,1,3,third_party,6,2346335,411827,410983,844,9,9,snap.licdn.com
https://fwmrm.net/,infrastructure,1,3,listed,6,358609,413187,410983,2204,9,9,snap.licdn.com
https://fwmrm.net/,infrastructure,1,4,page,6,2337069,421402,417778,3624,10,10,static.hotjar.com
https://fwmrm.net/,infrastructure,1,4,third_party,6,2336760,421402,417778,3624,10,10,static.hotjar.com
https://fwmrm.net/,infrastructure,1,4,listed,6,351083,420713,417778,2935,10,10,static.hotjar.com
https://fwmrm.net/,infrastructure,1,5,page,6,1981225,777246,461668,315578,11,11,js.hubspot.com
https://fwmrm.net/,infrastructure,1,5,third_party,6,1980916,777246,461668,315578,11,11,js.hubspot.com
https://fwmrm.net/,infrastructure,1,5,listed,6,305017,466779,461668,5111,11,11,js.hubspot.com
https://fwmrm.net/,infrastructure,1,6,page,6,1956459,802012,487347,314665,12,12,js.hs-banner.com
https://fwmrm.net/,infrastructure,1,6,third_party,6,1956459,801703,487347,314356,12,12,js.hs-banner.com
https://fwmrm.net/,infrastructure,1,6,listed,6,280066,491730,487347,4383,12,12,js.hs-banner.com
https://genius.com/,entertainment,0,0,page,6,2218970,0,0,0,0,0,
https://genius.com/,entertainment,0,0,third_party,6,1420751,0,0,0,0,0,
https://genius.com/,entertainment,0,0,listed,6,594480,0,0,0,0,0,
https://genius.com/,entertainment,0,1,page,6,2211560,7410,7575,-165,1,1,sb.scorecardresearch.com
https://genius.com/,entertainment,0,1,third_party,6,1413500,7251,7575,-324,1,1,sb.scorecardresearch.com
https://genius.com/,entertainment,0,1,listed,6,586852,7628,7575,53,1,1,sb.scorecardresearch.com
https://genius.com/,entertainment,0,2,page,6,2193701,25269,24674,595,2,2,static.chartbeat.com
https://genius.com/,entertainment,0,2,third_party,6,1395436,25315,24674,641,2,2,static.chartbeat.com
https://genius.com/,entertainment,0,2,listed,6,568773,25707,24674,1033,2,2,static.chartbeat.com
https://genius.com/,entertainment,0,3,page,6,2092175,126795,123629,3166,3,3,c.amazon-adsystem.com
https://genius.com/,entertainment,0,3,third_party,6,1293855,126896,123629,3267,3,3,c.amazon-adsystem.com
https://genius.com/,entertainment,0,3,listed,6,466701,127779,123629,4150,3,3,c.amazon-adsystem.com
https://genius.com/,entertainment,0,4,page,6,1836469,382501,380216,2285,4,4,securepubads.g.doubleclick.net
https://genius.com/,entertainment,0,4,third_party,6,1037621,383130,380216,2914,4,4,securepubads.g.doubleclick.net
https://genius.com/,entertainment,0,4,listed,6,210922,383558,380216,3342,4,4,securepubads.g.doubleclick.net
https://genius.com/,entertainment,0,5,page,6,1648211,570759,383602,187157,5,5,tag.wknd.ai
https://genius.com/,entertainment,0,5,third_party,6,850526,570225,383602,186623,5,5,tag.wknd.ai
https://genius.com/,entertainment,0,5,listed,6,24260,570220,383602,186618,5,5,tag.wknd.ai
https://genius.com/,entertainment,0,6,page,6,1634520,584450,396620,187830,6,6,secure.quantserve.com
https://genius.com/,entertainment,0,6,third_party,6,836213,584538,396620,187918,6,6,secure.quantserve.com
https://genius.com/,entertainment,0,6,listed,6,9909,584571,396620,187951,6,6,secure.quantserve.com
https://genius.com/,entertainment,1,0,page,6,2218304,0,0,0,0,0,
https://genius.com/,entertainment,1,0,third_party,6,1419870,0,0,0,0,0,
https://genius.com/,entertainment,1,0,listed,6,593194,0,0,0,0,0,
https://genius.com/,entertainment,1,1,page,6,2212231,6073,7575,-1502,1,1,sb.scorecardresearch.com
https://genius.com/,entertainment,1,1,third_party,6,1413692,6178,7575,-1397,1,1,sb.scorecardresearch.com
https://genius.com/,entertainment,1,1,listed,6,587010,6184,7575,-1391,1,1,sb.scorecardresearch.com
https://genius.com/,entertainment,1,2,page,6,1954721,263583,262875,708,2,2,securepubads.g.doubleclick.net
https://genius.com/,entertainment,1,2,third_party,6,1156218,263652,262875,777,2,2,securepubads.g.doubleclick.net
https://genius.com/,entertainment,1,2,listed,6,329920,263274,262875,399,2,2,securepubads.g.doubleclick.net
https://genius.com/,entertainment,1,3,page,6,1853355,364949,361830,3119,3,3,c.amazon-adsystem.com
https://genius.com/,entertainment,1,3,third_party,6,1054551,365319,361830,3489,3,3,c.amazon-adsystem.com
https://genius.com/,entertainment,1,3,listed,6,228287,364907,361830,3077,3,3,c.amazon-adsystem.com
https://genius.com/,entertainment,1,4,page,6,1667085,551219,365216,186003,4,4,tag.wknd.ai
https://genius.com/,entertainment,1,4,third_party,6,868367,551503,365216,186287,4,4,tag.wknd.ai
https://genius.com/,entertainment,1,4,listed,6,41690,551504,365216,186288,4,4,tag.wknd.ai
https://genius.com/,entertainment,1,5,page,6,1649221,569083,382315,186768,5,5,static.chartbeat.com
https://genius.com/,entertainment,1,5,third_party,6,850658,569212,382315,186897,5,5,static.chartbeat.com
https://genius.com/,entertainment,1,5,listed,6,24306,568888,382315,186573,5,5,static.chartbeat.com
https://genius.com/,entertainment,1,6,page,6,1634636,583668,395333,188335,6,6,secure.quantserve.com
https://genius.com/,entertainment,1,6,third_party,6,836346,583524,395333,188191,6,6,secure.quantserve.com
https://genius.com/,entertainment,1,6,listed,6,10000,583194,395333,187861,6,6,secure.quantserve.com
https://globo.com/,news,0,0,page,6,10100104,0,0,0,0,0,
https://globo.com/,news,0,0,third_party,6,9605276,0,0,0,0,0,
https://globo.com/,news,0,0,listed,6,2445206,0,0,0,0,0,
https://globo.com/,news,0,1,page,6,10108962,-8858,171394,-180252,1,1,ads.rubiconproject.com
https://globo.com/,news,0,1,third_party,6,9615448,-10172,171394,-181566,1,1,ads.rubiconproject.com
https://globo.com/,news,0,1,listed,6,2353925,91281,171394,-80113,1,1,ads.rubiconproject.com
https://globo.com/,news,0,2,page,6,9732881,367223,375327,-8104,2,2,connect.facebook.net
https://globo.com/,news,0,2,third_party,6,9239426,365850,375327,-9477,2,2,connect.facebook.net
https://globo.com/,news,0,2,listed,6,2133036,312170,375327,-63157,2,2,connect.facebook.net
https://globo.com/,news,0,3,page,6,8923760,1176344,632528,543816,3,3,securepubads.g.doubleclick.net
https://globo.com/,news,0,3,third_party,6,8430313,1174963,632528,542435,3,3,securepubads.g.doubleclick.net
https://globo.com/,news,0,3,listed,6,1549698,895508,632528,262980,3,3,securepubads.g.doubleclick.net
https://globo.com/,news,0,4,page,6,7808761,2291343,1442453,848890,4,4,d39f98ec-9259-4f8b-896d-7ab58be1f900.edge.permutive.app
https://globo.com/,news,0,4,third_party,6,7315769,2289507,1442453,847054,4,4,d39f98ec-9259-4f8b-896d-7ab58be1f900.edge.permutive.app
https://globo.com/,news,0,4,listed,6,441143,2004063,1442453,561610,4,4,d39f98ec-9259-4f8b-896d-7ab58be1f900.edge.permutive.app
https://globo.com/,news,0,5,page,6,7909788,2190316,1548748,641568,5,5,pagead2.googlesyndication.com
https://globo.com/,news,0,5,third_party,6,7416412,2188864,1548748,640116,5,5,pagead2.googlesyndication.com
https://globo.com/,news,0,5,listed,6,383338,2061868,1548748,513120,5,5,pagead2.googlesyndication.com
https://globo.com/,news,0,6,page,6,7713092,2387012,1745032,641980,6,6,cdn.pendo.io
https://globo.com/,news,0,6,third_party,6,7220108,2385168,1745032,640136,6,6,cdn.pendo.io
https://globo.com/,news,0,6,listed,6,185058,2260148,1745032,515116,6,6,cdn.pendo.io
https://globo.com/,news,1,0,page,6,10179238,0,0,0,0,0,
https://globo.com/,news,1,0,third_party,6,9684717,0,0,0,0,0,
https://globo.com/,news,1,0,listed,6,2717004,0,0,0,0,0,
https://globo.com/,news,1,1,page,6,9850513,328725,171394,157331,1,1,ads.rubiconproject.com
https://globo.com/,news,1,1,third_party,6,9356964,327753,171394,156359,1,1,ads.rubiconproject.com
https://globo.com/,news,1,1,listed,6,2362617,354387,171394,182993,1,1,ads.rubiconproject.com
https://globo.com/,news,1,2,page,6,8960738,1218500,985135,233365,2,2,d39f98ec-9259-4f8b-896d-7ab58be1f900.edge.permutive.app
https://globo.com/,news,1,2,third_party,6,8467776,1216941,985135,231806,2,2,d39f98ec-9259-4f8b-896d-7ab58be1f900.edge.permutive.app
https://globo.com/,news,1,2,listed,6,1346999,1370005,985135,384870,2,2,d39f98ec-9259-4f8b-896d-7ab58be1f900.edge.permutive.app
https://globo.com/,news,1,3,page,6,8174601,2004637,1241001,763636,3,3,securepubads.g.doubleclick.net
https://globo.com/,news,1,3,third_party,6,7681227,2003490,1241001,762489,3,3,securepubads.g.doubleclick.net
https://globo.com/,news,1,3,listed,6,646426,2070578,1241001,829577,3,3,securepubads.g.doubleclick.net
https://globo.com/,news,1,4,page,6,7958584,2220654,1427118,793536,4,4,pagead2.googlesyndication.com
https://globo.com/,news,1,4,third_party,6,7465602,2219115,1427118,791997,4,4,pagead2.googlesyndication.com
https://globo.com/,news,1,4,listed,6,587726,2129278,1427118,702160,4,4,pagead2.googlesyndication.com
https://globo.com/,news,1,5,page,6,7912167,2267071,1631051,636020,5,5,connect.facebook.net
https://globo.com/,news,1,5,third_party,6,7419211,2265506,1631051,634455,5,5,connect.facebook.net
https://globo.com/,news,1,5,listed,6,384000,2333004,1631051,701953,5,5,connect.facebook.net
https://globo.com/,news,1,6,page,6,7715801,2463437,1827336,636101,6,6,cdn.pendo.io
https://globo.com/,news,1,6,third_party,6,7222791,2461926,1827336,634590,6,6,cdn.pendo.io
https://globo.com/,news,1,6,listed,6,185020,2531984,1827336,704648,6,6,cdn.pendo.io
https://harvard.edu/,reference,0,0,page,4,3140545,0,0,0,0,0,
https://harvard.edu/,reference,0,0,third_party,4,685937,0,0,0,0,0,
https://harvard.edu/,reference,0,0,listed,4,207491,0,0,0,0,0,
https://harvard.edu/,reference,0,1,page,4,3120388,20157,20034,123,2,2,cdn.parsely.com
https://harvard.edu/,reference,0,1,third_party,4,665780,20157,20034,123,2,2,cdn.parsely.com
https://harvard.edu/,reference,0,1,listed,4,187334,20157,20034,123,2,2,cdn.parsely.com
https://harvard.edu/,reference,0,2,page,4,2958307,182238,181580,658,3,3,connect.facebook.net
https://harvard.edu/,reference,0,2,third_party,4,503699,182238,181580,658,3,3,connect.facebook.net
https://harvard.edu/,reference,0,2,listed,4,25248,182243,181580,663,3,3,connect.facebook.net
https://harvard.edu/,reference,0,3,page,4,2934727,205818,205112,706,4,4,www.google-analytics.com
https://harvard.edu/,reference,0,3,third_party,4,480119,205818,205112,706,4,4,www.google-analytics.com
https://harvard.edu/,reference,0,3,listed,4,1676,205815,205112,703,4,4,www.google-analytics.com
https://harvard.edu/,reference,0,4,page,4,2933891,206654,205950,704,5,5,region1.analytics.google.com
https://harvard.edu/,reference,0,4,third_party,4,479283,206654,205950,704,5,5,region1.analytics.google.com
https://harvard.edu/,reference,0,4,listed,4,838,206653,205950,703,5,5,region1.analytics.google.com
https://harvard.edu/,reference,1,0,page,4,3140650,0,0,0,0,0,
https://harvard.edu/,reference,1,0,third_party,4,686042,0,0,0,0,0,
https://harvard.edu/,reference,1,0,listed,4,207597,0,0,0,0,0,
https://harvard.edu/,reference,1,1,page,4,2978571,162079,161612,467,1,1,connect.facebook.net
https://harvard.edu/,reference,1,1,third_party,4,523963,162079,161612,467,1,1,connect.facebook.net
https://harvard.edu/,reference,1,1,listed,4,45511,162086,161612,474,1,1,connect.facebook.net
https://harvard.edu/,reference,1,2,page,4,2954793,185857,185184,673,2,2,www.google-analytics.com
https://harvard.edu/,reference,1,2,third_party,4,500383,185659,185184,475,2,2,www.google-analytics.com
https://harvard.edu/,reference,1,2,listed,4,21939,185658,185184,474,2,2,www.google-analytics.com
https://harvard.edu/,reference,1,3,page,4,2954355,186295,186022,273,3,3,region1.analytics.google.com
https://harvard.edu/,reference,1,3,third_party,4,499747,186295,186022,273,3,3,region1.analytics.google.com
https://harvard.edu/,reference,1,3,listed,4,21101,186496,186022,474,3,3,region1.analytics.google.com
https://harvard.edu/,reference,1,4,page,4,2933694,206956,206056,900,5,5,cdn.parsely.com
https://harvard.edu/,reference,1,4,third_party,4,479284,206758,206056,702,5,5,cdn.parsely.com
https://harvard.edu/,reference,1,4,listed,4,838,206759,206056,703,5,5,cdn.parsely.com
https://hbr.org/,news,0,0,page,6,3626348,0,0,0,0,0,
https://hbr.org/,news,0,0,third_party,6,2589299,0,0,0,0,0,
https://hbr.org/,news,0,0,listed,6,530964,0,0,0,0,0,
https://hbr.org/,news,0,1,page,6,3602868,23480,21732,1748,1,1,www.google-analytics.com
https://hbr.org/,news,0,1,third_party,6,2565829,23470,21732,1738,1,1,www.google-analytics.com
https://hbr.org/,news,0,1,listed,6,508556,22408,21732,676,1,1,www.google-analytics.com
https://hbr.org/,news,0,2,page,6,3554244,72104,71368,736,2,2,ak.sail-horizon.com
https://hbr.org/,news,0,2,third_party,6,2517193,72106,71368,738,2,2,ak.sail-horizon.com
https://hbr.org/,news,0,2,listed,6,459429,71535,71368,167,2,2,ak.sail-horizon.com
https://hbr.org/,news,0,3,page,6,3497228,129120,124308,4812,3,3,b-code.liadm.com
https://hbr.org/,news,0,3,third_party,6,2460173,129126,124308,4818,3,3,b-code.liadm.com
https://hbr.org/,news,0,3,listed,6,402350,128614,124308,4306,3,3,b-code.liadm.com
https://hbr.org/,news,0,4,page,6,2990845,635503,380968,254535,4,4,securepubads.g.doubleclick.net
https://hbr.org/,news,0,4,third_party,6,1953801,635498,380968,254530,4,4,securepubads.g.doubleclick.net
https://hbr.org/,news,0,4,listed,6,147181,383783,380968,2815,4,4,securepubads.g.doubleclick.net
https://hbr.org/,news,0,5,page,6,6548384,-2922036,399686,-3321722,5,5,bat.bing.com
https://hbr.org/,news,0,5,third_party,6,1904926,684373,399686,284687,5,5,bat.bing.com
https://hbr.org/,news,0,5,listed,6,99644,431320,399686,31634,5,5,bat.bing.com
https://hbr.org/,news,0,6,page,6,2916030,710318,423604,286714,6,6,snap.licdn.com
https://hbr.org/,news,0,6,third_party,6,1878987,710312,423604,286708,6,6,snap.licdn.com
https://hbr.org/,news,0,6,listed,6,72937,458027,423604,34423,6,6,snap.licdn.com
https://hbr.org/,news,1,0,page,6,7231825,0,0,0,0,0,
https://hbr.org/,news,1,0,third_party,6,2588370,0,0,0,0,0,
https://hbr.org/,news,1,0,listed,6,531118,0,0,0,0,0,
https://hbr.org/,news,1,1,page,6,7210948,20877,21732,-855,1,1,www.google-analytics.com
https://hbr.org/,news,1,1,third_party,6,2567492,20878,21732,-854,1,1,www.google-analytics.com
https://hbr.org/,news,1,1,listed,6,510250,20868,21732,-864,1,1,www.google-analytics.com
https://hbr.org/,news,1,2,page,6,3093791,4138034,278572,3859462,2,2,securepubads.g.doubleclick.net
https://hbr.org/,news,1,2,third_party,6,2056747,531623,278572,253051,2,2,securepubads.g.doubleclick.net
https://hbr.org/,news,1,2,listed,6,251445,279673,278572,1101,2,2,securepubads.g.doubleclick.net
https://hbr.org/,news,1,3,page,6,3043539,4188286,331512,3856774,3,3,b-code.liadm.com
https://hbr.org/,news,1,3,third_party,6,2006493,581877,331512,250365,3,3,b-code.liadm.com
https://hbr.org/,news,1,3,listed,6,195449,335669,331512,4157,3,3,b-code.liadm.com
https://hbr.org/,news,1,4,page,6,6598482,633343,350230,283113,4,4,bat.bing.com
https://hbr.org/,news,1,4,third_party,6,1955021,633349,350230,283119,4,4,bat.bing.com
https://hbr.org/,news,1,4,listed,6,150533,380585,350230,30355,4,4,bat.bing.com
https://hbr.org/,news,1,5,page,6,2941379,4290446,399866,3890580,5,5,ak.sail-horizon.com
https://hbr.org/,news,1,5,third_party,6,1904331,684039,399866,284173,5,5,ak.sail-horizon.com
https://hbr.org/,news,1,5,listed,6,99192,431926,399866,32060,5,5,ak.sail-horizon.com
https://hbr.org/,news,1,6,page,6,6521570,710255,423725,286530,6,6,snap.licdn.com
https://hbr.org/,news,1,6,third_party,6,1878118,710252,423725,286527,6,6,snap.licdn.com
https://hbr.org/,news,1,6,listed,6,73664,457454,423725,33729,6,6,snap.licdn.com
https://imgsmail.ru/,infrastructure,0,0,page,5,13401135,0,0,0,0,0,
https://imgsmail.ru/,infrastructure,0,0,third_party,5,12437256,0,0,0,0,0,
https://imgsmail.ru/,infrastructure,0,0,listed,5,1035644,0,0,0,0,0,
https://imgsmail.ru/,infrastructure,0,1,page,5,8987622,4413513,62525,4350988,2,2,top-fwz1.mail.ru
https://imgsmail.ru/,infrastructure,0,1,third_party,5,8033043,4404213,62525,4341688,2,2,top-fwz1.mail.ru
https://imgsmail.ru/,infrastructure,0,1,listed,5,1186779,-151135,62525,-213660,2,2,top-fwz1.mail.ru
https://imgsmail.ru/,infrastructure,0,2,page,5,8737008,4664127,214563,4449564,5,5,mc.yandex.ru
https://imgsmail.ru/,infrastructure,0,2,third_party,5,7773127,4664129,214563,4449566,5,5,mc.yandex.ru
https://imgsmail.ru/,infrastructure,0,2,listed,5,1011111,24533,214563,-190030,5,5,mc.yandex.ru
https://imgsmail.ru/,infrastructure,0,3,page,5,8449087,4952048,773594,4178454,8,8,yandex.ru
https://imgsmail.ru/,infrastructure,0,3,third_party,5,7485215,4952041,773594,4178447,8,8,yandex.ru
https://imgsmail.ru/,infrastructure,0,3,listed,5,413835,621809,773594,-151785,8,8,yandex.ru
https://imgsmail.ru/,infrastructure,0,4,page,5,7963537,5437598,798888,4638710,8,8,mc.yandex.com
https://imgsmail.ru/,infrastructure,0,4,third_party,5,6999253,5438003,798888,4639115,8,8,mc.yandex.com
https://imgsmail.ru/,infrastructure,0,4,listed,5,415568,620076,798888,-178812,8,8,mc.yandex.com
https://imgsmail.ru/,infrastructure,0,5,page,5,7024979,6376156,837258,5538898,10,10,vk.com
https://imgsmail.ru/,infrastructure,0,5,third_party,5,6061106,6376150,837258,5538892,10,10,vk.com
https://imgsmail.ru/,infrastructure,0,5,listed,5,376461,659183,837258,-178075,10,10,vk.com
https://imgsmail.ru/,infrastructure,1,0,page,5,14771247,0,0,0,0,0,
https://imgsmail.ru/,infrastructure,1,0,third_party,5,13807368,0,0,0,0,0,
https://imgsmail.ru/,infrastructure,1,0,listed,5,1038472,0,0,0,0,0,
https://imgsmail.ru/,infrastructure,1,1,page,5,7596836,7174411,562638,6611773,6,6,yandex.ru
https://imgsmail.ru/,infrastructure,1,1,third_party,5,6632963,7174405,562638,6611767,6,6,yandex.ru
https://imgsmail.ru/,infrastructure,1,1,listed,5,504962,533510,562638,-29128,6,6,yandex.ru
https://imgsmail.ru/,infrastructure,1,2,page,5,7558989,7212258,625163,6587095,8,8,top-fwz1.mail.ru
https://imgsmail.ru/,infrastructure,1,2,third_party,5,6595114,7212254,625163,6587091,8,8,top-fwz1.mail.ru
https://imgsmail.ru/,infrastructure,1,2,listed,5,412062,626410,625163,1247,8,8,top-fwz1.mail.ru
https://imgsmail.ru/,infrastructure,1,3,page,5,7239986,7531261,777201,6754060,8,8,mc.yandex.ru
https://imgsmail.ru/,infrastructure,1,3,third_party,5,6276109,7531259,777201,6754058,8,8,mc.yandex.ru
https://imgsmail.ru/,infrastructure,1,3,listed,5,415285,623187,777201,-154014,8,8,mc.yandex.ru
https://imgsmail.ru/,infrastructure,1,4,page,5,7114448,7656799,815571,6841228,10,10,vk.com
https://imgsmail.ru/,infrastructure,1,4,third_party,5,6150572,7656796,815571,6841225,10,10,vk.com
https://imgsmail.ru/,infrastructure,1,4,listed,5,375936,662536,815571,-153035,10,10,vk.com
https://imgsmail.ru/,infrastructure,1,5,page,5,6920648,7850599,841044,7009555,10,10,mc.yandex.com
https://imgsmail.ru/,infrastructure,1,5,third_party,5,5956361,7851007,841044,7009963,10,10,mc.yandex.com
https://imgsmail.ru/,infrastructure,1,5,listed,5,372890,665582,841044,-175462,10,10,mc.yandex.com
https://imgur.com/,social,0,0,page,6,5555367,0,0,0,0,0,
https://imgur.com/,social,0,0,third_party,6,2080937,0,0,0,0,0,
https://imgur.com/,social,0,0,listed,6,731042,0,0,0,0,0,
https://imgur.com/,social,0,1,page,6,5264292,291075,22659,268416,2,2,www.google-analytics.com
https://imgur.com/,social,0,1,third_party,6,1789747,291190,22659,268531,2,2,www.google-analytics.com
https://imgur.com/,social,0,1,listed,6,611648,119394,22659,96735,2,2,www.google-analytics.com
https://imgur.com/,social,0,2,page,6,5210741,344626,59165,285461,4,4,btloader.com
https://imgur.com/,social,0,2,third_party,6,1736328,344609,59165,285444,4,4,btloader.com
https://imgur.com/,social,0,2,listed,6,558976,172066,59165,112901,4,4,btloader.com
https://imgur.com/,social,0,3,page,6,5197810,357557,107613,249944,5,5,quicklyedit.com
https://imgur.com/,social,0,3,third_party,6,1723401,357536,107613,249923,5,5,quicklyedit.com
https://imgur.com/,social,0,3,listed,6,606233,124809,107613,17196,5,5,quicklyedit.com
https://imgur.com/,social,0,4,page,6,4724771,830596,364448,466148,7,7,securepubads.g.doubleclick.net
https://imgur.com/,social,0,4,third_party,6,1250351,830586,364448,466138,7,7,securepubads.g.doubleclick.net
https://imgur.com/,social,0,4,listed,6,356773,374269,364448,9821,7,7,securepubads.g.doubleclick.net
https://imgur.com/,social,0,5,page,6,4715499,839868,370307,469561,7,7,ad.doubleclick.net
https://imgur.com/,social,0,5,third_party,6,1241081,839856,370307,469549,7,7,ad.doubleclick.net
https://imgur.com/,social,0,5,listed,6,372093,358949,370307,-11358,7,7,ad.doubleclick.net
https://imgur.com/,social,0,6,page,6,4681481,873886,399268,474618,9,9,ced.sascdn.com
https://imgur.com/,social,0,6,third_party,6,1207090,873847,399268,474579,9,9,ced.sascdn.com
https://imgur.com/,social,0,6,listed,6,335623,395419,399268,-3849,9,9,ced.sascdn.com
https://imgur.com/,social,1,0,page,6,5456974,0,0,0,0,0,
https://imgur.com/,social,1,0,third_party,6,1983033,0,0,0,0,0,
https://imgur.com/,social,1,0,listed,6,633395,0,0,0,0,0,
https://imgur.com/,social,1,1,page,6,5264268,192706,22639,170067,2,2,www.google-analytics.com
https://imgur.com/,social,1,1,third_party,6,1790331,192702,22639,170063,2,2,www.google-analytics.com
https://imgur.com/,social,1,1,listed,6,612243,21152,22639,-1487,2,2,www.google-analytics.com
https://imgur.com/,social,1,2,page,6,4870604,586370,278279,308091,4,4,securepubads.g.doubleclick.net
https://imgur.com/,social,1,2,third_party,6,1396660,586373,278279,308094,4,4,securepubads.g.doubleclick.net
https://imgur.com/,social,1,2,listed,6,465187,168208,278279,-110071,4,4,securepubads.g.doubleclick.net
https://imgur.com/,social,1,3,page,6,5124753,332221,326772,5449,5,5,quicklyedit.com
https://imgur.com/,social,1,3,third_party,6,1650806,332227,326772,5455,5,5,quicklyedit.com
https://imgur.com/,social,1,3,listed,6,564004,69391,326772,-257381,5,5,quicklyedit.com
https://imgur.com/,social,1,4,page,6,4953062,503912,332631,171281,7,7,ad.doubleclick.net
https://imgur.com/,social,1,4,third_party,6,1479121,503912,332631,171281,7,7,ad.doubleclick.net
https://imgur.com/,social,1,4,listed,6,599895,33500,332631,-299131,7,7,ad.doubleclick.net
https://imgur.com/,social,1,5,page,6,4725848,731126,369137,361989,7,7,btloader.com
https://imgur.com/,social,1,5,third_party,6,1251906,731127,369137,361990,7,7,btloader.com
https://imgur.com/,social,1,5,listed,6,359654,273741,369137,-95396,7,7,btloader.com
https://imgur.com/,social,1,6,page,6,4748932,708042,398098,309944,9,9,ced.sascdn.com
https://imgur.com/,social,1,6,third_party,6,1274989,708044,398098,309946,9,9,ced.sascdn.com
https://imgur.com/,social,1,6,listed,6,407227,226168,398098,-171930,9,9,ced.sascdn.com
https://inmobi.com/,productivity,0,0,page,6,2143453,0,0,0,0,0,
https://inmobi.com/,productivity,0,0,third_party,6,1813201,0,0,0,0,0,
https://inmobi.com/,productivity,0,0,listed,6,999023,0,0,0,0,0,
https://inmobi.com/,productivity,0,1,page,6,2113716,29737,23926,5811,1,1,tag.demandbase.com
https://inmobi.com/,productivity,0,1,third_party,6,1783466,29735,23926,5809,1,1,tag.demandbase.com
https://inmobi.com/,productivity,0,1,listed,6,969280,29743,23926,5817,1,1,tag.demandbase.com
https://inmobi.com/,productivity,0,2,page,6,2045258,98195,59163,39032,2,2,s.adroll.com
https://inmobi.com/,productivity,0,2,third_party,6,1715341,97860,59163,38697,2,2,s.adroll.com
https://inmobi.com/,productivity,0,2,listed,6,901186,97837,59163,38674,2,2,s.adroll.com
https://inmobi.com/,productivity,0,3,page,6,2000509,142944,103257,39687,3,3,js.hs-analytics.net
https://inmobi.com/,productivity,0,3,third_party,6,1670259,142942,103257,39685,3,3,js.hs-analytics.net
https://inmobi.com/,productivity,0,3,listed,6,856078,142945,103257,39688,3,3,js.hs-analytics.net
https://inmobi.com/,productivity,0,4,page,6,1951442,192011,151040,40971,5,5,snap.licdn.com
https://inmobi.com/,productivity,0,4,third_party,6,1621192,192009,151040,40969,5,5,snap.licdn.com
https://inmobi.com/,productivity,0,4,listed,6,807013,192010,151040,40970,5,5,snap.licdn.com
https://inmobi.com/,productivity,0,5,page,6,1926941,216512,174172,42340,6,6,www.google-analytics.com
https://inmobi.com/,productivity,0,5,third_party,6,1597024,216177,174172,42005,6,6,www.google-analytics.com
https://inmobi.com/,productivity,0,5,listed,6,782846,216177,174172,42005,6,6,www.google-analytics.com
https://inmobi.com/,productivity,0,6,page,6,1896871,246582,203815,42767,7,7,js.hubspot.com
https://inmobi.com/,productivity,0,6,third_party,6,1566957,246244,203815,42429,7,7,js.hubspot.com
https://inmobi.com/,productivity,0,6,listed,6,752270,246753,203815,42938,7,7,js.hubspot.com
https://inmobi.com/,productivity,1,0,page,6,2139652,0,0,0,0,0,
https://inmobi.com/,productivity,1,0,third_party,6,1809734,0,0,0,0,0,
https://inmobi.com/,productivity,1,0,listed,6,995578,0,0,0,0,0,
https://inmobi.com/,productivity,1,1,page,6,2114602,25050,23926,1124,1,1,tag.demandbase.com
https://inmobi.com/,productivity,1,1,third_party,6,1784351,25383,23926,1457,1,1,tag.demandbase.com
https://inmobi.com/,productivity,1,1,listed,6,970174,25404,23926,1478,1,1,tag.demandbase.com
https://inmobi.com/,productivity,1,2,page,6,2061176,78476,71591,6885,3,3,snap.licdn.com
https://inmobi.com/,productivity,1,2,third_party,6,1730924,78810,71591,7219,3,3,snap.licdn.com
https://inmobi.com/,productivity,1,2,listed,6,916743,78835,71591,7244,3,3,snap.licdn.com
https://inmobi.com/,productivity,1,3,page,6,2018819,120833,115685,5148,4,4,js.hs-analytics.net
https://inmobi.com/,productivity,1,3,third_party,6,1688568,121166,115685,5481,4,4,js.hs-analytics.net
https://inmobi.com/,productivity,1,3,listed,6,874399,121179,115685,5494,4,4,js.hs-analytics.net
https://inmobi.com/,productivity,1,4,page,6,1992030,147622,138817,8805,5,5,www.google-analytics.com
https://inmobi.com/,productivity,1,4,third_party,6,1661780,147954,138817,9137,5,5,www.google-analytics.com
https://inmobi.com/,productivity,1,4,listed,6,847601,147977,138817,9160,5,5,www.google-analytics.com
https://inmobi.com/,productivity,1,5,page,6,1929432,210220,174054,36166,6,6,s.adroll.com
https://inmobi.com/,productivity,1,5,third_party,6,1599180,210554,174054,36500,6,6,s.adroll.com
https://inmobi.com/,productivity,1,5,listed,6,783813,211765,174054,37711,6,6,s.adroll.com
https://inmobi.com/,productivity,1,6,page,6,1897516,242136,203701,38435,7,7,js.hubspot.com
https://inmobi.com/,productivity,1,6,third_party,6,1567263,242471,203701,38770,7,7,js.hubspot.com
https://inmobi.com/,productivity,1,6,listed,6,752592,242986,203701,39285,7,7,js.hubspot.com
https://ipify.org/,infrastructure,0,0,page,6,1252201,0,0,0,0,0,
https://ipify.org/,infrastructure,0,0,third_party,6,1048476,0,0,0,0,0,
https://ipify.org/,infrastructure,0,0,listed,6,176362,0,0,0,0,0,
https://ipify.org/,infrastructure,0,1,page,6,907882,344319,5913,338406,1,1,js.hsadspixel.net
https://ipify.org/,infrastructure,0,1,third_party,6,704179,344297,5913,338384,1,1,js.hsadspixel.net
https://ipify.org/,infrastructure,0,1,listed,6,163556,12806,5913,6893,1,1,js.hsadspixel.net
https://ipify.org/,infrastructure,0,2,page,6,882460,369741,30982,338759,2,2,js.hs-banner.com
https://ipify.org/,infrastructure,0,2,third_party,6,679106,369370,30982,338388,2,2,js.hs-banner.com
https://ipify.org/,infrastructure,0,2,listed,6,138507,37855,30982,6873,2,2,js.hs-banner.com
https://ipify.org/,infrastructure,0,3,page,6,853384,398817,62249,336568,3,3,js.hubspot.com
https://ipify.org/,infrastructure,0,3,third_party,6,650008,398468,62249,336219,3,3,js.hubspot.com
https://ipify.org/,infrastructure,0,3,listed,6,110433,65929,62249,3680,3,3,js.hubspot.com
https://ipify.org/,infrastructure,0,4,page,6,712094,540107,106088,434019,4,4,js.hs-analytics.net
https://ipify.org/,infrastructure,0,4,third_party,6,508364,540112,106088,434024,4,4,js.hs-analytics.net
https://ipify.org/,infrastructure,0,4,listed,6,58803,117559,106088,11471,4,4,js.hs-analytics.net
https://ipify.org/,infrastructure,0,5,page,6,707779,544422,110386,434036,6,6,script.crazyegg.com
https://ipify.org/,infrastructure,0,5,third_party,6,504050,544426,110386,434040,6,6,script.crazyegg.com
https://ipify.org/,infrastructure,0,5,listed,6,54506,121856,110386,11470,6,6,script.crazyegg.com
https://ipify.org/,infrastructure,0,6,page,6,686082,566119,132117,434002,7,7,www.google-analytics.com
https://ipify.org/,infrastructure,0,6,third_party,6,482353,566123,132117,434006,7,7,www.google-analytics.com
https://ipify.org/,infrastructure,0,6,listed,6,32775,143587,132117,11470,7,7,www.google-analytics.com
https://ipify.org/,infrastructure,1,0,page,6,1226171,0,0,0,0,0,
https://ipify.org/,infrastructure,1,0,third_party,6,1022444,0,0,0,0,0,
https://ipify.org/,infrastructure,1,0,listed,6,149805,0,0,0,0,0,
https://ipify.org/,infrastructure,1,1,page,6,908122,318049,5913,312136,1,1,js.hsadspixel.net
https://ipify.org/,infrastructure,1,1,third_party,6,704743,317701,5913,311788,1,1,js.hsadspixel.net
https://ipify.org/,infrastructure,1,1,listed,6,163579,-13774,5913,-19687,1,1,js.hsadspixel.net
https://ipify.org/,infrastructure,1,2,page,6,771075,455096,49769,405327,2,2,js.hs-analytics.net
https://ipify.org/,infrastructure,1,2,third_party,6,567346,455098,49769,405329,2,2,js.hs-analytics.net
https://ipify.org/,infrastructure,1,2,listed,6,116753,33052,49769,-16717,2,2,js.hs-analytics.net
https://ipify.org/,infrastructure,1,3,page,6,715448,510723,81029,429694,3,3,js.hubspot.com
https://ipify.org/,infrastructure,1,3,third_party,6,511720,510724,81029,429695,3,3,js.hubspot.com
https://ipify.org/,infrastructure,1,3,listed,6,62141,87664,81029,6635,3,3,js.hubspot.com
https://ipify.org/,infrastructure,1,4,page,6,733007,493164,85327,407837,5,5,script.crazyegg.com
https://ipify.org/,infrastructure,1,4,third_party,6,529278,493166,85327,407839,5,5,script.crazyegg.com
https://ipify.org/,infrastructure,1,4,listed,6,79574,70231,85327,-15096,5,5,script.crazyegg.com
https://ipify.org/,infrastructure,1,5,page,6,707791,518380,110396,407984,6,6,js.hs-banner.com
https://ipify.org/,infrastructure,1,5,third_party,6,504064,518380,110396,407984,6,6,js.hs-banner.com
https://ipify.org/,infrastructure,1,5,listed,6,54503,95302,110396,-15094,6,6,js.hs-banner.com
https://ipify.org/,infrastructure,1,6,page,6,686069,540102,110396,429706,7,7,www.google-analytics.com
https://ipify.org/,infrastructure,1,6,third_party,6,482341,540103,110396,429707,7,7,www.google-analytics.com
https://ipify.org/,infrastructure,1,6,listed,6,32774,117031,110396,6635,7,7,www.google-analytics.com
https://ivi.ru/,entertainment,0,0,page,6,2705031,0,0,0,0,0,
https://ivi.ru/,entertainment,0,0,third_party,6,735901,0,0,0,0,0,
https://ivi.ru/,entertainment,0,0,listed,6,279342,0,0,0,0,0,
https://ivi.ru/,entertainment,0,1,page,6,2819375,-114344,5603,-119947,4,3,mc.yandex.com
https://ivi.ru/,entertainment,0,1,third_party,6,729571,6330,5603,727,4,3,mc.yandex.com
https://ivi.ru/,entertainment,0,1,listed,6,272894,6448,5603,845,4,3,mc.yandex.com
https://ivi.ru/,entertainment,0,2,page,6,2619879,85152,60546,24606,6,5,top-fwz1.mail.ru
https://ivi.ru/,entertainment,0,2,third_party,6,650416,85485,60546,24939,6,5,top-fwz1.mail.ru
https://ivi.ru/,entertainment,0,2,listed,6,193869,85473,60546,24927,6,5,top-fwz1.mail.ru
https://ivi.ru/,entertainment,0,3,page,6,2542110,162921,139299,23622,7,6,api.flocktory.com
https://ivi.ru/,entertainment,0,3,third_party,6,572932,162969,139299,23670,7,6,api.flocktory.com
https://ivi.ru/,entertainment,0,3,listed,6,115858,163484,139299,24185,7,6,api.flocktory.com
https://ivi.ru/,entertainment,0,4,page,6,2758064,-53033,231488,-284521,4,4,mc.yandex.ru
https://ivi.ru/,entertainment,0,4,third_party,6,474704,261197,231488,29709,4,4,mc.yandex.ru
https://ivi.ru/,entertainment,0,4,listed,6,18021,261321,231488,29833,4,4,mc.yandex.ru
https://ivi.ru/,entertainment,0,5,page,6,2643444,61587,232037,-170450,6,5,ad.doubleclick.net
https://ivi.ru/,entertainment,0,5,third_party,6,474023,261878,232037,29841,6,5,ad.doubleclick.net
https://ivi.ru/,entertainment,0,5,listed,6,17472,261870,232037,29833,6,5,ad.doubleclick.net
https://ivi.ru/,entertainment,0,6,page,6,2426266,278765,249509,29256,7,6,content.adriver.ru
https://ivi.ru/,entertainment,0,6,third_party,6,457162,278739,249509,29230,7,6,content.adriver.ru
https://ivi.ru/,entertainment,0,6,listed,6,607,278735,249509,29226,7,6,content.adriver.ru
https://ivi.ru/,entertainment,1,0,page,6,2825203,0,0,0,0,0,
https://ivi.ru/,entertainment,1,0,third_party,6,735228,0,0,0,0,0,
https://ivi.ru/,entertainment,1,0,listed,6,278546,0,0,0,0,0,
https://ivi.ru/,entertainment,1,1,page,6,2699457,125746,5784,119962,4,3,mc.yandex.com
https://ivi.ru/,entertainment,1,1,third_party,6,730064,5164,5784,-620,4,3,mc.yandex.com
https://ivi.ru/,entertainment,1,1,listed,6,273507,5039,5784,-745,4,3,mc.yandex.com
https://ivi.ru/,entertainment,1,2,page,6,2727458,97745,97792,-47,1,1,mc.yandex.ru
https://ivi.ru/,entertainment,1,2,third_party,6,637625,97603,97792,-189,1,1,mc.yandex.ru
https://ivi.ru/,entertainment,1,2,listed,6,180936,97610,97792,-182,1,1,mc.yandex.ru
https://ivi.ru/,entertainment,1,3,page,6,2648880,176323,176546,-223,2,2,api.flocktory.com
https://ivi.ru/,entertainment,1,3,third_party,6,558944,176284,176546,-262,2,2,api.flocktory.com
https://ivi.ru/,entertainment,1,3,listed,6,102256,176290,176546,-256,2,2,api.flocktory.com
https://ivi.ru/,entertainment,1,4,page,6,0,2825203,177095,2648108,0,0,ad.doubleclick.net
https://ivi.ru/,entertainment,1,4,third_party,6,0,735228,177095,558133,0,0,ad.doubleclick.net
https://ivi.ru/,entertainment,1,4,listed,6,0,278546,177095,101451,0,0,ad.doubleclick.net
https://ivi.ru/,entertainment,1,5,page,6,0,2825203,232038,2593165,0,0,top-fwz1.mail.ru
https://ivi.ru/,entertainment,1,5,third_party,6,0,735228,232038,503190,0,0,top-fwz1.mail.ru
https://ivi.ru/,entertainment,1,5,listed,6,0,278546,232038,46508,0,0,top-fwz1.mail.ru
https://ivi.ru/,entertainment,1,6,page,6,0,2825203,249510,2575693,0,0,content.adriver.ru
https://ivi.ru/,entertainment,1,6,third_party,6,0,735228,249510,485718,0,0,content.adriver.ru
https://ivi.ru/,entertainment,1,6,listed,6,0,278546,249510,29036,0,0,content.adriver.ru
https://kick.com/,entertainment,0,0,page,5,13457795,0,0,0,0,0,
https://kick.com/,entertainment,0,0,third_party,5,6509934,0,0,0,0,0,
https://kick.com/,entertainment,0,0,listed,5,1101857,0,0,0,0,0,
https://kick.com/,entertainment,0,1,page,5,14409518,-951723,166908,-1118631,1,1,analytics.tiktok.com
https://kick.com/,entertainment,0,1,third_party,5,6396157,113777,166908,-53131,1,1,analytics.tiktok.com
https://kick.com/,entertainment,0,1,listed,5,934969,166888,166908,-20,1,1,analytics.tiktok.com
https://kick.com/,entertainment,0,2,page,5,10112330,3345465,424809,2920656,6,4,pagead2.googlesyndication.com
https://kick.com/,entertainment,0,2,third_party,5,4151684,2358250,424809,1933441,6,4,pagead2.googlesyndication.com
https://kick.com/,entertainment,0,2,listed,5,677259,424598,424809,-211,6,4,pagead2.googlesyndication.com
https://kick.com/,entertainment,0,3,page,5,8972522,4485273,683781,3801492,7,5,connect.facebook.net
https://kick.com/,entertainment,0,3,third_party,5,3800562,2709372,683781,2025591,7,5,connect.facebook.net
https://kick.com/,entertainment,0,3,listed,5,417519,684338,683781,557,7,5,connect.facebook.net
https://kick.com/,entertainment,0,4,page,5,12641138,816657,685423,131234,9,7,region1.google-analytics.com
https://kick.com/,entertainment,0,4,third_party,5,5893775,616159,685423,-69264,9,7,region1.google-analytics.com
https://kick.com/,entertainment,0,4,listed,5,415944,685913,685423,490,9,7,region1.google-analytics.com
https://kick.com/,entertainment,0,5,page,5,11233309,2224486,700927,1523559,10,8,a.quora.com
https://kick.com/,entertainment,0,5,third_party,5,5949356,560578,700927,-140349,10,8,a.quora.com
https://kick.com/,entertainment,0,5,listed,5,400480,701377,700927,450,10,8,a.quora.com
https://kick.com/,entertainment,1,0,page,5,9420638,0,0,0,0,0,
https://kick.com/,entertainment,1,0,third_party,5,4595910,0,0,0,0,0,
https://kick.com/,entertainment,1,0,listed,5,1102677,0,0,0,0,0,
https://kick.com/,entertainment,1,1,page,5,11743337,-2322699,259087,-2581786,1,1,connect.facebook.net
https://kick.com/,entertainment,1,1,third_party,5,6241049,-1645139,259087,-1904226,1,1,connect.facebook.net
https://kick.com/,entertainment,1,1,listed,5,842466,260211,259087,1124,1,1,connect.facebook.net
https://kick.com/,entertainment,1,2,page,5,11514685,-2094047,425956,-2520003,2,2,analytics.tiktok.com
https://kick.com/,entertainment,1,2,third_party,5,6099889,-1503979,425956,-1929935,2,2,analytics.tiktok.com
https://kick.com/,entertainment,1,2,listed,5,676085,426592,425956,636,2,2,analytics.tiktok.com
https://kick.com/,entertainment,1,3,page,5,10554960,-1134322,684604,-1818926,7,5,pagead2.googlesyndication.com
https://kick.com/,entertainment,1,3,third_party,5,5941629,-1345719,684604,-2030323,7,5,pagead2.googlesyndication.com
https://kick.com/,entertainment,1,3,listed,5,417516,685161,684604,557,7,5,pagead2.googlesyndication.com
https://kick.com/,entertainment,1,4,page,5,11465152,-2044514,700108,-2744622,8,6,a.quora.com
https://kick.com/,entertainment,1,4,third_party,5,5873449,-1277539,700108,-1977647,8,6,a.quora.com
https://kick.com/,entertainment,1,4,listed,5,402082,700595,700108,487,8,6,a.quora.com
https://kick.com/,entertainment,1,5,page,5,10428072,-1007434,701750,-1709184,10,8,region1.google-analytics.com
https://kick.com/,entertainment,1,5,third_party,5,5892111,-1296201,701750,-1997951,10,8,region1.google-analytics.com
https://kick.com/,entertainment,1,5,listed,5,400441,702236,701750,486,10,8,region1.google-analytics.com
https://livejournal.com/,social,0,0,page,6,3075439,0,0,0,0,0,
https://livejournal.com/,social,0,0,third_party,6,2659490,0,0,0,0,0,
https://livejournal.com/,social,0,0,listed,6,547680,0,0,0,0,0,
https://livejournal.com/,social,0,1,page,6,3103134,-27695,44493,-72188,1,1,cdn-s01.rambler.ru
https://livejournal.com/,social,0,1,third_party,6,2688118,-28628,44493,-73121,1,1,cdn-s01.rambler.ru
https://livejournal.com/,social,0,1,listed,6,573728,-26048,44493,-70541,1,1,cdn-s01.rambler.ru
https://livejournal.com/,social,0,2,page,6,3010236,65203,136713,-71510,2,2,mc.webvisor.org
https://livejournal.com/,social,0,2,third_party,6,2595492,63998,136713,-72715,2,2,mc.webvisor.org
https://livejournal.com/,social,0,2,listed,6,483433,64247,136713,-72466,2,2,mc.webvisor.org
https://livejournal.com/,social,0,3,page,6,2269842,805597,244759,560838,4,4,ssp.rambler.ru
https://livejournal.com/,social,0,3,third_party,6,1855128,804362,244759,559603,4,4,ssp.rambler.ru
https://livejournal.com/,social,0,3,listed,6,96881,450799,244759,206040,4,4,ssp.rambler.ru
https://livejournal.com/,social,0,4,page,6,2269847,805592,365114,440478,4,4,yandex.ru
https://livejournal.com/,social,0,4,third_party,6,1855047,804443,365114,439329,4,4,yandex.ru
https://livejournal.com/,social,0,4,listed,6,96882,450798,365114,85684,4,4,yandex.ru
https://livejournal.com/,social,0,5,page,6,2219662,855777,393830,461947,5,5,top-fwz1.mail.ru
https://livejournal.com/,social,0,5,third_party,6,1804722,854768,393830,460938,5,5,top-fwz1.mail.ru
https://livejournal.com/,social,0,5,listed,6,46549,501131,393830,107301,5,5,top-fwz1.mail.ru
https://livejournal.com/,social,0,6,page,6,2218096,857343,393830,463513,5,5,mc.yandex.ru
https://livejournal.com/,social,0,6,third_party,6,1803303,856187,393830,462357,5,5,mc.yandex.ru
https://livejournal.com/,social,0,6,listed,6,46540,501140,393830,107310,5,5,mc.yandex.ru
https://livejournal.com/,social,1,0,page,6,3072635,0,0,0,0,0,
https://livejournal.com/,social,1,0,third_party,6,2657831,0,0,0,0,0,
https://livejournal.com/,social,1,0,listed,6,547912,0,0,0,0,0,
https://livejournal.com/,social,1,1,page,6,3105039,-32404,44493,-76897,1,1,cdn-s01.rambler.ru
https://livejournal.com/,social,1,1,third_party,6,2689128,-31297,44493,-75790,1,1,cdn-s01.rambler.ru
https://livejournal.com/,social,1,1,listed,6,574043,-26131,44493,-70624,1,1,cdn-s01.rambler.ru
https://livejournal.com/,social,1,2,page,6,2596527,476108,164874,311234,4,2,yandex.ru
https://livejournal.com/,social,1,2,third_party,6,2181615,476216,164874,311342,4,2,yandex.ru
https://livejournal.com/,social,1,2,listed,6,376108,171804,164874,6930,4,2,yandex.ru
https://livejournal.com/,social,1,3,page,6,2372998,699637,272920,426717,3,3,ssp.rambler.ru
https://livejournal.com/,social,1,3,third_party,6,1957865,699966,272920,427046,3,3,ssp.rambler.ru
https://livejournal.com/,social,1,3,listed,6,201099,346813,272920,73893,3,3,ssp.rambler.ru
https://livejournal.com/,social,1,4,page,6,2322631,750004,301636,448368,4,4,top-fwz1.mail.ru
https://livejournal.com/,social,1,4,third_party,6,1908171,749660,301636,448024,4,4,top-fwz1.mail.ru
https://livejournal.com/,social,1,4,listed,6,151424,396488,301636,94852,4,4,top-fwz1.mail.ru
https://livejournal.com/,social,1,5,page,6,2220498,852137,394044,458093,5,5,mc.webvisor.org
https://livejournal.com/,social,1,5,third_party,6,1805557,852274,394044,458230,5,5,mc.webvisor.org
https://livejournal.com/,social,1,5,listed,6,45904,502008,394044,107964,5,5,mc.webvisor.org
https://livejournal.com/,social,1,6,page,6,2219730,852905,394044,458861,5,5,mc.yandex.ru
https://livejournal.com/,social,1,6,third_party,6,1804759,853072,394044,459028,5,5,mc.yandex.ru
https://livejournal.com/,social,1,6,listed,6,46543,501369,394044,107325,5,5,mc.yandex.ru
https://mailchimp.com/,productivity,0,0,page,6,3605573,0,0,0,0,0,
https://mailchimp.com/,productivity,0,0,third_party,6,994799,0,0,0,0,0,
https://mailchimp.com/,productivity,0,0,listed,6,518409,0,0,0,0,0,
https://mailchimp.com/,productivity,0,1,page,6,3600081,5492,7821,-2329,5,2,googleads.g.doubleclick.net
https://mailchimp.com/,productivity,0,1,third_party,6,986462,8337,7821,516,5,2,googleads.g.doubleclick.net
https://mailchimp.com/,productivity,0,1,listed,6,512639,5770,7821,-2051,5,2,googleads.g.doubleclick.net
https://mailchimp.com/,productivity,0,2,page,6,3503153,102420,40600,61820,9,6,cdn.segment.com
https://mailchimp.com/,productivity,0,2,third_party,6,950235,44564,40600,3964,9,6,cdn.segment.com
https://mailchimp.com/,productivity,0,2,listed,6,478939,39470,40600,-1130,9,6,cdn.segment.com
https://mailchimp.com/,productivity,0,3,page,6,3470515,135058,75715,59343,10,7,bat.bing.com
https://mailchimp.com/,productivity,0,3,third_party,6,916135,78664,75715,2949,10,7,bat.bing.com
https://mailchimp.com/,productivity,0,3,listed,6,443927,74482,75715,-1233,10,7,bat.bing.com
https://mailchimp.com/,productivity,0,4,page,6,3357697,247876,194045,53831,14,11,s2.go-mpulse.net
https://mailchimp.com/,productivity,0,4,third_party,6,795437,199362,194045,5317,14,11,s2.go-mpulse.net
https://mailchimp.com/,productivity,0,4,listed,6,323522,194887,194045,842,14,11,s2.go-mpulse.net
https://mailchimp.com/,productivity,0,5,page,6,3352071,253502,198085,55417,20,15,region1.analytics.google.com
https://mailchimp.com/,productivity,0,5,third_party,6,790395,204404,198085,6319,20,15,region1.analytics.google.com
https://mailchimp.com/,productivity,0,5,listed,6,319150,199259,198085,1174,20,15,region1.analytics.google.com
https://mailchimp.com/,productivity,0,6,page,6,3309719,295854,227443,68411,21,16,www.googleadservices.com
https://mailchimp.com/,productivity,0,6,third_party,6,755462,239337,227443,11894,21,16,www.googleadservices.com
https://mailchimp.com/,productivity,0,6,listed,6,288221,230188,227443,2745,21,16,www.googleadservices.com
https://mailchimp.com/,productivity,1,0,page,6,3624916,0,0,0,0,0,
https://mailchimp.com/,productivity,1,0,third_party,6,995852,0,0,0,0,0,
https://mailchimp.com/,productivity,1,0,listed,6,519305,0,0,0,0,0,
https://mailchimp.com/,productivity,1,1,page,6,3607874,17042,7816,9226,5,2,googleads.g.doubleclick.net
https://mailchimp.com/,productivity,1,1,third_party,6,988428,7424,7816,-392,5,2,googleads.g.doubleclick.net
https://mailchimp.com/,productivity,1,1,listed,6,512330,6975,7816,-841,5,2,googleads.g.doubleclick.net
https://mailchimp.com/,productivity,1,2,page,6,3484914,140002,126146,13856,9,6,s2.go-mpulse.net
https://mailchimp.com/,productivity,1,2,third_party,6,865414,130438,126146,4292,9,6,s2.go-mpulse.net
https://mailchimp.com/,productivity,1,2,listed,6,390479,128826,126146,2680,9,6,s2.go-mpulse.net
https://mailchimp.com/,productivity,1,3,page,6,3446596,178320,161261,17059,10,7,bat.bing.com
https://mailchimp.com/,productivity,1,3,third_party,6,827027,168825,161261,7564,10,7,bat.bing.com
https://mailchimp.com/,productivity,1,3,listed,6,356236,163069,161261,1808,10,7,bat.bing.com
https://mailchimp.com/,productivity,1,4,page,6,3435306,189610,166117,23493,16,11,region1.analytics.google.com
https://mailchimp.com/,productivity,1,4,third_party,6,824500,171352,166117,5235,16,11,region1.analytics.google.com
https://mailchimp.com/,productivity,1,4,listed,6,350600,168705,166117,2588,16,11,region1.analytics.google.com
https://mailchimp.com/,productivity,1,5,page,6,3352056,272860,198897,73963,20,15,cdn.segment.com
https://mailchimp.com/,productivity,1,5,third_party,6,790370,205482,198897,6585,20,15,cdn.segment.com
https://mailchimp.com/,productivity,1,5,listed,6,319212,200093,198897,1196,20,15,cdn.segment.com
https://mailchimp.com/,productivity,1,6,page,6,3316696,308220,228269,79951,21,16,www.googleadservices.com
https://mailchimp.com/,productivity,1,6,third_party,6,755074,240778,228269,12509,21,16,www.googleadservices.com
https://mailchimp.com/,productivity,1,6,listed,6,288155,231150,228269,2881,21,16,www.googleadservices.com
https://mlb.com/,news,0,0,page,6,49838316,0,0,0,0,0,
https://mlb.com/,news,0,0,third_party,6,23901862,0,0,0,0,0,
https://mlb.com/,news,0,0,listed,6,2785506,0,0,0,0,0,
https://mlb.com/,news,0,1,page,6,49372824,465492,52794,412698,1,1,b-code.liadm.com
https://mlb.com/,news,0,1,third_party,6,23436757,465105,52794,412311,1,1,b-code.liadm.com
https://mlb.com/,news,0,1,listed,6,2495892,289614,52794,236820,1,1,b-code.liadm.com
https://mlb.com/,news,0,2,page,6,49499822,338494,344025,-5531,2,2,connect.facebook.net
https://mlb.com/,news,0,2,third_party,6,23405219,496643,344025,152618,2,2,connect.facebook.net
https://mlb.com/,news,0,2,listed,6,2273102,512404,344025,168379,2,2,connect.facebook.net
https://mlb.com/,news,0,3,page,6,46857944,2980372,850341,2130031,16,16,pagead2.googlesyndication.com
https://mlb.com/,news,0,3,third_party,6,22382940,1518922,850341,668581,16,16,pagead2.googlesyndication.com
https://mlb.com/,news,0,3,listed,6,1612416,1173090,850341,322749,16,16,pagead2.googlesyndication.com
https://mlb.com/,news,0,4,page,6,47574213,2264103,1530383,733720,20,20,analytics.tiktok.com
https://mlb.com/,news,0,4,third_party,6,21802527,2099335,1530383,568952,20,20,analytics.tiktok.com
https://mlb.com/,news,0,4,listed,6,935791,1849715,1530383,319332,20,20,analytics.tiktok.com
https://mlb.com/,news,0,5,page,6,47422050,2416266,1574741,841525,23,23,www.google-analytics.com
https://mlb.com/,news,0,5,third_party,6,21492104,2409758,1574741,835017,23,23,www.google-analytics.com
https://mlb.com/,news,0,5,listed,6,890143,1895363,1574741,320622,23,23,www.google-analytics.com
https://mlb.com/,news,0,6,page,6,45892067,3946249,1831014,2115235,16,16,securepubads.g.doubleclick.net
https://mlb.com/,news,0,6,third_party,6,21418154,2483708,1831014,652694,16,16,securepubads.g.doubleclick.net
https://mlb.com/,news,0,6,listed,6,599031,2186475,1831014,355461,16,16,securepubads.g.doubleclick.net
https://mlb.com/,news,1,0,page,6,50477146,0,0,0,0,0,
https://mlb.com/,news,1,0,third_party,6,24397733,0,0,0,0,0,
https://mlb.com/,news,1,0,listed,6,2762130,0,0,0,0,0,
https://mlb.com/,news,1,1,page,6,49798167,678979,52794,626185,1,1,b-code.liadm.com
https://mlb.com/,news,1,1,third_party,6,23877913,519820,52794,467026,1,1,b-code.liadm.com
https://mlb.com/,news,1,1,listed,6,2544055,218075,52794,165281,1,1,b-code.liadm.com
https://mlb.com/,news,1,2,page,6,49156788,1320358,731470,588888,5,5,analytics.tiktok.com
https://mlb.com/,news,1,2,third_party,6,23224783,1172950,731470,441480,5,5,analytics.tiktok.com
https://mlb.com/,news,1,2,listed,6,1907396,854734,731470,123264,5,5,analytics.tiktok.com
https://mlb.com/,news,1,3,page,6,46453172,4023974,1237536,2786438,20,20,pagead2.googlesyndication.com
https://mlb.com/,news,1,3,third_party,6,21979257,2418476,1237536,1180940,20,20,pagead2.googlesyndication.com
https://mlb.com/,news,1,3,listed,6,1229260,1532870,1237536,295334,20,20,pagead2.googlesyndication.com
https://mlb.com/,news,1,4,page,6,46712042,3765104,1281894,2483210,21,21,www.google-analytics.com
https://mlb.com/,news,1,4,third_party,6,22238124,2159609,1281894,877715,21,21,www.google-analytics.com
https://mlb.com/,news,1,4,listed,6,1151220,1610910,1281894,329016,21,21,www.google-analytics.com
https://mlb.com/,news,1,5,page,6,23095476,27381670,1572768,25808902,22,22,connect.facebook.net
https://mlb.com/,news,1,5,third_party,6,22523966,1873767,1572768,300999,22,22,connect.facebook.net
https://mlb.com/,news,1,5,listed,6,891027,1871103,1572768,298335,22,22,connect.facebook.net
https://mlb.com/,news,1,6,page,6,46070110,4407036,1829122,2577914,15,15,securepubads.g.doubleclick.net
https://mlb.com/,news,1,6,third_party,6,21596098,2801635,1829122,972513,15,15,securepubads.g.doubleclick.net
https://mlb.com/,news,1,6,listed,6,598930,2163200,1829122,334078,15,15,securepubads.g.doubleclick.net
https://nasa.gov/,reference,0,0,page,4,30015995,0,0,0,0,0,
https://nasa.gov/,reference,0,0,third_party,4,2086208,0,0,0,0,0,
https://nasa.gov/,reference,0,0,listed,4,32598,0,0,0,0,0,
https://nasa.gov/,reference,0,1,page,4,29883425,132570,1616,130954,1,1,googleads.g.doubleclick.net
https://nasa.gov/,reference,0,1,third_party,4,1953908,132300,1616,130684,1,1,googleads.g.doubleclick.net
https://nasa.gov/,reference,0,1,listed,4,30982,1616,1616,0,1,1,googleads.g.doubleclick.net
https://nasa.gov/,reference,0,2,page,4,30016702,-707,28733,-29440,3,3,cdn.parsely.com
https://nasa.gov/,reference,0,2,third_party,4,2086919,-711,28733,-29444,3,3,cdn.parsely.com
https://nasa.gov/,reference,0,2,listed,4,3234,29364,28733,631,3,3,cdn.parsely.com
https://nasa.gov/,reference,0,3,page,4,29948563,67432,31198,36234,6,6,region1.google-analytics.com
https://nasa.gov/,reference,0,3,third_party,4,2018780,67428,31198,36230,6,6,region1.google-analytics.com
https://nasa.gov/,reference,0,3,listed,4,767,31831,31198,633,6,6,region1.google-analytics.com
https://nasa.gov/,reference,0,4,page,4,29912854,103141,31967,71174,5,5,static.doubleclick.net
https://nasa.gov/,reference,0,4,third_party,4,1983071,103137,31967,71170,5,5,static.doubleclick.net
https://nasa.gov/,reference,0,4,listed,4,0,32598,31967,631,5,5,static.doubleclick.net
https://nasa.gov/,reference,1,0,page,4,29947929,0,0,0,0,0,
https://nasa.gov/,reference,1,0,third_party,4,2018146,0,0,0,0,0,
https://nasa.gov/,reference,1,0,listed,4,32617,0,0,0,0,0,
https://nasa.gov/,reference,1,1,page,4,29917246,30683,27117,3566,2,2,cdn.parsely.com
https://nasa.gov/,reference,1,1,third_party,4,1987463,30683,27117,3566,2,2,cdn.parsely.com
https://nasa.gov/,reference,1,1,listed,4,4849,27768,27117,651,2,2,cdn.parsely.com
https://nasa.gov/,reference,1,2,page,4,30075237,-127308,29602,-156910,5,5,region1.google-analytics.com
https://nasa.gov/,reference,1,2,third_party,4,2145454,-127308,29602,-156910,5,5,region1.google-analytics.com
https://nasa.gov/,reference,1,2,listed,4,2384,30233,29602,631,5,5,region1.google-analytics.com
https://nasa.gov/,reference,1,3,page,4,29854724,93205,30370,62835,6,6,static.doubleclick.net
https://nasa.gov/,reference,1,3,third_party,4,1924938,93208,30370,62838,6,6,static.doubleclick.net
https://nasa.gov/,reference,1,3,listed,4,1616,31001,30370,631,6,6,static.doubleclick.net
https://nasa.gov/,reference,1,4,page,4,29852760,95169,31986,63183,7,7,googleads.g.doubleclick.net
https://nasa.gov/,reference,1,4,third_party,4,1922976,95170,31986,63184,7,7,googleads.g.doubleclick.net
https://nasa.gov/,reference,1,4,listed,4,0,32617,31986,631,7,7,googleads.g.doubleclick.net
https://nbcnews.com/,news,0,0,page,6,7226537,0,0,0,0,0,
https://nbcnews.com/,news,0,0,third_party,6,4876910,0,0,0,0,0,
https://nbcnews.com/,news,0,0,listed,6,2210691,0,0,0,0,0,
https://nbcnews.com/,news,0,1,page,6,7132515,94022,98956,-4934,2,2,c.amazon-adsystem.com
https://nbcnews.com/,news,0,1,third_party,6,4782732,94178,98956,-4778,2,2,c.amazon-adsystem.com
https://nbcnews.com/,news,0,1,listed,6,2112768,97923,98956,-1033,2,2,c.amazon-adsystem.com
https://nbcnews.com/,news,0,2,page,6,6990637,235900,245993,-10093,2,2,www.lightboxcdn.com
https://nbcnews.com/,news,0,2,third_party,6,4640914,235996,245993,-9997,2,2,www.lightboxcdn.com
https://nbcnews.com/,news,0,2,listed,6,1970955,239736,245993,-6257,2,2,www.lightboxcdn.com
https://nbcnews.com/,news,0,3,page,6,6172047,1054490,500747,553743,3,3,securepubads.g.doubleclick.net
https://nbcnews.com/,news,0,3,third_party,6,3822507,1054403,500747,553656,3,3,securepubads.g.doubleclick.net
https://nbcnews.com/,news,0,3,listed,6,1155288,1055403,500747,554656,3,3,securepubads.g.doubleclick.net
https://nbcnews.com/,news,0,4,page,6,5702656,1523881,868920,654961,4,4,cdn.taboola.com
https://nbcnews.com/,news,0,4,third_party,6,3352888,1524022,868920,655102,4,4,cdn.taboola.com
https://nbcnews.com/,news,0,4,listed,6,685988,1524703,868920,655783,4,4,cdn.taboola.com
https://nbcnews.com/,news,0,5,page,6,5832633,1393904,964452,429452,5,5,mssl.fwmrm.net
https://nbcnews.com/,news,0,5,third_party,6,3483037,1393873,964452,429421,5,5,mssl.fwmrm.net
https://nbcnews.com/,news,0,5,listed,6,590858,1619833,964452,655381,5,5,mssl.fwmrm.net
https://nbcnews.com/,news,0,6,page,6,5833100,1393437,1083133,310304,5,5,pagead2.googlesyndication.com
https://nbcnews.com/,news,0,6,third_party,6,3483169,1393741,1083133,310608,5,5,pagead2.googlesyndication.com
https://nbcnews.com/,news,0,6,listed,6,591074,1619617,1083133,536484,5,5,pagead2.googlesyndication.com
https://nbcnews.com/,news,1,0,page,6,7634618,0,0,0,0,0,
https://nbcnews.com/,news,1,0,third_party,6,5284898,0,0,0,0,0,
https://nbcnews.com/,news,1,0,listed,6,2613639,0,0,0,0,0,
https://nbcnews.com/,news,1,1,page,6,7134679,499939,98956,400983,2,2,c.amazon-adsystem.com
https://nbcnews.com/,news,1,1,third_party,6,4784808,500090,98956,401134,2,2,c.amazon-adsystem.com
https://nbcnews.com/,news,1,1,listed,6,2114367,499272,98956,400316,2,2,c.amazon-adsystem.com
https://nbcnews.com/,news,1,2,page,6,6667271,967347,467129,500218,3,3,cdn.taboola.com
https://nbcnews.com/,news,1,2,third_party,6,4317628,967270,467129,500141,3,3,cdn.taboola.com
https://nbcnews.com/,news,1,2,listed,6,1646919,966720,467129,499591,3,3,cdn.taboola.com
https://nbcnews.com/,news,1,3,page,6,5850782,1783836,723125,1060711,4,4,securepubads.g.doubleclick.net
https://nbcnews.com/,news,1,3,third_party,6,3501377,1783521,723125,1060396,4,4,securepubads.g.doubleclick.net
https://nbcnews.com/,news,1,3,listed,6,833574,1780065,723125,1056940,4,4,securepubads.g.doubleclick.net
https://nbcnews.com/,news,1,4,page,6,5979769,1654849,818657,836192,4,4,mssl.fwmrm.net
https://nbcnews.com/,news,1,4,third_party,6,3630605,1654293,818657,835636,4,4,mssl.fwmrm.net
https://nbcnews.com/,news,1,4,listed,6,738635,1875004,818657,1056347,4,4,mssl.fwmrm.net
https://nbcnews.com/,news,1,5,page,6,5832479,1802139,965672,836467,6,6,www.lightboxcdn.com
https://nbcnews.com/,news,1,5,third_party,6,3483092,1801806,965672,836134,6,6,www.lightboxcdn.com
https://nbcnews.com/,news,1,5,listed,6,590907,2022732,965672,1057060,6,6,www.lightboxcdn.com
https://nbcnews.com/,news,1,6,page,6,5832533,1802085,1083345,718740,6,6,pagead2.googlesyndication.com
https://nbcnews.com/,news,1,6,third_party,6,3482997,1801901,1083345,718556,6,6,pagead2.googlesyndication.com
https://nbcnews.com/,news,1,6,listed,6,590925,2022714,1083345,939369,6,6,pagead2.googlesyndication.com
https://nist.gov/,reference,0,0,page,4,6237776,0,0,0,0,0,
https://nist.gov/,reference,0,0,third_party,4,5747749,0,0,0,0,0,
https://nist.gov/,reference,0,0,listed,4,36179,0,0,0,0,0,
https://nist.gov/,reference,0,1,page,4,6235254,2522,1165,1357,2,2,bam.nr-data.net
https://nist.gov/,reference,0,1,third_party,4,5745995,1754,1165,589,2,2,bam.nr-data.net
https://nist.gov/,reference,0,1,listed,4,34994,1185,1165,20,2,2,bam.nr-data.net
https://nist.gov/,reference,0,2,page,4,6213076,24700,24014,686,2,2,js-agent.newrelic.com
https://nist.gov/,reference,0,2,third_party,4,5723315,24434,24014,420,2,2,js-agent.newrelic.com
https://nist.gov/,reference,0,2,listed,4,12165,24014,24014,0,2,2,js-agent.newrelic.com
https://nist.gov/,reference,0,3,page,4,6203017,34759,34509,250,3,3,static.cloudflareinsights.com
https://nist.gov/,reference,0,3,third_party,4,5713638,34111,34509,-398,3,3,static.cloudflareinsights.com
https://nist.gov/,reference,0,3,listed,4,1670,34509,34509,0,3,3,static.cloudflareinsights.com
https://nist.gov/,reference,0,4,page,4,6200575,37201,36179,1022,5,5,region1.google-analytics.com
https://nist.gov/,reference,0,4,third_party,4,5711345,36404,36179,225,5,5,region1.google-analytics.com
https://nist.gov/,reference,0,4,listed,4,0,36179,36179,0,5,5,region1.google-analytics.com
https://nist.gov/,reference,1,0,page,4,6237122,0,0,0,0,0,
https://nist.gov/,reference,1,0,third_party,4,5747221,0,0,0,0,0,
https://nist.gov/,reference,1,0,listed,4,36179,0,0,0,0,0,
https://nist.gov/,reference,1,1,page,4,6212908,24214,22849,1365,2,2,js-agent.newrelic.com
https://nist.gov/,reference,1,1,third_party,4,5723504,23717,22849,868,2,2,js-agent.newrelic.com
https://nist.gov/,reference,1,1,listed,4,12165,24014,22849,1165,2,2,js-agent.newrelic.com
https://nist.gov/,reference,1,2,page,4,6202760,34362,33344,1018,3,3,static.cloudflareinsights.com
https://nist.gov/,reference,1,2,third_party,4,5713067,34154,33344,810,3,3,static.cloudflareinsights.com
https://nist.gov/,reference,1,2,listed,4,1670,34509,33344,1165,3,3,static.cloudflareinsights.com
https://nist.gov/,reference,1,3,page,4,6200421,36701,35014,1687,4,4,region1.google-analytics.com
https://nist.gov/,reference,1,3,third_party,4,5711338,35883,35014,869,4,4,region1.google-analytics.com
https://nist.gov/,reference,1,3,listed,4,0,36179,35014,1165,4,4,region1.google-analytics.com
https://nist.gov/,reference,1,4,page,4,6200277,36845,36179,666,4,4,bam.nr-data.net
https://nist.gov/,reference,1,4,third_party,4,5710992,36229,36179,50,4,4,bam.nr-data.net
https://nist.gov/,reference,1,4,listed,4,0,36179,36179,0,4,4,bam.nr-data.net
https://no-ip.com/,infrastructure,0,0,page,6,3231206,0,0,0,0,0,
https://no-ip.com/,infrastructure,0,0,third_party,6,3231206,0,0,0,0,0,
https://no-ip.com/,infrastructure,0,0,listed,6,422147,0,0,0,0,0,
https://no-ip.com/,infrastructure,0,1,page,6,3013275,217931,17084,200847,1,1,bat.bing.com
https://no-ip.com/,infrastructure,0,1,third_party,6,3012924,218282,17084,201198,1,1,bat.bing.com
https://no-ip.com/,infrastructure,0,1,listed,6,405136,17011,17084,-73,1,1,bat.bing.com
https://no-ip.com/,infrastructure,0,2,page,6,3186906,44300,41709,2591,2,2,cdn.inspectlet.com
https://no-ip.com/,infrastructure,0,2,third_party,6,3186555,44651,41709,2942,2,2,cdn.inspectlet.com
https://no-ip.com/,infrastructure,0,2,listed,6,378534,43613,41709,1904,2,2,cdn.inspectlet.com
https://no-ip.com/,infrastructure,0,3,page,6,2958401,272805,69647,203158,4,4,www.googleadservices.com
https://no-ip.com/,infrastructure,0,3,third_party,6,2958050,273156,69647,203509,4,4,www.googleadservices.com
https://no-ip.com/,infrastructure,0,3,listed,6,349605,72542,69647,2895,4,4,www.googleadservices.com
https://no-ip.com/,infrastructure,0,4,page,6,2941848,289358,284787,4571,5,5,us-assets.i.posthog.com
https://no-ip.com/,infrastructure,0,4,third_party,6,2941497,289709,284787,4922,5,5,us-assets.i.posthog.com
https://no-ip.com/,infrastructure,0,4,listed,6,132007,290140,284787,5353,5,5,us-assets.i.posthog.com
https://no-ip.com/,infrastructure,0,5,page,6,2731878,499328,292153,207175,6,6,js.zi-scripts.com
https://no-ip.com/,infrastructure,0,5,third_party,6,2731527,499679,292153,207526,6,6,js.zi-scripts.com
https://no-ip.com/,infrastructure,0,5,listed,6,123309,298838,292153,6685,6,6,js.zi-scripts.com
https://no-ip.com/,infrastructure,0,6,page,6,2709964,521242,313885,207357,7,7,www.google-analytics.com
https://no-ip.com/,infrastructure,0,6,third_party,6,2709613,521593,313885,207708,7,7,www.google-analytics.com
https://no-ip.com/,infrastructure,0,6,listed,6,101852,320295,313885,6410,7,7,www.google-analytics.com
https://no-ip.com/,infrastructure,1,0,page,6,3031119,0,0,0,0,0,
https://no-ip.com/,infrastructure,1,0,third_party,6,3030768,0,0,0,0,0,
https://no-ip.com/,infrastructure,1,0,listed,6,422000,0,0,0,0,0,
https://no-ip.com/,infrastructure,1,1,page,6,3012456,18663,17084,1579,1,1,bat.bing.com
https://no-ip.com/,infrastructure,1,1,third_party,6,3012456,18312,17084,1228,1,1,bat.bing.com
https://no-ip.com/,infrastructure,1,1,listed,6,404120,17880,17084,796,1,1,bat.bing.com
https://no-ip.com/,infrastructure,1,2,page,6,2795800,235319,232080,3239,2,2,us-assets.i.posthog.com
https://no-ip.com/,infrastructure,1,2,third_party,6,2795449,235319,232080,3239,2,2,us-assets.i.posthog.com
https://no-ip.com/,infrastructure,1,2,listed,6,187192,234808,232080,2728,2,2,us-assets.i.posthog.com
https://no-ip.com/,infrastructure,1,3,page,6,2766543,264576,260019,4557,4,4,www.googleadservices.com
https://no-ip.com/,infrastructure,1,3,third_party,6,2766192,264576,260019,4557,4,4,www.googleadservices.com
https://no-ip.com/,infrastructure,1,3,listed,6,158471,263529,260019,3510,4,4,www.googleadservices.com
https://no-ip.com/,infrastructure,1,4,page,6,2956873,74246,267381,-193135,5,5,js.zi-scripts.com
https://no-ip.com/,infrastructure,1,4,third_party,6,2956873,73895,267381,-193486,5,5,js.zi-scripts.com
https://no-ip.com/,infrastructure,1,4,listed,6,148888,273112,267381,5731,5,5,js.zi-scripts.com
https://no-ip.com/,infrastructure,1,5,page,6,2732146,298973,292003,6970,6,6,cdn.inspectlet.com
https://no-ip.com/,infrastructure,1,5,third_party,6,2731795,298973,292003,6970,6,6,cdn.inspectlet.com
https://no-ip.com/,infrastructure,1,5,listed,6,123585,298415,292003,6412,6,6,cdn.inspectlet.com
https://no-ip.com/,infrastructure,1,6,page,6,2708715,322404,313735,8669,7,7,www.google-analytics.com
https://no-ip.com/,infrastructure,1,6,third_party,6,2708364,322404,313735,8669,7,7,www.google-analytics.com
https://no-ip.com/,infrastructure,1,6,listed,6,100648,321352,313735,7617,7,7,www.google-analytics.com
https://ok.ru/,social,0,0,page,6,7489607,0,0,0,0,0,
https://ok.ru/,social,0,0,third_party,6,7192054,0,0,0,0,0,
https://ok.ru/,social,0,0,listed,6,342428,0,0,0,0,0,
https://ok.ru/,social,0,1,page,6,7489649,-42,1789,-1831,2,1,stats.g.doubleclick.net
https://ok.ru/,social,0,1,third_party,6,7189813,2241,1789,452,2,1,stats.g.doubleclick.net
https://ok.ru/,social,0,1,listed,6,340638,1790,1789,1,2,1,stats.g.doubleclick.net
https://ok.ru/,social,0,2,page,6,6844897,644710,24411,620299,3,2,top-fwz1.mail.ru
https://ok.ru/,social,0,2,third_party,6,6547408,644646,24411,620235,3,2,top-fwz1.mail.ru
https://ok.ru/,social,0,2,listed,6,344016,-1588,24411,-25999,3,2,top-fwz1.mail.ru
https://ok.ru/,social,0,3,page,6,6823758,665849,47053,618796,3,2,www.google-analytics.com
https://ok.ru/,social,0,3,third_party,6,6526239,665815,47053,618762,3,2,www.google-analytics.com
https://ok.ru/,social,0,3,listed,6,316148,26280,47053,-20773,3,2,www.google-analytics.com
https://ok.ru/,social,0,4,page,6,6685977,803630,139061,664569,5,4,mc.yandex.ru
https://ok.ru/,social,0,4,third_party,6,6386096,805958,139061,666897,5,4,mc.yandex.ru
https://ok.ru/,social,0,4,listed,6,185793,156635,139061,17574,5,4,mc.yandex.ru
https://ok.ru/,social,0,5,page,6,6722179,767428,140697,626731,7,6,region1.analytics.google.com
https://ok.ru/,social,0,5,third_party,6,6422145,769909,140697,629212,7,6,region1.analytics.google.com
https://ok.ru/,social,0,5,listed,6,213340,129088,140697,-11609,7,6,region1.analytics.google.com
https://ok.ru/,social,0,6,page,6,6683687,805920,146586,659334,7,6,mc.yandex.com
https://ok.ru/,social,0,6,third_party,6,6386100,805954,146586,659368,7,6,mc.yandex.com
https://ok.ru/,social,0,6,listed,6,183851,158577,146586,11991,7,6,mc.yandex.com
https://ok.ru/,social,1,0,page,6,7489540,0,0,0,0,0,
https://ok.ru/,social,1,0,third_party,6,7192004,0,0,0,0,0,
https://ok.ru/,social,1,0,listed,6,342382,0,0,0,0,0,
https://ok.ru/,social,1,1,page,6,7475226,14314,1789,12525,2,1,stats.g.doubleclick.net
https://ok.ru/,social,1,1,third_party,6,7177593,14411,1789,12622,2,1,stats.g.doubleclick.net
https://ok.ru/,social,1,1,listed,6,340321,2061,1789,272,2,1,stats.g.doubleclick.net
https://ok.ru/,social,1,2,page,6,7386616,102924,93797,9127,3,2,mc.yandex.ru
https://ok.ru/,social,1,2,third_party,6,7089103,102901,93797,9104,3,2,mc.yandex.ru
https://ok.ru/,social,1,2,listed,6,242758,99624,93797,5827,3,2,mc.yandex.ru
https://ok.ru/,social,1,3,page,6,6619366,870174,116437,753737,3,2,www.google-analytics.com
https://ok.ru/,social,1,3,third_party,6,6319446,872558,116437,756121,3,2,www.google-analytics.com
https://ok.ru/,social,1,3,listed,6,220958,121424,116437,4987,3,2,www.google-analytics.com
https://ok.ru/,social,1,4,page,6,6740507,749033,118073,630960,5,4,region1.analytics.google.com
https://ok.ru/,social,1,4,third_party,6,6440603,751401,118073,633328,5,4,region1.analytics.google.com
https://ok.ru/,social,1,4,listed,6,219643,122739,118073,4666,5,4,region1.analytics.google.com
https://ok.ru/,social,1,5,page,6,6747204,742336,140695,601641,7,6,top-fwz1.mail.ru
https://ok.ru/,social,1,5,third_party,6,6447323,744681,140695,603986,7,6,top-fwz1.mail.ru
https://ok.ru/,social,1,5,listed,6,216904,125478,140695,-15217,7,6,top-fwz1.mail.ru
https://ok.ru/,social,1,6,page,6,6723172,766368,146581,619787,7,6,mc.yandex.com
https://ok.ru/,social,1,6,third_party,6,6423258,768746,146581,622165,7,6,mc.yandex.com
https://ok.ru/,social,1,6,listed,6,212796,129586,146581,-16995,7,6,mc.yandex.com
https://oxylabs.io/,productivity,0,0,page,6,3926711,0,0,0,0,0,
https://oxylabs.io/,productivity,0,0,third_party,6,1166360,0,0,0,0,0,
https://oxylabs.io/,productivity,0,0,listed,6,791232,0,0,0,0,0,
https://oxylabs.io/,productivity,0,1,page,6,13646151,-9719440,25252,-9744692,1,1,www.redditstatic.com
https://oxylabs.io/,productivity,0,1,third_party,6,1143387,22973,25252,-2279,1,1,www.redditstatic.com
https://oxylabs.io/,productivity,0,1,listed,6,764764,26468,25252,1216,1,1,www.redditstatic.com
https://oxylabs.io/,productivity,0,2,page,6,13590895,-9664184,73035,-9737219,3,3,snap.licdn.com
https://oxylabs.io/,productivity,0,2,third_party,6,1090140,76220,73035,3185,3,3,snap.licdn.com
https://oxylabs.io/,productivity,0,2,listed,6,713079,78153,73035,5118,3,3,snap.licdn.com
https://oxylabs.io/,productivity,0,3,page,6,3703750,222961,159843,63118,8,8,us-assets.i.posthog.com
https://oxylabs.io/,productivity,0,3,third_party,6,945323,221037,159843,61194,8,8,us-assets.i.posthog.com
https://oxylabs.io/,productivity,0,3,listed,6,570200,221032,159843,61189,8,8,us-assets.i.posthog.com
https://oxylabs.io/,productivity,0,4,page,6,13237861,-9311150,392289,-9703439,9,9,connect.facebook.net
https://oxylabs.io/,productivity,0,4,third_party,6,770187,396173,392289,3884,9,9,connect.facebook.net
https://oxylabs.io/,productivity,0,4,listed,6,392035,399197,392289,6908,9,9,connect.facebook.net
https://oxylabs.io/,productivity,0,5,page,6,3504719,421992,416207,5785,10,10,www.googleadservices.com
https://oxylabs.io/,productivity,0,5,third_party,6,746388,419972,416207,3765,10,10,www.googleadservices.com
https://oxylabs.io/,productivity,0,5,listed,6,368236,422996,416207,6789,10,10,www.googleadservices.com
https://oxylabs.io/,productivity,0,6,page,6,13206237,-9279526,451959,-9731485,12,12,static.ads-twitter.com
https://oxylabs.io/,productivity,0,6,third_party,6,705471,460889,451959,8930,12,12,static.ads-twitter.com
https://oxylabs.io/,productivity,0,6,listed,6,326863,464369,451959,12410,12,12,static.ads-twitter.com
https://oxylabs.io/,productivity,1,0,page,6,13614862,0,0,0,0,0,
https://oxylabs.io/,productivity,1,0,third_party,6,1114092,0,0,0,0,0,
https://oxylabs.io/,productivity,1,0,listed,6,735442,0,0,0,0,0,
https://oxylabs.io/,productivity,1,1,page,6,13599958,14904,25252,-10348,1,1,www.redditstatic.com
https://oxylabs.io/,productivity,1,1,third_party,6,1086838,27254,25252,2002,1,1,www.redditstatic.com
https://oxylabs.io/,productivity,1,1,listed,6,708686,26756,25252,1504,1,1,www.redditstatic.com
https://oxylabs.io/,productivity,1,2,page,6,958943,12655919,202962,12452957,0,0,connect.facebook.net
https://oxylabs.io/,productivity,1,2,third_party,6,789024,325068,202962,122106,0,0,connect.facebook.net
https://oxylabs.io/,productivity,1,2,listed,6,0,735442,202962,532480,0,0,connect.facebook.net
https://oxylabs.io/,productivity,1,3,page,6,3576960,10037902,289802,9748100,7,7,us-assets.i.posthog.com
https://oxylabs.io/,productivity,1,3,third_party,6,818853,295239,289802,5437,7,7,us-assets.i.posthog.com
https://oxylabs.io/,productivity,1,3,listed,6,443743,291699,289802,1897,7,7,us-assets.i.posthog.com
https://oxylabs.io/,productivity,1,4,page,6,3556346,10058516,313720,9744796,8,8,www.googleadservices.com
https://oxylabs.io/,productivity,1,4,third_party,6,798096,315996,313720,2276,8,8,www.googleadservices.com
https://oxylabs.io/,productivity,1,4,listed,6,419942,315500,313720,1780,8,8,www.googleadservices.com
https://oxylabs.io/,productivity,1,5,page,6,13247452,367410,361503,5907,10,10,snap.licdn.com
https://oxylabs.io/,productivity,1,5,third_party,6,746361,367731,361503,6228,10,10,snap.licdn.com
https://oxylabs.io/,productivity,1,5,listed,6,368209,367233,361503,5730,10,10,snap.licdn.com
https://oxylabs.io/,productivity,1,6,page,6,3463878,10150984,397255,9753729,12,12,static.ads-twitter.com
https://oxylabs.io/,productivity,1,6,third_party,6,705559,408533,397255,11278,12,12,static.ads-twitter.com
https://oxylabs.io/,productivity,1,6,listed,6,326853,408589,397255,11334,12,12,static.ads-twitter.com
https://pikabu.ru/,social,0,0,page,3,5537030,0,0,0,0,0,
https://pikabu.ru/,social,0,0,third_party,3,1981447,0,0,0,0,0,
https://pikabu.ru/,social,0,0,listed,3,560686,0,0,0,0,0,
https://pikabu.ru/,social,0,1,page,3,3781087,1755943,547419,1208524,5,5,yandex.ru
https://pikabu.ru/,social,0,1,third_party,3,26794,1954653,547419,1407234,5,5,yandex.ru
https://pikabu.ru/,social,0,1,listed,3,0,560686,547419,13267,5,5,yandex.ru
https://pikabu.ru/,social,0,2,page,3,3791822,1745208,558006,1187202,5,5,mc.yandex.com
https://pikabu.ru/,social,0,2,third_party,3,26794,1954653,558006,1396647,5,5,mc.yandex.com
https://pikabu.ru/,social,0,2,listed,3,0,560686,558006,2680,5,5,mc.yandex.com
https://pikabu.ru/,social,0,3,page,3,3636736,1900294,650014,1250280,5,5,mc.yandex.ru
https://pikabu.ru/,social,0,3,third_party,3,26794,1954653,650014,1304639,5,5,mc.yandex.ru
https://pikabu.ru/,social,0,3,listed,3,0,560686,650014,-89328,5,5,mc.yandex.ru
https://pikabu.ru/,social,1,0,page,3,6399176,0,0,0,0,0,
https://pikabu.ru/,social,1,0,third_party,3,2775204,0,0,0,0,0,
https://pikabu.ru/,social,1,0,listed,3,665668,0,0,0,0,0,
https://pikabu.ru/,social,1,1,page,3,5933373,465803,12101,453702,10,9,mc.yandex.com
https://pikabu.ru/,social,1,1,third_party,3,2380687,394517,12101,382416,10,9,mc.yandex.com
https://pikabu.ru/,social,1,1,listed,3,511306,154362,12101,142261,10,9,mc.yandex.com
https://pikabu.ru/,social,1,2,page,3,7921148,-1521972,287825,-1809797,2,2,mc.yandex.ru
https://pikabu.ru/,social,1,2,third_party,3,4376207,-1601003,287825,-1888828,2,2,mc.yandex.ru
https://pikabu.ru/,social,1,2,listed,3,382212,283456,287825,-4369,2,2,mc.yandex.ru
https://pikabu.ru/,social,1,3,page,3,3568155,2831021,953885,1877136,5,5,yandex.ru
https://pikabu.ru/,social,1,3,third_party,3,26794,2748410,953885,1794525,5,5,yandex.ru
https://pikabu.ru/,social,1,3,listed,3,0,665668,953885,-288217,5,5,yandex.ru
https://prnewswire.com/,news,0,0,page,6,5429216,0,0,0,0,0,
https://prnewswire.com/,news,0,0,third_party,6,3725650,0,0,0,0,0,
https://prnewswire.com/,news,0,0,listed,6,2238746,0,0,0,0,0,
https://prnewswire.com/,news,0,1,page,6,5435857,-6641,23918,-30559,1,1,snap.licdn.com
https://prnewswire.com/,news,0,1,third_party,6,3731755,-6105,23918,-30023,1,1,snap.licdn.com
https://prnewswire.com/,news,0,1,listed,6,2211857,26889,23918,2971,1,1,snap.licdn.com
https://prnewswire.com/,news,0,2,page,6,5339996,89220,117800,-28580,2,2,cdn.optimizely.com
https://prnewswire.com/,news,0,2,third_party,6,3635458,90192,117800,-27608,2,2,cdn.optimizely.com
https://prnewswire.com/,news,0,2,listed,6,2116075,122671,117800,4871,2,2,cdn.optimizely.com
https://prnewswire.com/,news,0,3,page,6,5037233,391983,352545,39438,3,3,connect.facebook.net
https://prnewswire.com/,news,0,3,third_party,6,3332445,393205,352545,40660,3,3,connect.facebook.net
https://prnewswire.com/,news,0,3,listed,6,1881461,357285,352545,4740,3,3,connect.facebook.net
https://prnewswire.com/,news,0,4,page,6,3386150,2043066,717492,1325574,4,4,js.qualified.com
https://prnewswire.com/,news,0,4,third_party,6,1682369,2043281,717492,1325789,4,4,js.qualified.com
https://prnewswire.com/,news,0,4,listed,6,162717,2076029,717492,1358537,4,4,js.qualified.com
https://prnewswire.com/,news,0,5,page,6,3337439,2091777,738482,1353295,5,5,static.cloudflareinsights.com
https://prnewswire.com/,news,0,5,third_party,6,1634097,2091553,738482,1353071,5,5,static.cloudflareinsights.com
https://prnewswire.com/,news,0,5,listed,6,150192,2088554,738482,1350072,5,5,static.cloudflareinsights.com
https://prnewswire.com/,news,0,6,page,6,3313343,2115873,764171,1351702,6,6,browser.sentry-cdn.com
https://prnewswire.com/,news,0,6,third_party,6,1609776,2115874,764171,1351703,6,6,browser.sentry-cdn.com
https://prnewswire.com/,news,0,6,listed,6,125036,2113710,764171,1349539,6,6,browser.sentry-cdn.com
https://prnewswire.com/,news,1,0,page,6,5461466,0,0,0,0,0,
https://prnewswire.com/,news,1,0,third_party,6,3757653,0,0,0,0,0,
https://prnewswire.com/,news,1,0,listed,6,2238275,0,0,0,0,0,
https://prnewswire.com/,news,1,1,page,6,5365904,95562,23918,71644,1,1,snap.licdn.com
https://prnewswire.com/,news,1,1,third_party,6,3661505,96148,23918,72230,1,1,snap.licdn.com
https://prnewswire.com/,news,1,1,listed,6,2211331,26944,23918,3026,1,1,snap.licdn.com
https://prnewswire.com/,news,1,2,page,6,3751175,1710291,388866,1321425,2,2,js.qualified.com
https://prnewswire.com/,news,1,2,third_party,6,2046235,1711418,388866,1322552,2,2,js.qualified.com
https://prnewswire.com/,news,1,2,listed,6,491998,1746277,388866,1357411,2,2,js.qualified.com
https://prnewswire.com/,news,1,3,page,6,3445910,2015556,623567,1391989,3,3,connect.facebook.net
https://prnewswire.com/,news,1,3,third_party,6,1741295,2016358,623567,1392791,3,3,connect.facebook.net
https://prnewswire.com/,news,1,3,listed,6,255400,1982875,623567,1359308,3,3,connect.facebook.net
https://prnewswire.com/,news,1,4,page,6,3468552,1992914,644557,1348357,4,4,static.cloudflareinsights.com
https://prnewswire.com/,news,1,4,third_party,6,1764340,1993313,644557,1348756,4,4,static.cloudflareinsights.com
https://prnewswire.com/,news,1,4,listed,6,245595,1992680,644557,1348123,4,4,static.cloudflareinsights.com
https://prnewswire.com/,news,1,5,page,6,3304972,2156494,738439,1418055,5,5,cdn.optimizely.com
https://prnewswire.com/,news,1,5,third_party,6,1601701,2155952,738439,1417513,5,5,cdn.optimizely.com
https://prnewswire.com/,news,1,5,listed,6,150643,2087632,738439,1349193,5,5,cdn.optimizely.com
https://prnewswire.com/,news,1,6,page,6,3278294,2183172,764128,1419044,6,6,browser.sentry-cdn.com
https://prnewswire.com/,news,1,6,third_party,6,1575214,2182439,764128,1418311,6,6,browser.sentry-cdn.com
https://prnewswire.com/,news,1,6,listed,6,125032,2113243,764128,1349115,6,6,browser.sentry-cdn.com
https://rakuten.com/,shopping,0,0,page,6,3703897,0,0,0,0,0,
https://rakuten.com/,shopping,0,0,third_party,6,2135535,0,0,0,0,0,
https://rakuten.com/,shopping,0,0,listed,6,537318,0,0,0,0,0,
https://rakuten.com/,shopping,0,1,page,6,3681993,21904,21732,172,1,1,www.google-analytics.com
https://rakuten.com/,shopping,0,1,third_party,6,2113394,22141,21732,409,1,1,www.google-analytics.com
https://rakuten.com/,shopping,0,1,listed,6,517762,19556,21732,-2176,1,1,www.google-analytics.com
https://rakuten.com/,shopping,0,2,page,6,3654315,49582,46553,3029,2,2,c.amazon-adsystem.com
https://rakuten.com/,shopping,0,2,third_party,6,2086197,49338,46553,2785,2,2,c.amazon-adsystem.com
https://rakuten.com/,shopping,0,2,listed,6,490480,46838,46553,285,2,2,c.amazon-adsystem.com
https://rakuten.com/,shopping,0,3,page,6,3628070,75827,71805,4022,3,3,www.redditstatic.com
https://rakuten.com/,shopping,0,3,third_party,6,2059394,76141,71805,4336,3,3,www.redditstatic.com
https://rakuten.com/,shopping,0,3,listed,6,463872,73446,71805,1641,3,3,www.redditstatic.com
https://rakuten.com/,shopping,0,4,page,6,3269491,434406,427581,6825,5,5,connect.facebook.net
https://rakuten.com/,shopping,0,4,third_party,6,1700364,435171,427581,7590,5,5,connect.facebook.net
https://rakuten.com/,shopping,0,4,listed,6,104927,432391,427581,4810,5,5,connect.facebook.net
https://rakuten.com/,shopping,0,5,page,6,3221834,482063,446299,35764,6,6,bat.bing.com
https://rakuten.com/,shopping,0,5,third_party,6,1652648,482887,446299,36588,6,6,bat.bing.com
https://rakuten.com/,shopping,0,5,listed,6,58355,478963,446299,32664,6,6,bat.bing.com
https://rakuten.com/,shopping,0,6,page,6,3192405,511492,470965,40527,7,7,www.googleadservices.com
https://rakuten.com/,shopping,0,6,third_party,6,1623280,512255,470965,41290,7,7,www.googleadservices.com
https://rakuten.com/,shopping,0,6,listed,6,30051,507267,470965,36302,7,7,www.googleadservices.com
https://rakuten.com/,shopping,1,0,page,6,3704705,0,0,0,0,0,
https://rakuten.com/,shopping,1,0,third_party,6,2135819,0,0,0,0,0,
https://rakuten.com/,shopping,1,0,listed,6,537970,0,0,0,0,0,
https://rakuten.com/,shopping,1,1,page,6,3680461,24244,21732,2512,1,1,www.google-analytics.com
https://rakuten.com/,shopping,1,1,third_party,6,2112039,23780,21732,2048,1,1,www.google-analytics.com
https://rakuten.com/,shopping,1,1,listed,6,516188,21782,21732,50,1,1,www.google-analytics.com
https://rakuten.com/,shopping,1,2,page,6,3321701,383004,377423,5581,3,3,connect.facebook.net
https://rakuten.com/,shopping,1,2,third_party,6,1753825,381994,377423,4571,3,3,connect.facebook.net
https://rakuten.com/,shopping,1,2,listed,6,158127,379843,377423,2420,3,3,connect.facebook.net
https://rakuten.com/,shopping,1,3,page,6,3294221,410484,402675,7809,4,4,www.redditstatic.com
https://rakuten.com/,shopping,1,3,third_party,6,1726101,409718,402675,7043,4,4,www.redditstatic.com
https://rakuten.com/,shopping,1,3,listed,6,130544,407426,402675,4751,4,4,www.redditstatic.com
https://rakuten.com/,shopping,1,4,page,6,3247244,457461,421393,36068,5,5,bat.bing.com
https://rakuten.com/,shopping,1,4,third_party,6,1679123,456696,421393,35303,5,5,bat.bing.com
https://rakuten.com/,shopping,1,4,listed,6,83278,454692,421393,33299,5,5,bat.bing.com
https://rakuten.com/,shopping,1,5,page,6,3220435,484270,446214,38056,6,6,c.amazon-adsystem.com
https://rakuten.com/,shopping,1,5,third_party,6,1652072,483747,446214,37533,6,6,c.amazon-adsystem.com
https://rakuten.com/,shopping,1,5,listed,6,57599,480371,446214,34157,6,6,c.amazon-adsystem.com
https://rakuten.com/,shopping,1,6,page,6,3192327,512378,470880,41498,7,7,www.googleadservices.com
https://rakuten.com/,shopping,1,6,third_party,6,1623386,512433,470880,41553,7,7,www.googleadservices.com
https://rakuten.com/,shopping,1,6,listed,6,30046,507924,470880,37044,7,7,www.googleadservices.com
https://scribd.com/,social,0,0,page,3,2649882,0,0,0,0,0,
https://scribd.com/,social,0,0,third_party,3,1324386,0,0,0,0,0,
https://scribd.com/,social,0,0,listed,3,125161,0,0,0,0,0,
https://scribd.com/,social,0,1,page,3,2646468,3414,4532,-1118,6,6,region1.google-analytics.com
https://scribd.com/,social,0,1,third_party,3,1320418,3968,4532,-564,6,6,region1.google-analytics.com
https://scribd.com/,social,0,1,listed,3,120654,4507,4532,-25,6,6,region1.google-analytics.com
https://scribd.com/,social,0,2,page,3,2645443,4439,5026,-587,7,7,o127091.ingest.us.sentry.io
https://scribd.com/,social,0,2,third_party,3,1319393,4993,5026,-33,7,7,o127091.ingest.us.sentry.io
https://scribd.com/,social,0,2,listed,3,120175,4986,5026,-40,7,7,o127091.ingest.us.sentry.io
https://scribd.com/,social,0,3,page,3,2643330,6552,7242,-690,15,11,pagead2.googlesyndication.com
https://scribd.com/,social,0,3,third_party,3,1317267,7119,7242,-123,15,11,pagead2.googlesyndication.com
https://scribd.com/,social,0,3,listed,3,117940,7221,7242,-21,15,11,pagead2.googlesyndication.com
https://scribd.com/,social,1,0,page,3,2650440,0,0,0,0,0,
https://scribd.com/,social,1,0,third_party,3,1324391,0,0,0,0,0,
https://scribd.com/,social,1,0,listed,3,125162,0,0,0,0,0,
https://scribd.com/,social,1,1,page,3,2649428,1012,494,518,1,1,o127091.ingest.us.sentry.io
https://scribd.com/,social,1,1,third_party,3,1323383,1008,494,514,1,1,o127091.ingest.us.sentry.io
https://scribd.com/,social,1,1,listed,3,124668,494,494,0,1,1,o127091.ingest.us.sentry.io
https://scribd.com/,social,1,2,page,3,2647749,2691,2710,-19,9,5,pagead2.googlesyndication.com
https://scribd.com/,social,1,2,third_party,3,1321702,2689,2710,-21,9,5,pagead2.googlesyndication.com
https://scribd.com/,social,1,2,listed,3,122452,2710,2710,0,9,5,pagead2.googlesyndication.com
https://scribd.com/,social,1,3,page,3,2646427,4013,7242,-3229,15,11,region1.google-analytics.com
https://scribd.com/,social,1,3,third_party,3,1320379,4012,7242,-3230,15,11,region1.google-analytics.com
https://scribd.com/,social,1,3,listed,3,120238,4924,7242,-2318,15,11,region1.google-analytics.com
https://smartthings.com/,productivity,0,0,page,6,7205635,0,0,0,0,0,
https://smartthings.com/,productivity,0,0,third_party,6,7204787,0,0,0,0,0,
https://smartthings.com/,productivity,0,0,listed,6,1535239,0,0,0,0,0,
https://smartthings.com/,productivity,0,1,page,6,7108576,97059,59165,37894,1,1,s.go-mpulse.net
https://smartthings.com/,productivity,0,1,third_party,6,7107728,97059,59165,37894,1,1,s.go-mpulse.net
https://smartthings.com/,productivity,0,1,listed,6,1470014,65225,59165,6060,1,1,s.go-mpulse.net
https://smartthings.com/,productivity,0,2,page,6,6969375,236260,183747,52513,2,2,samsungusa.api.useinsider.com
https://smartthings.com/,productivity,0,2,third_party,6,6968527,236260,183747,52513,2,2,samsungusa.api.useinsider.com
https://smartthings.com/,productivity,0,2,listed,6,1331465,203774,183747,20027,2,2,samsungusa.api.useinsider.com
https://smartthings.com/,productivity,0,3,page,6,6808318,397317,345214,52103,3,3,analytics.tiktok.com
https://smartthings.com/,productivity,0,3,third_party,6,6807470,397317,345214,52103,3,3,analytics.tiktok.com
https://smartthings.com/,productivity,0,3,listed,6,1172483,362756,345214,17542,3,3,analytics.tiktok.com
https://smartthings.com/,productivity,0,4,page,6,6495744,709891,652872,57019,4,4,connect.facebook.net
https://smartthings.com/,productivity,0,4,third_party,6,6494896,709891,652872,57019,4,4,connect.facebook.net
https://smartthings.com/,productivity,0,4,listed,6,860647,674592,652872,21720,4,4,connect.facebook.net
https://smartthings.com/,productivity,0,5,page,6,6437301,768334,711406,56928,5,5,cdn.attn.tv
https://smartthings.com/,productivity,0,5,third_party,6,6436873,767914,711406,56508,5,5,cdn.attn.tv
https://smartthings.com/,productivity,0,5,listed,6,800949,734290,711406,22884,5,5,cdn.attn.tv
https://smartthings.com/,productivity,0,6,page,6,6183785,1021850,813856,207994,6,6,cdn.quantummetric.com
https://smartthings.com/,productivity,0,6,third_party,6,6182937,1021850,813856,207994,6,6,cdn.quantummetric.com
https://smartthings.com/,productivity,0,6,listed,6,696537,838702,813856,24846,6,6,cdn.quantummetric.com
https://smartthings.com/,productivity,1,0,page,6,7166730,0,0,0,0,0,
https://smartthings.com/,productivity,1,0,third_party,6,7165882,0,0,0,0,0,
https://smartthings.com/,productivity,1,0,listed,6,1528923,0,0,0,0,0,
https://smartthings.com/,productivity,1,1,page,6,6710924,455806,59165,396641,1,1,s.go-mpulse.net
https://smartthings.com/,productivity,1,1,third_party,6,6710076,455806,59165,396641,1,1,s.go-mpulse.net
https://smartthings.com/,productivity,1,1,listed,6,1074501,454422,59165,395257,1,1,s.go-mpulse.net
https://smartthings.com/,productivity,1,2,page,6,6798953,367777,366847,930,2,2,connect.facebook.net
https://smartthings.com/,productivity,1,2,third_party,6,6798105,367777,366847,930,2,2,connect.facebook.net
https://smartthings.com/,productivity,1,2,listed,6,1159135,369788,366847,2941,2,2,connect.facebook.net
https://smartthings.com/,productivity,1,3,page,6,6632252,534478,524371,10107,3,3,analytics.tiktok.com
https://smartthings.com/,productivity,1,3,third_party,6,6631404,534478,524371,10107,3,3,analytics.tiktok.com
https://smartthings.com/,productivity,1,3,listed,6,997160,531763,524371,7392,3,3,analytics.tiktok.com
https://smartthings.com/,productivity,1,4,page,6,6572644,594086,582955,11131,4,4,cdn.attn.tv
https://smartthings.com/,productivity,1,4,third_party,6,6571816,594066,582955,11111,4,4,cdn.attn.tv
https://smartthings.com/,productivity,1,4,listed,6,937639,591284,582955,8329,4,4,cdn.attn.tv
https://smartthings.com/,productivity,1,5,page,6,6434604,732126,707542,24584,5,5,samsungusa.api.useinsider.com
https://smartthings.com/,productivity,1,5,third_party,6,6433756,732126,707542,24584,5,5,samsungusa.api.useinsider.com
https://smartthings.com/,productivity,1,5,listed,6,800759,728164,707542,20622,5,5,samsungusa.api.useinsider.com
https://smartthings.com/,productivity,1,6,page,6,6006827,1159903,809993,349910,6,6,cdn.quantummetric.com
https://smartthings.com/,productivity,1,6,third_party,6,6006399,1159483,809993,349490,6,6,cdn.quantummetric.com
https://smartthings.com/,productivity,1,6,listed,6,524405,1004518,809993,194525,6,6,cdn.quantummetric.com
https://stanford.edu/,reference,0,0,page,4,5020469,0,0,0,0,0,
https://stanford.edu/,reference,0,0,third_party,4,3786752,0,0,0,0,0,
https://stanford.edu/,reference,0,0,listed,4,190452,0,0,0,0,0,
https://stanford.edu/,reference,0,1,page,4,4935164,85305,839,84466,1,1,region1.google-analytics.com
https://stanford.edu/,reference,0,1,third_party,4,3701603,85149,839,84310,1,1,region1.google-analytics.com
https://stanford.edu/,reference,0,1,listed,4,189612,840,839,1,1,1,region1.google-analytics.com
https://stanford.edu/,reference,0,2,page,4,4967942,52527,188067,-135540,3,3,t.contentsquare.net
https://stanford.edu/,reference,0,2,third_party,4,3733565,53187,188067,-134880,3,3,t.contentsquare.net
https://stanford.edu/,reference,0,2,listed,4,2385,188067,188067,0,3,3,t.contentsquare.net
https://stanford.edu/,reference,0,3,page,4,4107205,913264,189683,723581,4,4,googleads.g.doubleclick.net
https://stanford.edu/,reference,0,3,third_party,4,2873763,912989,189683,723306,4,4,googleads.g.doubleclick.net
https://stanford.edu/,reference,0,3,listed,4,769,189683,189683,0,4,4,googleads.g.doubleclick.net
https://stanford.edu/,reference,0,4,page,4,4107842,912627,190452,722175,5,5,static.doubleclick.net
https://stanford.edu/,reference,0,4,third_party,4,2874284,912468,190452,722016,5,5,static.doubleclick.net
https://stanford.edu/,reference,0,4,listed,4,0,190452,190452,0,5,5,static.doubleclick.net
https://stanford.edu/,reference,1,0,page,4,4921843,0,0,0,0,0,
https://stanford.edu/,reference,1,0,third_party,4,3688285,0,0,0,0,0,
https://stanford.edu/,reference,1,0,listed,4,190452,0,0,0,0,0,
https://stanford.edu/,reference,1,1,page,4,4109920,811923,187228,624695,2,2,t.contentsquare.net
https://stanford.edu/,reference,1,1,third_party,4,2876476,811809,187228,624581,2,2,t.contentsquare.net
https://stanford.edu/,reference,1,1,listed,4,3224,187228,187228,0,2,2,t.contentsquare.net
https://stanford.edu/,reference,1,2,page,4,4342141,579702,188844,390858,3,3,googleads.g.doubleclick.net
https://stanford.edu/,reference,1,2,third_party,4,3108233,580052,188844,391208,3,3,googleads.g.doubleclick.net
https://stanford.edu/,reference,1,2,listed,4,1608,188844,188844,0,3,3,googleads.g.doubleclick.net
https://stanford.edu/,reference,1,3,page,4,7000763,-2078920,189613,-2268533,4,4,static.doubleclick.net
https://stanford.edu/,reference,1,3,third_party,4,5766599,-2078314,189613,-2267927,4,4,static.doubleclick.net
https://stanford.edu/,reference,1,3,listed,4,839,189613,189613,0,4,4,static.doubleclick.net
https://stanford.edu/,reference,1,4,page,4,4730419,191424,190452,972,5,5,region1.google-analytics.com
https://stanford.edu/,reference,1,4,third_party,4,3497335,190950,190452,498,5,5,region1.google-analytics.com
https://stanford.edu/,reference,1,4,listed,4,0,190452,190452,0,5,5,region1.google-analytics.com
https://techcrunch.com/,news,0,0,page,6,4749876,0,0,0,0,0,
https://techcrunch.com/,news,0,0,third_party,6,3753671,0,0,0,0,0,
https://techcrunch.com/,news,0,0,listed,6,1270012,0,0,0,0,0,
https://techcrunch.com/,news,0,1,page,6,4688881,60995,25232,35763,2,2,eus.rubiconproject.com
https://techcrunch.com/,news,0,1,third_party,6,3737315,16356,25232,-8876,2,2,eus.rubiconproject.com
https://techcrunch.com/,news,0,1,listed,6,1245510,24502,25232,-730,2,2,eus.rubiconproject.com
https://techcrunch.com/,news,0,2,page,6,4493478,256398,229036,27362,3,3,connect.facebook.net
https://techcrunch.com/,news,0,2,third_party,6,3497273,256398,229036,27362,3,3,connect.facebook.net
https://techcrunch.com/,news,0,2,listed,6,1038442,231570,229036,2534,3,3,connect.facebook.net
https://techcrunch.com/,news,0,3,page,6,3881803,868073,446384,421689,2,2,securepubads.g.doubleclick.net
https://techcrunch.com/,news,0,3,third_party,6,2929222,824449,446384,378065,2,2,securepubads.g.doubleclick.net
https://techcrunch.com/,news,0,3,listed,6,764755,505257,446384,58873,2,2,securepubads.g.doubleclick.net
https://techcrunch.com/,news,0,4,page,6,3402839,1347037,900611,446426,3,3,public.servenobid.com
https://techcrunch.com/,news,0,4,third_party,6,2449914,1303757,900611,403146,3,3,public.servenobid.com
https://techcrunch.com/,news,0,4,listed,6,273643,996369,900611,95758,3,3,public.servenobid.com
https://techcrunch.com/,news,0,5,page,6,3424614,1325262,924692,400570,3,3,ads.pubmatic.com
https://techcrunch.com/,news,0,5,third_party,6,2427050,1326621,924692,401929,3,3,ads.pubmatic.com
https://techcrunch.com/,news,0,5,listed,6,273628,996384,924692,71692,3,3,ads.pubmatic.com
https://techcrunch.com/,news,0,6,page,6,3405046,1344830,974328,370502,5,5,ak.sail-horizon.com
https://techcrunch.com/,news,0,6,third_party,6,2407482,1346189,974328,371861,5,5,ak.sail-horizon.com
https://techcrunch.com/,news,0,6,listed,6,223361,1046651,974328,72323,5,5,ak.sail-horizon.com
https://techcrunch.com/,news,1,0,page,6,4737255,0,0,0,0,0,
https://techcrunch.com/,news,1,0,third_party,6,3741050,0,0,0,0,0,
https://techcrunch.com/,news,1,0,listed,6,1271142,0,0,0,0,0,
https://techcrunch.com/,news,1,1,page,6,4706091,31164,25232,5932,2,2,eus.rubiconproject.com
https://techcrunch.com/,news,1,1,third_party,6,3753510,-12460,25232,-37692,2,2,eus.rubiconproject.com
https://techcrunch.com/,news,1,1,listed,6,1247270,23872,25232,-1360,2,2,eus.rubiconproject.com
https://techcrunch.com/,news,1,2,page,6,3629244,1108011,479459,628552,2,2,public.servenobid.com
https://techcrunch.com/,news,1,2,third_party,6,2631680,1109370,479459,629911,2,2,public.servenobid.com
https://techcrunch.com/,news,1,2,listed,6,479206,791936,479459,312477,2,2,public.servenobid.com
https://techcrunch.com/,news,1,3,page,6,3637552,1099703,696724,402979,2,2,securepubads.g.doubleclick.net
https://techcrunch.com/,news,1,3,third_party,6,2639644,1101406,696724,404682,2,2,securepubads.g.doubleclick.net
https://techcrunch.com/,news,1,3,listed,6,478394,792748,696724,96024,2,2,securepubads.g.doubleclick.net
https://techcrunch.com/,news,1,4,page,6,3633711,1103544,720805,382739,2,2,ads.pubmatic.com
https://techcrunch.com/,news,1,4,third_party,6,2635803,1105247,720805,384442,2,2,ads.pubmatic.com
https://techcrunch.com/,news,1,4,listed,6,478330,792812,720805,72007,2,2,ads.pubmatic.com
https://techcrunch.com/,news,1,5,page,6,3389855,1347400,924609,422791,3,3,connect.facebook.net
https://techcrunch.com/,news,1,5,third_party,6,2438633,1302417,924609,377808,3,3,connect.facebook.net
https://techcrunch.com/,news,1,5,listed,6,273632,997510,924609,72901,3,3,connect.facebook.net
https://techcrunch.com/,news,1,6,page,6,3336424,1400831,974245,426586,5,5,ak.sail-horizon.com
https://techcrunch.com/,news,1,6,third_party,6,2384856,1356194,974245,381949,5,5,ak.sail-horizon.com
https://techcrunch.com/,news,1,6,listed,6,222812,1048330,974245,74085,5,5,ak.sail-horizon.com
https://ted.com/,entertainment,0,0,page,6,4703917,0,0,0,0,0,
https://ted.com/,entertainment,0,0,third_party,6,2529855,0,0,0,0,0,
https://ted.com/,entertainment,0,0,listed,6,520099,0,0,0,0,0,
https://ted.com/,entertainment,0,1,page,6,4701202,2715,692,2023,1,1,fndrsp.net
https://ted.com/,entertainment,0,1,third_party,6,2531655,-1800,692,-2492,1,1,fndrsp.net
https://ted.com/,entertainment,0,1,listed,6,521661,-1562,692,-2254,1,1,fndrsp.net
https://ted.com/,entertainment,0,2,page,6,4648957,54960,50328,4632,2,2,ak.sail-horizon.com
https://ted.com/,entertainment,0,2,third_party,6,2478733,51122,50328,794,2,2,ak.sail-horizon.com
https://ted.com/,entertainment,0,2,listed,6,467344,52755,50328,2427,2,2,ak.sail-horizon.com
https://ted.com/,entertainment,0,3,page,6,4446571,257346,155637,101709,10,10,api.sail-personalize.com
https://ted.com/,entertainment,0,3,third_party,6,2375011,154844,155637,-793,10,10,api.sail-personalize.com
https://ted.com/,entertainment,0,3,listed,6,364943,155156,155637,-481,10,10,api.sail-personalize.com
https://ted.com/,entertainment,0,4,page,6,4180795,523122,410779,112343,11,11,securepubads.g.doubleclick.net
https://ted.com/,entertainment,0,4,third_party,6,2108557,421298,410779,10519,11,11,securepubads.g.doubleclick.net
https://ted.com/,entertainment,0,4,listed,6,109253,410846,410779,67,11,11,securepubads.g.doubleclick.net
https://ted.com/,entertainment,0,5,page,6,4180011,523906,411283,112623,11,11,pagead2.googlesyndication.com
https://ted.com/,entertainment,0,5,third_party,6,2108177,421678,411283,10395,11,11,pagead2.googlesyndication.com
https://ted.com/,entertainment,0,5,listed,6,109252,410847,411283,-436,11,11,pagead2.googlesyndication.com
https://ted.com/,entertainment,0,6,page,6,4178357,525560,413772,111788,13,13,bam.nr-data.net
https://ted.com/,entertainment,0,6,third_party,6,2106792,423063,413772,9291,13,13,bam.nr-data.net
https://ted.com/,entertainment,0,6,listed,6,106327,413772,413772,0,13,13,bam.nr-data.net
https://ted.com/,entertainment,1,0,page,6,4703160,0,0,0,0,0,
https://ted.com/,entertainment,1,0,third_party,6,2531695,0,0,0,0,0,
https://ted.com/,entertainment,1,0,listed,6,521918,0,0,0,0,0,
https://ted.com/,entertainment,1,1,page,6,4701115,2045,690,1355,1,1,fndrsp.net
https://ted.com/,entertainment,1,1,third_party,6,2531589,106,690,-584,1,1,fndrsp.net
https://ted.com/,entertainment,1,1,listed,6,521662,256,690,-434,1,1,fndrsp.net
https://ted.com/,entertainment,1,2,page,6,4436867,266293,257645,8648,2,2,securepubads.g.doubleclick.net
https://ted.com/,entertainment,1,2,third_party,6,2263498,268197,257645,10552,2,2,securepubads.g.doubleclick.net
https://ted.com/,entertainment,1,2,listed,6,264205,257713,257645,68,2,2,securepubads.g.doubleclick.net
https://ted.com/,entertainment,1,3,page,6,4229756,473404,362962,110442,11,11,api.sail-personalize.com
https://ted.com/,entertainment,1,3,third_party,6,2158196,373499,362962,10537,11,11,api.sail-personalize.com
https://ted.com/,entertainment,1,3,listed,6,158888,363030,362962,68,11,11,api.sail-personalize.com
https://ted.com/,entertainment,1,4,page,6,4229689,473471,363466,110005,11,11,pagead2.googlesyndication.com
https://ted.com/,entertainment,1,4,third_party,6,2158134,373561,363466,10095,11,11,pagead2.googlesyndication.com
https://ted.com/,entertainment,1,4,listed,6,158888,363030,363466,-436,11,11,pagead2.googlesyndication.com
https://ted.com/,entertainment,1,5,page,6,4179725,523435,413102,110333,11,11,ak.sail-horizon.com
https://ted.com/,entertainment,1,5,third_party,6,2108783,422912,413102,9810,11,11,ak.sail-horizon.com
https://ted.com/,entertainment,1,5,listed,6,109252,412666,413102,-436,11,11,ak.sail-horizon.com
https://ted.com/,entertainment,1,6,page,6,4176984,526176,415591,110585,13,13,bam.nr-data.net
https://ted.com/,entertainment,1,6,third_party,6,2105430,426265,415591,10674,13,13,bam.nr-data.net
https://ted.com/,entertainment,1,6,listed,6,106327,415591,415591,0,13,13,bam.nr-data.net
https://uol.com.br/,news,0,0,page,6,4946712,0,0,0,0,0,
https://uol.com.br/,news,0,0,third_party,6,3602086,0,0,0,0,0,
https://uol.com.br/,news,0,0,listed,6,889784,0,0,0,0,0,
https://uol.com.br/,news,0,1,page,6,4259889,686823,45763,641060,1,1,cdn.cxense.com
https://uol.com.br/,news,0,1,third_party,6,3555182,46904,45763,1141,1,1,cdn.cxense.com
https://uol.com.br/,news,0,1,listed,6,844373,45411,45763,-352,1,1,cdn.cxense.com
https://uol.com.br/,news,0,2,page,6,5502652,-555940,144719,-700659,2,2,c.amazon-adsystem.com
https://uol.com.br/,news,0,2,third_party,6,3463787,138299,144719,-6420,2,2,c.amazon-adsystem.com
https://uol.com.br/,news,0,2,listed,6,752515,137269,144719,-7450,2,2,c.amazon-adsystem.com
https://uol.com.br/,news,0,3,page,6,4583464,363248,294824,68424,4,4,4b91477e-f67b-4d81-86db-a9742bd41e9c.edge.permutive.app
https://uol.com.br/,news,0,3,third_party,6,3242429,359657,294824,64833,4,4,4b91477e-f67b-4d81-86db-a9742bd41e9c.edge.permutive.app
https://uol.com.br/,news,0,3,listed,6,531117,358667,294824,63843,4,4,4b91477e-f67b-4d81-86db-a9742bd41e9c.edge.permutive.app
https://uol.com.br/,news,0,4,page,6,3922870,1023842,550025,473817,6,6,securepubads.g.doubleclick.net
https://uol.com.br/,news,0,4,third_party,6,2886423,715663,550025,165638,6,6,securepubads.g.doubleclick.net
https://uol.com.br/,news,0,4,listed,6,249721,640063,550025,90038,6,6,securepubads.g.doubleclick.net
https://uol.com.br/,news,0,5,page,6,3549654,1397058,587029,810029,7,7,static.chartbeat.com
https://uol.com.br/,news,0,5,third_party,6,2848371,753715,587029,166686,7,7,static.chartbeat.com
https://uol.com.br/,news,0,5,listed,6,211656,678128,587029,91099,7,7,static.chartbeat.com
https://uol.com.br/,news,0,6,page,6,3943063,1003649,657394,346255,8,8,sdk.mrf.io
https://uol.com.br/,news,0,6,third_party,6,2775852,826234,657394,168840,8,8,sdk.mrf.io
https://uol.com.br/,news,0,6,listed,6,138629,751155,657394,93761,8,8,sdk.mrf.io
https://uol.com.br/,news,1,0,page,6,5663213,0,0,0,0,0,
https://uol.com.br/,news,1,0,third_party,6,3604492,0,0,0,0,0,
https://uol.com.br/,news,1,0,listed,6,893302,0,0,0,0,0,
https://uol.com.br/,news,1,1,page,6,5618690,44523,45763,-1240,1,1,cdn.cxense.com
https://uol.com.br/,news,1,1,third_party,6,3558070,46422,45763,659,1,1,cdn.cxense.com
https://uol.com.br/,news,1,1,listed,6,847982,45320,45763,-443,1,1,cdn.cxense.com
https://uol.com.br/,news,1,2,page,6,4592272,1070941,300963,769978,3,3,securepubads.g.doubleclick.net
https://uol.com.br/,news,1,2,third_party,6,2605780,998712,300963,697749,3,3,securepubads.g.doubleclick.net
https://uol.com.br/,news,1,2,listed,6,427149,466153,300963,165190,3,3,securepubads.g.doubleclick.net
https://uol.com.br/,news,1,3,page,6,4369223,1293990,451068,842922,5,5,4b91477e-f67b-4d81-86db-a9742bd41e9c.edge.permutive.app
https://uol.com.br/,news,1,3,third_party,6,2980919,623573,451068,172505,5,5,4b91477e-f67b-4d81-86db-a9742bd41e9c.edge.permutive.app
https://uol.com.br/,news,1,3,listed,6,350587,542715,451068,91647,5,5,4b91477e-f67b-4d81-86db-a9742bd41e9c.edge.permutive.app
https://uol.com.br/,news,1,4,page,6,3554508,2108705,488072,1620633,6,6,static.chartbeat.com
https://uol.com.br/,news,1,4,third_party,6,2943447,661045,488072,172973,6,6,static.chartbeat.com
https://uol.com.br/,news,1,4,listed,6,313173,580129,488072,92057,6,6,static.chartbeat.com
https://uol.com.br/,news,1,5,page,6,3548220,2114993,587028,1527965,7,7,c.amazon-adsystem.com
https://uol.com.br/,news,1,5,third_party,6,2842778,761714,587028,174686,7,7,c.amazon-adsystem.com
https://uol.com.br/,news,1,5,listed,6,212467,680835,587028,93807,7,7,c.amazon-adsystem.com
https://uol.com.br/,news,1,6,page,6,4083245,1579968,657398,922570,7,7,sdk.mrf.io
https://uol.com.br/,news,1,6,third_party,6,2278636,1325856,657398,668458,7,7,sdk.mrf.io
https://uol.com.br/,news,1,6,listed,6,100902,792400,657398,135002,7,7,sdk.mrf.io
https://viber.com/,social,0,0,page,4,13618177,0,0,0,0,0,
https://viber.com/,social,0,0,third_party,4,733561,0,0,0,0,0,
https://viber.com/,social,0,0,listed,4,229379,0,0,0,0,0,
https://viber.com/,social,0,1,page,4,13616351,1826,836,990,1,1,region1.analytics.google.com
https://viber.com/,social,0,1,third_party,4,732700,861,836,25,1,1,region1.analytics.google.com
https://viber.com/,social,0,1,listed,4,228518,861,836,25,1,1,region1.analytics.google.com
https://viber.com/,social,0,2,page,4,13558153,60024,59683,341,2,2,s.go-mpulse.net
https://viber.com/,social,0,2,third_party,4,673492,60069,59683,386,2,2,s.go-mpulse.net
https://viber.com/,social,0,2,listed,4,169327,60052,59683,369,2,2,s.go-mpulse.net
https://viber.com/,social,0,3,page,4,13523821,94356,94000,356,3,3,cdn.mxpnl.com
https://viber.com/,social,0,3,third_party,4,639224,94337,94000,337,3,3,cdn.mxpnl.com
https://viber.com/,social,0,3,listed,4,135035,94344,94000,344,3,3,cdn.mxpnl.com
https://viber.com/,social,0,4,page,4,13522328,95849,94552,1297,5,4,ad.doubleclick.net
https://viber.com/,social,0,4,third_party,4,638672,94889,94552,337,5,4,ad.doubleclick.net
https://viber.com/,social,0,4,listed,4,134483,94896,94552,344,5,4,ad.doubleclick.net
https://viber.com/,social,1,0,page,4,13618192,0,0,0,0,0,
https://viber.com/,social,1,0,third_party,4,733540,0,0,0,0,0,
https://viber.com/,social,1,0,listed,4,229354,0,0,0,0,0,
https://viber.com/,social,1,1,page,4,13558982,59210,58847,363,1,1,s.go-mpulse.net
https://viber.com/,social,1,1,third_party,4,674328,59212,58847,365,1,1,s.go-mpulse.net
https://viber.com/,social,1,1,listed,4,170163,59191,58847,344,1,1,s.go-mpulse.net
https://viber.com/,social,1,2,page,4,13524018,94174,93139,1035,2,2,cdn.mxpnl.com
https://viber.com/,social,1,2,third_party,4,640053,93487,93139,348,2,2,cdn.mxpnl.com
https://viber.com/,social,1,2,listed,4,135871,93483,93139,344,2,2,cdn.mxpnl.com
https://viber.com/,social,1,3,page,4,13524987,93205,93691,-486,4,3,ad.doubleclick.net
https://viber.com/,social,1,3,third_party,4,640346,93194,93691,-497,4,3,ad.doubleclick.net
https://viber.com/,social,1,3,listed,4,135319,94035,93691,344,4,3,ad.doubleclick.net
https://viber.com/,social,1,4,page,4,13523309,94883,94527,356,5,4,region1.analytics.google.com
https://viber.com/,social,1,4,third_party,4,638665,94875,94527,348,5,4,region1.analytics.google.com
https://viber.com/,social,1,4,listed,4,134483,94871,94527,344,5,4,region1.analytics.google.com
