page,category,host,kind,rep,first_arm,width,control_bytes,ablated_bytes,own_bytes,diff_bytes,n_aborted
https://3lift.com/,infrastructure,js.adsrvr.org,ablation,0,control,page,3865374,3823216,34380,7778,3
https://3lift.com/,infrastructure,js.adsrvr.org,ablation,0,control,third_party,3864717,3822559,34380,7778,3
https://3lift.com/,infrastructure,js.adsrvr.org,ablation,0,control,listed,2606204,2566692,34380,5132,3
https://3lift.com/,infrastructure,js.adsrvr.org,ablation,1,ablated,page,3865159,3822693,34380,8086,3
https://3lift.com/,infrastructure,js.adsrvr.org,ablation,1,ablated,third_party,3864502,3822036,34380,8086,3
https://3lift.com/,infrastructure,js.adsrvr.org,ablation,1,ablated,listed,2605799,2566601,34380,4818,3
https://3lift.com/,infrastructure,insight.adsrvr.org,ablation,0,control,page,3861880,3852799,2429,6652,9
https://3lift.com/,infrastructure,insight.adsrvr.org,ablation,0,control,third_party,3861223,3852142,2429,6652,9
https://3lift.com/,infrastructure,insight.adsrvr.org,ablation,0,control,listed,2605787,2596809,2429,6549,9
https://3lift.com/,infrastructure,insight.adsrvr.org,ablation,1,ablated,page,3865140,3853957,2429,8754,8
https://3lift.com/,infrastructure,insight.adsrvr.org,ablation,1,ablated,third_party,3864483,3853300,2429,8754,8
https://3lift.com/,infrastructure,insight.adsrvr.org,ablation,1,ablated,listed,2605717,2596838,2429,6450,8
https://3lift.com/,infrastructure,match.adsrvr.org,ablation,0,control,page,3862663,3861950,2512,-1799,0
https://3lift.com/,infrastructure,match.adsrvr.org,ablation,0,control,third_party,3862006,3861293,2512,-1799,0
https://3lift.com/,infrastructure,match.adsrvr.org,ablation,0,control,listed,2606101,2605805,2512,-2216,0
https://3lift.com/,infrastructure,match.adsrvr.org,ablation,1,ablated,page,3862086,3859228,2512,346,0
https://3lift.com/,infrastructure,match.adsrvr.org,ablation,1,ablated,third_party,3861429,3858571,2512,346,0
https://3lift.com/,infrastructure,match.adsrvr.org,ablation,1,ablated,listed,2605590,2603219,2512,-141,0
https://aboutads.info/,reference,www.google-analytics.com,ablation,0,control,page,576597,553220,22654,723,1
https://aboutads.info/,reference,www.google-analytics.com,ablation,0,control,third_party,575888,552517,22654,717,1
https://aboutads.info/,reference,www.google-analytics.com,ablation,0,control,listed,24873,2219,22654,0,1
https://aboutads.info/,reference,www.google-analytics.com,ablation,1,ablated,page,575867,553204,22654,9,1
https://aboutads.info/,reference,www.google-analytics.com,ablation,1,ablated,third_party,575166,552503,22654,9,1
https://aboutads.info/,reference,www.google-analytics.com,ablation,1,ablated,listed,24873,2219,22654,0,1
https://aboutads.info/,reference,region1.analytics.google.com,ablation,0,control,page,575873,574489,1379,5,2
https://aboutads.info/,reference,region1.analytics.google.com,ablation,0,control,third_party,575166,573790,1379,-3,2
https://aboutads.info/,reference,region1.analytics.google.com,ablation,0,control,listed,24873,23494,1379,0,2
https://aboutads.info/,reference,region1.analytics.google.com,ablation,1,ablated,page,575871,575225,1379,-733,2
https://aboutads.info/,reference,region1.analytics.google.com,ablation,1,ablated,third_party,575170,574508,1379,-717,2
https://aboutads.info/,reference,region1.analytics.google.com,ablation,1,ablated,listed,24873,23494,1379,0,2
https://abovedomains.com/,infrastructure,connect.facebook.net,ablation,0,control,page,4693678,4490431,202408,839,1
https://abovedomains.com/,infrastructure,connect.facebook.net,ablation,0,control,third_party,4693492,4490245,202408,839,1
https://abovedomains.com/,infrastructure,connect.facebook.net,ablation,0,control,listed,317836,114614,202408,814,1
https://abovedomains.com/,infrastructure,connect.facebook.net,ablation,1,ablated,page,4692724,4490243,202408,73,1
https://abovedomains.com/,infrastructure,connect.facebook.net,ablation,1,ablated,third_party,4692538,4490057,202408,73,1
https://abovedomains.com/,infrastructure,connect.facebook.net,ablation,1,ablated,listed,317190,114606,202408,176,1
https://abovedomains.com/,infrastructure,js.hs-analytics.net,ablation,0,control,page,4693159,4649657,43912,-410,1
https://abovedomains.com/,infrastructure,js.hs-analytics.net,ablation,0,control,third_party,4692973,4649471,43912,-410,1
https://abovedomains.com/,infrastructure,js.hs-analytics.net,ablation,0,control,listed,317520,272593,43912,1015,1
https://abovedomains.com/,infrastructure,js.hs-analytics.net,ablation,1,ablated,page,4693035,4650459,43902,-1326,1
https://abovedomains.com/,infrastructure,js.hs-analytics.net,ablation,1,ablated,third_party,4692849,4650459,43902,-1512,1
https://abovedomains.com/,infrastructure,js.hs-analytics.net,ablation,1,ablated,listed,317537,272614,43902,1021,1
https://abovedomains.com/,infrastructure,js.hubspot.com,ablation,0,control,page,4693330,4660964,29641,2725,1
https://abovedomains.com/,infrastructure,js.hubspot.com,ablation,0,control,third_party,4693144,4660778,29641,2725,1
https://abovedomains.com/,infrastructure,js.hubspot.com,ablation,0,control,listed,317548,286271,29641,1636,1
https://abovedomains.com/,infrastructure,js.hubspot.com,ablation,1,ablated,page,4693401,4661649,29641,2111,1
https://abovedomains.com/,infrastructure,js.hubspot.com,ablation,1,ablated,third_party,4693215,4661649,29641,1925,1
https://abovedomains.com/,infrastructure,js.hubspot.com,ablation,1,ablated,listed,317545,286272,29641,1632,1
https://adsrvr.org/,infrastructure,js-agent.newrelic.com,ablation,0,control,page,463172,427793,34010,1369,2
https://adsrvr.org/,infrastructure,js-agent.newrelic.com,ablation,0,control,third_party,320732,285347,34010,1375,2
https://adsrvr.org/,infrastructure,js-agent.newrelic.com,ablation,0,control,listed,289763,254377,34010,1376,2
https://adsrvr.org/,infrastructure,js-agent.newrelic.com,ablation,1,ablated,page,463178,427793,34010,1375,2
https://adsrvr.org/,infrastructure,js-agent.newrelic.com,ablation,1,ablated,third_party,320732,285347,34010,1375,2
https://adsrvr.org/,infrastructure,js-agent.newrelic.com,ablation,1,ablated,listed,289763,254377,34010,1376,2
https://adsrvr.org/,infrastructure,bam.nr-data.net,ablation,0,control,page,462820,461977,1018,-175,1
https://adsrvr.org/,infrastructure,bam.nr-data.net,ablation,0,control,third_party,320374,319531,1018,-175,1
https://adsrvr.org/,infrastructure,bam.nr-data.net,ablation,0,control,listed,289405,288561,1018,-174,1
https://adsrvr.org/,infrastructure,bam.nr-data.net,ablation,1,ablated,page,463353,461803,1376,174,1
https://adsrvr.org/,infrastructure,bam.nr-data.net,ablation,1,ablated,third_party,320907,319357,1376,174,1
https://adsrvr.org/,infrastructure,bam.nr-data.net,ablation,1,ablated,listed,289937,288387,1376,174,1
https://airbnb.com/,shopping,ad.doubleclick.net,ablation,0,control,page,5437714,5363882,553,73279,2
https://airbnb.com/,shopping,ad.doubleclick.net,ablation,0,control,third_party,4783767,4710479,553,72735,2
https://airbnb.com/,shopping,ad.doubleclick.net,ablation,0,control,listed,4781970,4708682,553,72735,2
https://airbnb.com/,shopping,ad.doubleclick.net,ablation,1,ablated,page,5437839,5446987,553,-9701,2
https://airbnb.com/,shopping,ad.doubleclick.net,ablation,1,ablated,third_party,4783461,4793460,553,-10552,2
https://airbnb.com/,shopping,ad.doubleclick.net,ablation,1,ablated,listed,4781664,4791663,553,-10552,2
https://aliexpress.com/,shopping,pagead2.googlesyndication.com,ablation,0,control,page,3270096,3230776,58179,-18859,1
https://aliexpress.com/,shopping,pagead2.googlesyndication.com,ablation,0,control,third_party,3084409,3041900,58179,-15670,1
https://aliexpress.com/,shopping,pagead2.googlesyndication.com,ablation,0,control,listed,375497,330716,58179,-13398,1
https://aliexpress.com/,shopping,pagead2.googlesyndication.com,ablation,1,ablated,page,3268878,3205878,58177,4823,1
https://aliexpress.com/,shopping,pagead2.googlesyndication.com,ablation,1,ablated,third_party,3079100,3016347,58177,4576,1
https://aliexpress.com/,shopping,pagead2.googlesyndication.com,ablation,1,ablated,listed,375515,317338,58177,0,1
https://amazon.ca/,shopping,s.amazon-adsystem.com,ablation,0,control,page,6653921,6478681,23951,151289,1
https://amazon.ca/,shopping,s.amazon-adsystem.com,ablation,0,control,third_party,6150334,5973824,23951,152559,1
https://amazon.ca/,shopping,s.amazon-adsystem.com,ablation,0,control,listed,56313,8641,23951,23721,1
https://amazon.ca/,shopping,s.amazon-adsystem.com,ablation,1,ablated,page,6512488,3188227,23951,3300310,1
https://amazon.ca/,shopping,s.amazon-adsystem.com,ablation,1,ablated,third_party,6012566,2661038,23951,3327577,1
https://amazon.ca/,shopping,s.amazon-adsystem.com,ablation,1,ablated,listed,57349,8643,23951,24755,1
https://amazonalexa.com/,productivity,s.amazon-adsystem.com,ablation,0,control,page,7387986,7331970,23952,32064,1
https://amazonalexa.com/,productivity,s.amazon-adsystem.com,ablation,0,control,third_party,7387671,7331655,23952,32064,1
https://amazonalexa.com/,productivity,s.amazon-adsystem.com,ablation,0,control,listed,57072,4175,23952,28945,1
https://amazonalexa.com/,productivity,s.amazon-adsystem.com,ablation,1,ablated,page,7388711,7511467,23952,-146708,1
https://amazonalexa.com/,productivity,s.amazon-adsystem.com,ablation,1,ablated,third_party,7388396,7511152,23952,-146708,1
https://amazonalexa.com/,productivity,s.amazon-adsystem.com,ablation,1,ablated,listed,57499,4175,23952,29372,1
https://amazonaws.com/,productivity,amazonwebservicesinc.tt.omtrdc.net,ablation,0,control,page,18043911,18042415,1273,223,1
https://amazonaws.com/,productivity,amazonwebservicesinc.tt.omtrdc.net,ablation,0,control,third_party,18043601,18042105,1273,223,1
https://amazonaws.com/,productivity,amazonwebservicesinc.tt.omtrdc.net,ablation,0,control,listed,9742,7686,1273,783,1
https://amazonaws.com/,productivity,amazonwebservicesinc.tt.omtrdc.net,ablation,1,ablated,page,18044109,18041853,1270,986,1
https://amazonaws.com/,productivity,amazonwebservicesinc.tt.omtrdc.net,ablation,1,ablated,third_party,18043799,18041543,1270,986,1
https://amazonaws.com/,productivity,amazonwebservicesinc.tt.omtrdc.net,ablation,1,ablated,listed,8956,7686,1270,0,1
https://ameblo.jp/,social,region1.analytics.google.com,ablation,0,control,page,1481123,1480392,832,-101,1
https://ameblo.jp/,social,region1.analytics.google.com,ablation,0,control,third_party,1449552,1448816,832,-96,1
https://ameblo.jp/,social,region1.analytics.google.com,ablation,0,control,listed,2233,1401,832,0,1
https://ameblo.jp/,social,region1.analytics.google.com,ablation,1,ablated,page,1480948,1480540,832,-424,1
https://ameblo.jp/,social,region1.analytics.google.com,ablation,1,ablated,third_party,1449458,1448879,832,-253,1
https://ameblo.jp/,social,region1.analytics.google.com,ablation,1,ablated,listed,2233,1401,832,0,1
https://ameblo.jp/,social,googleads.g.doubleclick.net,ablation,0,control,page,1481364,1480687,569,108,2
https://ameblo.jp/,social,googleads.g.doubleclick.net,ablation,0,control,third_party,1450453,1449091,569,793,2
https://ameblo.jp/,social,googleads.g.doubleclick.net,ablation,0,control,listed,2233,1664,569,0,2
https://ameblo.jp/,social,googleads.g.doubleclick.net,ablation,1,ablated,page,1481310,1478659,569,2082,2
https://ameblo.jp/,social,googleads.g.doubleclick.net,ablation,1,ablated,third_party,1449667,1448788,569,310,2
https://ameblo.jp/,social,googleads.g.doubleclick.net,ablation,1,ablated,listed,2233,1664,569,0,2
https://amzn.to/,infrastructure,s.amazon-adsystem.com,ablation,0,control,page,2305488,2252417,23952,29119,1
https://amzn.to/,infrastructure,s.amazon-adsystem.com,ablation,0,control,third_party,2305042,2251971,23952,29119,1
https://amzn.to/,infrastructure,s.amazon-adsystem.com,ablation,0,control,listed,57515,4196,23952,29367,1
https://amzn.to/,infrastructure,s.amazon-adsystem.com,ablation,1,ablated,page,6065181,2251366,0,3813815,1
https://amzn.to/,infrastructure,s.amazon-adsystem.com,ablation,1,ablated,third_party,6064710,2250920,0,3813790,1
https://amzn.to/,infrastructure,s.amazon-adsystem.com,ablation,1,ablated,listed,322301,4176,0,318125,1
https://applovin.com/,productivity,connect.facebook.net,ablation,0,control,page,20154030,19897273,258850,-2093,1
https://applovin.com/,productivity,connect.facebook.net,ablation,0,control,third_party,13805314,13547225,258850,-761,1
https://applovin.com/,productivity,connect.facebook.net,ablation,0,control,listed,2184904,1926795,258850,-741,1
https://applovin.com/,productivity,connect.facebook.net,ablation,1,ablated,page,20153967,19896959,258831,-1823,1
https://applovin.com/,productivity,connect.facebook.net,ablation,1,ablated,third_party,13806120,13546889,258831,400,1
https://applovin.com/,productivity,connect.facebook.net,ablation,1,ablated,listed,2185732,1926456,258831,445,1
https://applovin.com/,productivity,snap.licdn.com,ablation,0,control,page,20152737,20102947,47842,1948,2
https://applovin.com/,productivity,snap.licdn.com,ablation,0,control,third_party,13804886,13754353,47842,2691,2
https://applovin.com/,productivity,snap.licdn.com,ablation,0,control,listed,2184750,2134043,47842,2865,2
https://applovin.com/,productivity,snap.licdn.com,ablation,1,ablated,page,20156040,20103244,47842,4954,2
https://applovin.com/,productivity,snap.licdn.com,ablation,1,ablated,third_party,13805873,13754550,47842,3481,2
https://applovin.com/,productivity,snap.licdn.com,ablation,1,ablated,listed,2185019,2134142,47842,3035,2
https://applovin.com/,productivity,js.hs-analytics.net,ablation,0,control,page,20154772,20108742,43905,2125,1
https://applovin.com/,productivity,js.hs-analytics.net,ablation,0,control,third_party,13806127,13760100,43905,2122,1
https://applovin.com/,productivity,js.hs-analytics.net,ablation,0,control,listed,2185715,2139717,43905,2093,1
https://applovin.com/,productivity,js.hs-analytics.net,ablation,1,ablated,page,20155173,20110531,43904,738,1
https://applovin.com/,productivity,js.hs-analytics.net,ablation,1,ablated,third_party,13805094,13761880,43904,-690,1
https://applovin.com/,productivity,js.hs-analytics.net,ablation,1,ablated,listed,2184835,2140767,43904,164,1
https://att.com/,productivity,cdn.quantummetric.com,ablation,0,control,page,7132043,6918037,206106,7900,2
https://att.com/,productivity,cdn.quantummetric.com,ablation,0,control,third_party,1087695,876081,206106,5508,2
https://att.com/,productivity,cdn.quantummetric.com,ablation,0,control,listed,854570,640775,206106,7689,2
https://att.com/,productivity,cdn.quantummetric.com,ablation,1,ablated,page,5255183,6903778,206108,-1854703,2
https://att.com/,productivity,cdn.quantummetric.com,ablation,1,ablated,third_party,1090418,874317,206108,9993,2
https://att.com/,productivity,cdn.quantummetric.com,ablation,1,ablated,listed,854530,639052,206108,9370,2
https://att.com/,productivity,connect.facebook.net,ablation,0,control,page,7464837,7284540,178383,1914,1
https://att.com/,productivity,connect.facebook.net,ablation,0,control,third_party,1084635,906301,178383,-49,1
https://att.com/,productivity,connect.facebook.net,ablation,0,control,listed,849552,673855,178383,-2686,1
https://att.com/,productivity,connect.facebook.net,ablation,1,ablated,page,7462964,7280856,178382,3726,1
https://att.com/,productivity,connect.facebook.net,ablation,1,ablated,third_party,1084455,902777,178382,3296,1
https://att.com/,productivity,connect.facebook.net,ablation,1,ablated,listed,848393,667824,178382,2187,1
https://att.com/,productivity,s2.go-mpulse.net,ablation,0,control,page,7458551,7330191,118330,10030,4
https://att.com/,productivity,s2.go-mpulse.net,ablation,0,control,third_party,1082416,961683,118330,2403,4
https://att.com/,productivity,s2.go-mpulse.net,ablation,0,control,listed,847587,728624,118330,633,4
https://att.com/,productivity,s2.go-mpulse.net,ablation,1,ablated,page,7444005,7330079,118330,-4404,4
https://att.com/,productivity,s2.go-mpulse.net,ablation,1,ablated,third_party,1083202,963971,118330,901,4
https://att.com/,productivity,s2.go-mpulse.net,ablation,1,ablated,listed,848154,729385,118330,439,4
https://auvik.com/,productivity,dev.visualwebsiteoptimizer.com,ablation,0,control,page,16451514,13192336,232365,3026813,2
https://auvik.com/,productivity,dev.visualwebsiteoptimizer.com,ablation,0,control,third_party,2409451,2176497,232365,589,2
https://auvik.com/,productivity,dev.visualwebsiteoptimizer.com,ablation,0,control,listed,665897,433262,232365,270,2
https://auvik.com/,productivity,dev.visualwebsiteoptimizer.com,ablation,1,ablated,page,14232361,13192374,232336,807651,2
https://auvik.com/,productivity,dev.visualwebsiteoptimizer.com,ablation,1,ablated,third_party,2409554,2176646,232336,572,2
https://auvik.com/,productivity,dev.visualwebsiteoptimizer.com,ablation,1,ablated,listed,665914,433293,232336,285,2
https://auvik.com/,productivity,connect.facebook.net,ablation,0,control,page,13424815,13220015,204934,-134,1
https://auvik.com/,productivity,connect.facebook.net,ablation,0,control,third_party,2408932,2204113,204934,-115,1
https://auvik.com/,productivity,connect.facebook.net,ablation,0,control,listed,665657,460732,204934,-9,1
https://auvik.com/,productivity,connect.facebook.net,ablation,1,ablated,page,14486686,16082546,204933,-1800793,1
https://auvik.com/,productivity,connect.facebook.net,ablation,1,ablated,third_party,2408119,2204268,204933,-1082,1
https://auvik.com/,productivity,connect.facebook.net,ablation,1,ablated,listed,664877,460997,204933,-1053,1
https://auvik.com/,productivity,browser.sentry-cdn.com,ablation,0,control,page,13425115,15891783,25689,-2492357,1
https://auvik.com/,productivity,browser.sentry-cdn.com,ablation,0,control,third_party,2409229,2383819,25689,-279,1
https://auvik.com/,productivity,browser.sentry-cdn.com,ablation,0,control,listed,665928,640575,25689,-336,1
https://auvik.com/,productivity,browser.sentry-cdn.com,ablation,1,ablated,page,14864588,16460676,25688,-1621776,1
https://auvik.com/,productivity,browser.sentry-cdn.com,ablation,1,ablated,third_party,2409468,2419473,25688,-35693,1
https://auvik.com/,productivity,browser.sentry-cdn.com,ablation,1,ablated,listed,665881,640267,25688,-74,1
https://avito.ru/,shopping,yandex.ru,ablation,0,control,page,8981633,9812227,570586,-1401180,11
https://avito.ru/,shopping,yandex.ru,ablation,0,control,third_party,8620187,9255876,570586,-1206275,11
https://avito.ru/,shopping,yandex.ru,ablation,0,control,listed,7247389,8549927,570586,-1873124,11
https://avito.ru/,shopping,yandex.ru,ablation,1,ablated,page,9354437,8078366,403573,872498,6
https://avito.ru/,shopping,yandex.ru,ablation,1,ablated,third_party,8931409,7731336,403573,796500,6
https://avito.ru/,shopping,yandex.ru,ablation,1,ablated,listed,7954844,7046694,403573,504577,6
https://avito.ru/,shopping,static.a.mts.ru,ablation,0,control,page,12789583,9090525,170368,3528690,2
https://avito.ru/,shopping,static.a.mts.ru,ablation,0,control,third_party,12376106,8743052,170368,3462686,2
https://avito.ru/,shopping,static.a.mts.ru,ablation,0,control,listed,9022771,7271045,170368,1581358,2
https://avito.ru/,shopping,static.a.mts.ru,ablation,1,ablated,page,10258823,10705778,170368,-617323,2
https://avito.ru/,shopping,static.a.mts.ru,ablation,1,ablated,third_party,9866553,10249254,170368,-553069,2
https://avito.ru/,shopping,static.a.mts.ru,ablation,1,ablated,listed,8564648,8925103,170368,-530823,2
https://avito.ru/,shopping,mc.yandex.ru,ablation,0,control,page,10339829,10344547,165877,-170595,2
https://avito.ru/,shopping,mc.yandex.ru,ablation,0,control,third_party,9949416,9917011,165877,-133472,2
https://avito.ru/,shopping,mc.yandex.ru,ablation,0,control,listed,7950846,8527026,165877,-742057,2
https://avito.ru/,shopping,mc.yandex.ru,ablation,1,ablated,page,9329139,9525116,165877,-361854,2
https://avito.ru/,shopping,mc.yandex.ru,ablation,1,ablated,third_party,8913372,9215945,165877,-468450,2
https://avito.ru/,shopping,mc.yandex.ru,ablation,1,ablated,listed,7500889,7906743,165877,-571731,2
https://b-cdn.net/,infrastructure,widget.trustpilot.com,ablation,0,control,page,4837427,4760733,76434,260,2
https://b-cdn.net/,infrastructure,widget.trustpilot.com,ablation,0,control,third_party,1972523,1896092,76434,-3,2
https://b-cdn.net/,infrastructure,widget.trustpilot.com,ablation,0,control,listed,405172,328738,76434,0,2
https://b-cdn.net/,infrastructure,widget.trustpilot.com,ablation,1,ablated,page,4948058,4760998,76434,110626,2
https://b-cdn.net/,infrastructure,widget.trustpilot.com,ablation,1,ablated,third_party,2083154,1896094,76434,110626,2
https://b-cdn.net/,infrastructure,widget.trustpilot.com,ablation,1,ablated,listed,515779,328738,76434,110607,2
https://bandcamp.com/,entertainment,region1.google-analytics.com,ablation,0,control,page,4138347,4189953,835,-52441,2
https://bandcamp.com/,entertainment,region1.google-analytics.com,ablation,0,control,third_party,4085590,4137728,835,-52973,2
https://bandcamp.com/,entertainment,region1.google-analytics.com,ablation,0,control,listed,53853,53263,835,-245,2
https://bandcamp.com/,entertainment,region1.google-analytics.com,ablation,1,ablated,page,4122098,4074358,835,46905,1
https://bandcamp.com/,entertainment,region1.google-analytics.com,ablation,1,ablated,third_party,4070596,4022615,835,47146,1
https://bandcamp.com/,entertainment,region1.google-analytics.com,ablation,1,ablated,listed,56621,55819,835,-33,1
https://bandcamp.com/,entertainment,o363271.ingest.us.sentry.io,ablation,0,control,page,4074369,4286866,494,-212991,1
https://bandcamp.com/,entertainment,o363271.ingest.us.sentry.io,ablation,0,control,third_party,4023091,4232251,494,-209654,1
https://bandcamp.com/,entertainment,o363271.ingest.us.sentry.io,ablation,0,control,listed,56717,56302,494,-79,1
https://bandcamp.com/,entertainment,o363271.ingest.us.sentry.io,ablation,1,ablated,page,4246452,4286442,494,-40484,1
https://bandcamp.com/,entertainment,o363271.ingest.us.sentry.io,ablation,1,ablated,third_party,4192512,4232126,494,-40108,1
https://bandcamp.com/,entertainment,o363271.ingest.us.sentry.io,ablation,1,ablated,listed,56668,56243,494,-69,1
https://base.org/,productivity,browser-intake-datadoghq.com,ablation,0,control,page,5448875,5446497,2320,58,10
https://base.org/,productivity,browser-intake-datadoghq.com,ablation,0,control,third_party,441008,438716,2320,-28,10
https://base.org/,productivity,browser-intake-datadoghq.com,ablation,0,control,listed,228853,226533,2320,0,10
https://base.org/,productivity,browser-intake-datadoghq.com,ablation,1,ablated,page,5448745,5444743,2320,1682,10
https://base.org/,productivity,browser-intake-datadoghq.com,ablation,1,ablated,third_party,441052,436646,2320,2086,10
https://base.org/,productivity,browser-intake-datadoghq.com,ablation,1,ablated,listed,228854,226533,2320,1,10
https://base.org/,productivity,region1.google-analytics.com,ablation,0,control,page,5449246,5446066,835,2345,1
https://base.org/,productivity,region1.google-analytics.com,ablation,0,control,third_party,441066,438144,835,2087,1
https://base.org/,productivity,region1.google-analytics.com,ablation,0,control,listed,228852,228016,835,1,1
https://base.org/,productivity,region1.google-analytics.com,ablation,1,ablated,page,5447035,5456784,835,-10584,1
https://base.org/,productivity,region1.google-analytics.com,ablation,1,ablated,third_party,439075,441459,835,-3219,1
https://base.org/,productivity,region1.google-analytics.com,ablation,1,ablated,listed,228853,228017,835,1,1
https://base.org/,productivity,api.lab.amplitude.com,ablation,0,control,page,5447129,5446204,690,235,4
https://base.org/,productivity,api.lab.amplitude.com,ablation,0,control,third_party,439019,438374,690,-45,4
https://base.org/,productivity,api.lab.amplitude.com,ablation,0,control,listed,228853,228163,690,0,4
https://base.org/,productivity,api.lab.amplitude.com,ablation,1,ablated,page,5447663,5376806,690,70167,4
https://base.org/,productivity,api.lab.amplitude.com,ablation,1,ablated,third_party,439908,438391,690,827,4
https://base.org/,productivity,api.lab.amplitude.com,ablation,1,ablated,listed,229781,228163,690,928,4
https://behance.net/,social,js-agent.newrelic.com,ablation,0,control,page,6415761,6380925,32551,2285,1
https://behance.net/,social,js-agent.newrelic.com,ablation,0,control,third_party,2035361,2000481,32551,2329,1
https://behance.net/,social,js-agent.newrelic.com,ablation,0,control,listed,384794,350400,32551,1843,1
https://behance.net/,social,js-agent.newrelic.com,ablation,1,ablated,page,6417560,6380543,32551,4466,1
https://behance.net/,social,js-agent.newrelic.com,ablation,1,ablated,third_party,2034827,2000141,32551,2135,1
https://behance.net/,social,js-agent.newrelic.com,ablation,1,ablated,listed,384773,350068,32551,2154,1
https://behance.net/,social,bam.nr-data.net,ablation,0,control,page,6414942,6413093,1852,-3,2
https://behance.net/,social,bam.nr-data.net,ablation,0,control,third_party,2034528,2032691,1852,-15,2
https://behance.net/,social,bam.nr-data.net,ablation,0,control,listed,384464,382622,1852,-10,2
https://behance.net/,social,bam.nr-data.net,ablation,1,ablated,page,6415317,6413433,1852,32,2
https://behance.net/,social,bam.nr-data.net,ablation,1,ablated,third_party,2034879,2033029,1852,-2,2
https://behance.net/,social,bam.nr-data.net,ablation,1,ablated,listed,384800,382947,1852,1,2
https://berkeley.edu/,reference,siteimproveanalytics.com,ablation,0,control,page,14539717,14529485,9908,324,2
https://berkeley.edu/,reference,siteimproveanalytics.com,ablation,0,control,third_party,371347,361116,9908,323,2
https://berkeley.edu/,reference,siteimproveanalytics.com,ablation,0,control,listed,11887,1678,9908,301,2
https://berkeley.edu/,reference,siteimproveanalytics.com,ablation,1,ablated,page,14539715,14529508,9906,301,2
https://berkeley.edu/,reference,siteimproveanalytics.com,ablation,1,ablated,third_party,371345,361138,9906,301,2
https://berkeley.edu/,reference,siteimproveanalytics.com,ablation,1,ablated,listed,11885,1678,9906,301,2
https://berkeley.edu/,reference,region1.analytics.google.com,ablation,0,control,page,14539244,14538841,839,-436,1
https://berkeley.edu/,reference,region1.analytics.google.com,ablation,0,control,third_party,371247,370471,839,-63,1
https://berkeley.edu/,reference,region1.analytics.google.com,ablation,0,control,listed,11879,11013,839,27,1
https://berkeley.edu/,reference,region1.analytics.google.com,ablation,1,ablated,page,14539657,14538851,839,-33,1
https://berkeley.edu/,reference,region1.analytics.google.com,ablation,1,ablated,third_party,371288,370481,839,-32,1
https://berkeley.edu/,reference,region1.analytics.google.com,ablation,1,ablated,listed,11848,11021,839,-12,1
https://bit.ly/,infrastructure,cdn.optimizely.com,ablation,0,control,page,5900119,5829598,123186,-52665,2
https://bit.ly/,infrastructure,cdn.optimizely.com,ablation,0,control,third_party,5899754,5829233,123186,-52665,2
https://bit.ly/,infrastructure,cdn.optimizely.com,ablation,0,control,listed,354179,228677,123186,2316,2
https://bit.ly/,infrastructure,cdn.optimizely.com,ablation,1,ablated,page,5899610,5774908,123186,1516,2
https://bit.ly/,infrastructure,cdn.optimizely.com,ablation,1,ablated,third_party,5899220,5774518,123186,1516,2
https://bit.ly/,infrastructure,cdn.optimizely.com,ablation,1,ablated,listed,354971,228677,123186,3108,2
https://bit.ly/,infrastructure,bat.bing.com,ablation,0,control,page,5952736,5861804,35118,55814,1
https://bit.ly/,infrastructure,bat.bing.com,ablation,0,control,third_party,5952346,5861439,35118,55789,1
https://bit.ly/,infrastructure,bat.bing.com,ablation,0,control,listed,353327,318229,35118,-20,1
https://bit.ly/,infrastructure,bat.bing.com,ablation,1,ablated,page,5897990,5862162,35118,710,1
https://bit.ly/,infrastructure,bat.bing.com,ablation,1,ablated,third_party,5897625,5861797,35118,710,1
https://bit.ly/,infrastructure,bat.bing.com,ablation,1,ablated,listed,353347,319061,35118,-832,1
https://bit.ly/,infrastructure,region1.google-analytics.com,ablation,0,control,page,5952492,5895784,1664,55044,4
https://bit.ly/,infrastructure,region1.google-analytics.com,ablation,0,control,third_party,5952127,5895394,1664,55069,4
https://bit.ly/,infrastructure,region1.google-analytics.com,ablation,0,control,listed,353347,351733,1664,-50,4
https://bit.ly/,infrastructure,region1.google-analytics.com,ablation,1,ablated,page,5898797,5896287,2496,14,3
https://bit.ly/,infrastructure,region1.google-analytics.com,ablation,1,ablated,third_party,5898432,5895922,2496,14,3
https://bit.ly/,infrastructure,region1.google-analytics.com,ablation,1,ablated,listed,354179,351683,2496,0,3
https://box.com/,productivity,js.qualified.com,ablation,0,control,page,3492225,3394012,98361,-148,4
https://box.com/,productivity,js.qualified.com,ablation,0,control,third_party,1983430,1885740,98361,-671,4
https://box.com/,productivity,js.qualified.com,ablation,0,control,listed,1870481,1772790,98361,-670,4
https://box.com/,productivity,js.qualified.com,ablation,1,ablated,page,3492738,3395248,98361,-871,4
https://box.com/,productivity,js.qualified.com,ablation,1,ablated,third_party,1984200,1886696,98361,-857,4
https://box.com/,productivity,js.qualified.com,ablation,1,ablated,listed,1871249,1773745,98361,-857,4
https://box.com/,productivity,cdn.segment.com,ablation,0,control,page,3491969,3455432,37678,-1141,1
https://box.com/,productivity,cdn.segment.com,ablation,0,control,third_party,1983446,1946602,37678,-834,1
https://box.com/,productivity,cdn.segment.com,ablation,0,control,listed,1870496,1833652,37678,-834,1
https://box.com/,productivity,cdn.segment.com,ablation,1,ablated,page,3491922,3453935,37678,309,1
https://box.com/,productivity,cdn.segment.com,ablation,1,ablated,third_party,1983079,1946332,37678,-931,1
https://box.com/,productivity,cdn.segment.com,ablation,1,ablated,listed,1870128,1833382,37678,-932,1
https://box.com/,productivity,js-agent.newrelic.com,ablation,0,control,page,3491329,3461356,28743,1230,2
https://box.com/,productivity,js-agent.newrelic.com,ablation,0,control,third_party,1983410,1952630,28743,2037,2
https://box.com/,productivity,js-agent.newrelic.com,ablation,0,control,listed,1870462,1839679,28743,2040,2
https://box.com/,productivity,js-agent.newrelic.com,ablation,1,ablated,page,3493363,3461336,28743,3284,2
https://box.com/,productivity,js-agent.newrelic.com,ablation,1,ablated,third_party,1984443,1952898,28743,2802,2
https://box.com/,productivity,js-agent.newrelic.com,ablation,1,ablated,listed,1871493,1839951,28743,2799,2
https://branch.io/,infrastructure,bat.bing.com,ablation,0,control,page,1145656,1109146,35511,999,1
https://branch.io/,infrastructure,bat.bing.com,ablation,0,control,third_party,459422,422912,35511,999,1
https://branch.io/,infrastructure,bat.bing.com,ablation,0,control,listed,259514,224036,35511,-33,1
https://branch.io/,infrastructure,bat.bing.com,ablation,1,ablated,page,1146486,1108655,36266,1565,1
https://branch.io/,infrastructure,bat.bing.com,ablation,1,ablated,third_party,460253,422907,36266,1080,1
https://branch.io/,infrastructure,bat.bing.com,ablation,1,ablated,listed,260349,224027,36266,56,1
https://branch.io/,infrastructure,sc-static.net,ablation,0,control,page,1145775,1117321,25611,2843,1
https://branch.io/,infrastructure,sc-static.net,ablation,0,control,third_party,459541,431087,25611,2843,1
https://branch.io/,infrastructure,sc-static.net,ablation,0,control,listed,259633,231037,25611,2985,1
https://branch.io/,infrastructure,sc-static.net,ablation,1,ablated,page,1145695,1117182,25611,2902,1
https://branch.io/,infrastructure,sc-static.net,ablation,1,ablated,third_party,459461,430948,25611,2902,1
https://branch.io/,infrastructure,sc-static.net,ablation,1,ablated,listed,259536,231040,25611,2885,1
https://branch.io/,infrastructure,dev.visualwebsiteoptimizer.com,ablation,0,control,page,1145683,1139956,5701,26,2
https://branch.io/,infrastructure,dev.visualwebsiteoptimizer.com,ablation,0,control,third_party,459449,453723,5701,25,2
https://branch.io/,infrastructure,dev.visualwebsiteoptimizer.com,ablation,0,control,listed,259541,253815,5701,25,2
https://branch.io/,infrastructure,dev.visualwebsiteoptimizer.com,ablation,1,ablated,page,1145730,1139968,5704,58,2
https://branch.io/,infrastructure,dev.visualwebsiteoptimizer.com,ablation,1,ablated,third_party,459497,453734,5704,59,2
https://branch.io/,infrastructure,dev.visualwebsiteoptimizer.com,ablation,1,ablated,listed,259589,253826,5704,59,2
https://braze.com/,productivity,js.qualified.com,ablation,0,control,page,8013198,6314240,476676,1222282,1
https://braze.com/,productivity,js.qualified.com,ablation,0,control,third_party,4633670,2934324,476676,1222670,1
https://braze.com/,productivity,js.qualified.com,ablation,0,control,listed,2202630,503242,476676,1222712,1
https://braze.com/,productivity,js.qualified.com,ablation,1,ablated,page,8014709,6314444,476676,1223589,1
https://braze.com/,productivity,js.qualified.com,ablation,1,ablated,third_party,4635023,2934933,476676,1223414,1
https://braze.com/,productivity,js.qualified.com,ablation,1,ablated,listed,2204045,503851,476676,1223518,1
https://braze.com/,productivity,dev.visualwebsiteoptimizer.com,ablation,0,control,page,8003815,7795728,222398,-14311,2
https://braze.com/,productivity,dev.visualwebsiteoptimizer.com,ablation,0,control,third_party,4624287,4415809,222398,-13920,2
https://braze.com/,productivity,dev.visualwebsiteoptimizer.com,ablation,0,control,listed,2193255,1983305,222398,-12448,2
https://braze.com/,productivity,dev.visualwebsiteoptimizer.com,ablation,1,ablated,page,8002794,7418691,221286,362817,2
https://braze.com/,productivity,dev.visualwebsiteoptimizer.com,ablation,1,ablated,third_party,4623276,4402160,221286,-170,2
https://braze.com/,productivity,dev.visualwebsiteoptimizer.com,ablation,1,ablated,listed,2192244,1970907,221286,51,2
https://braze.com/,productivity,app.qualified.com,ablation,0,control,page,8005644,6580897,16861,1407886,11
https://braze.com/,productivity,app.qualified.com,ablation,0,control,third_party,4626130,3201368,16861,1407901,11
https://braze.com/,productivity,app.qualified.com,ablation,0,control,listed,2190873,770336,16861,1403676,11
https://braze.com/,productivity,app.qualified.com,ablation,1,ablated,page,8001219,6585575,16859,1398785,11
https://braze.com/,productivity,app.qualified.com,ablation,1,ablated,third_party,4621681,3206053,16859,1398769,11
https://braze.com/,productivity,app.qualified.com,ablation,1,ablated,listed,2190349,774251,16859,1399239,11
https://ca.gov/,reference,region1.google-analytics.com,ablation,0,control,page,577877,567958,1646,8273,2
https://ca.gov/,reference,region1.google-analytics.com,ablation,0,control,third_party,359626,357914,1646,66,2
https://ca.gov/,reference,region1.google-analytics.com,ablation,0,control,listed,1646,0,1646,0,2
https://ca.gov/,reference,region1.google-analytics.com,ablation,1,ablated,page,567317,587602,1666,-21951,2
https://ca.gov/,reference,region1.google-analytics.com,ablation,1,ablated,third_party,359646,357980,1666,0,2
https://ca.gov/,reference,region1.google-analytics.com,ablation,1,ablated,listed,1666,0,1666,0,2
https://cdnvideo.ru/,infrastructure,mc.yandex.ru,ablation,0,control,page,13497822,6793178,92008,6612636,1
https://cdnvideo.ru/,infrastructure,mc.yandex.ru,ablation,0,control,third_party,2490576,1728688,92008,669880,1
https://cdnvideo.ru/,infrastructure,mc.yandex.ru,ablation,0,control,listed,176469,0,92008,84461,1
https://cdnvideo.ru/,infrastructure,mc.yandex.ru,ablation,1,ablated,page,3830746,5252852,0,-1422106,1
https://cdnvideo.ru/,infrastructure,mc.yandex.ru,ablation,1,ablated,third_party,817643,1723832,0,-906189,1
https://cdnvideo.ru/,infrastructure,mc.yandex.ru,ablation,1,ablated,listed,0,0,0,0,1
https://cdnvideo.ru/,infrastructure,top-fwz1.mail.ru,ablation,0,control,page,3942314,6233981,0,-2291667,2
https://cdnvideo.ru/,infrastructure,top-fwz1.mail.ru,ablation,0,control,third_party,1723902,1728647,0,-4745,2
https://cdnvideo.ru/,infrastructure,top-fwz1.mail.ru,ablation,0,control,listed,0,0,0,0,2
https://cdnvideo.ru/,infrastructure,top-fwz1.mail.ru,ablation,1,ablated,page,5123819,5329038,0,-205219,2
https://cdnvideo.ru/,infrastructure,top-fwz1.mail.ru,ablation,1,ablated,third_party,1728761,817711,0,911050,2
https://cdnvideo.ru/,infrastructure,top-fwz1.mail.ru,ablation,1,ablated,listed,0,0,0,0,2
https://cdnvideo.ru/,infrastructure,mc.yandex.com,ablation,0,control,page,6249443,5148592,0,1100851,0
https://cdnvideo.ru/,infrastructure,mc.yandex.com,ablation,0,control,third_party,1728753,1728754,0,-1,0
https://cdnvideo.ru/,infrastructure,mc.yandex.com,ablation,0,control,listed,0,0,0,0,0
https://cdnvideo.ru/,infrastructure,mc.yandex.com,ablation,1,ablated,page,4610512,5331161,0,-720649,0
https://cdnvideo.ru/,infrastructure,mc.yandex.com,ablation,1,ablated,third_party,1728597,1728579,0,18,0
https://cdnvideo.ru/,infrastructure,mc.yandex.com,ablation,1,ablated,listed,0,0,0,0,0
https://chess.com/,entertainment,o90235.ingest.sentry.io,ablation,0,control,page,2941127,2940368,494,265,1
https://chess.com/,entertainment,o90235.ingest.sentry.io,ablation,0,control,third_party,608565,608072,494,-1,1
https://chess.com/,entertainment,o90235.ingest.sentry.io,ablation,0,control,listed,549565,549073,494,-2,1
https://chess.com/,entertainment,o90235.ingest.sentry.io,ablation,1,ablated,page,2941653,2942090,494,-931,1
https://chess.com/,entertainment,o90235.ingest.sentry.io,ablation,1,ablated,third_party,608623,608495,494,-366,1
https://chess.com/,entertainment,o90235.ingest.sentry.io,ablation,1,ablated,listed,549567,549073,494,0,1
https://cloudflare.net/,infrastructure,static.cloudflareinsights.com,ablation,0,control,page,9988270,8649910,17726,1320634,3
https://cloudflare.net/,infrastructure,static.cloudflareinsights.com,ablation,0,control,third_party,1353916,1336626,17726,-436,3
https://cloudflare.net/,infrastructure,static.cloudflareinsights.com,ablation,0,control,listed,209901,192175,17726,0,3
https://cloudflare.net/,infrastructure,static.cloudflareinsights.com,ablation,1,ablated,page,9990003,10100620,17726,-128343,3
https://cloudflare.net/,infrastructure,static.cloudflareinsights.com,ablation,1,ablated,third_party,1354352,1336646,17726,-20,3
https://cloudflare.net/,infrastructure,static.cloudflareinsights.com,ablation,1,ablated,listed,209901,192175,17726,0,3
https://cnet.com/,news,securepubads.g.doubleclick.net,ablation,0,control,page,3332048,3021801,256716,53531,2
https://cnet.com/,news,securepubads.g.doubleclick.net,ablation,0,control,third_party,1793170,1536177,256716,277,2
https://cnet.com/,news,securepubads.g.doubleclick.net,ablation,0,control,listed,671594,414471,256716,407,2
https://cnet.com/,news,securepubads.g.doubleclick.net,ablation,1,ablated,page,3331519,3074735,255423,1361,2
https://cnet.com/,news,securepubads.g.doubleclick.net,ablation,1,ablated,third_party,1792197,1535850,255423,924,2
https://cnet.com/,news,securepubads.g.doubleclick.net,ablation,1,ablated,listed,670350,414523,255423,404,2
https://cnet.com/,news,client.aps.amazon-adsystem.com,ablation,0,control,page,3332343,3240149,87935,4259,2
https://cnet.com/,news,client.aps.amazon-adsystem.com,ablation,0,control,third_party,1793465,1701264,87935,4266,2
https://cnet.com/,news,client.aps.amazon-adsystem.com,ablation,0,control,listed,671624,579658,87935,4031,2
https://cnet.com/,news,client.aps.amazon-adsystem.com,ablation,1,ablated,page,3331397,3240522,87935,2940,2
https://cnet.com/,news,client.aps.amazon-adsystem.com,ablation,1,ablated,third_party,1792075,1701200,87935,2940,2
https://cnet.com/,news,client.aps.amazon-adsystem.com,ablation,1,ablated,listed,670473,579594,87935,2944,2
https://cnet.com/,news,frugalfiestas.com,ablation,0,control,page,3333025,3283167,48178,1680,1
https://cnet.com/,news,frugalfiestas.com,ablation,0,control,third_party,1793703,1744282,48178,1243,1
https://cnet.com/,news,frugalfiestas.com,ablation,0,control,listed,672097,622868,48178,1051,1
https://cnet.com/,news,frugalfiestas.com,ablation,1,ablated,page,3332202,3283533,48236,433,1
https://cnet.com/,news,frugalfiestas.com,ablation,1,ablated,third_party,1793317,1744648,48236,433,1
https://cnet.com/,news,frugalfiestas.com,ablation,1,ablated,listed,670324,623087,48236,-999,1
https://consultant.ru/,reference,mc.yandex.ru,ablation,0,control,page,454764,297387,147738,9639,2
https://consultant.ru/,reference,mc.yandex.ru,ablation,0,control,third_party,206613,50733,147738,8142,2
https://consultant.ru/,reference,mc.yandex.ru,ablation,0,control,listed,206613,50733,147738,8142,2
https://consultant.ru/,reference,mc.yandex.ru,ablation,1,ablated,page,533370,298891,147738,86741,2
https://consultant.ru/,reference,mc.yandex.ru,ablation,1,ablated,third_party,209074,50732,147738,10604,2
https://consultant.ru/,reference,mc.yandex.ru,ablation,1,ablated,listed,209074,50732,147738,10604,2
https://consultant.ru/,reference,top-fwz1.mail.ru,ablation,0,control,page,454930,480532,26971,-52573,1
https://consultant.ru/,reference,top-fwz1.mail.ru,ablation,0,control,third_party,207680,156266,26971,24443,1
https://consultant.ru/,reference,top-fwz1.mail.ru,ablation,0,control,listed,207680,156266,26971,24443,1
https://consultant.ru/,reference,top-fwz1.mail.ru,ablation,1,ablated,page,454954,397196,26971,30787,1
https://consultant.ru/,reference,top-fwz1.mail.ru,ablation,1,ablated,third_party,206793,156285,26971,23537,1
https://consultant.ru/,reference,top-fwz1.mail.ru,ablation,1,ablated,listed,206793,156285,26971,23537,1
https://consultant.ru/,reference,mc.yandex.com,ablation,0,control,page,530373,522748,8142,-517,7
https://consultant.ru/,reference,mc.yandex.com,ablation,0,control,third_party,206612,198470,8142,0,7
https://consultant.ru/,reference,mc.yandex.com,ablation,0,control,listed,206612,198470,8142,0,7
https://consultant.ru/,reference,mc.yandex.com,ablation,1,ablated,page,453155,445716,7282,157,7
https://consultant.ru/,reference,mc.yandex.com,ablation,1,ablated,third_party,205783,198470,7282,31,7
https://consultant.ru/,reference,mc.yandex.com,ablation,1,ablated,listed,205783,198470,7282,31,7
https://cornell.edu/,reference,siteimproveanalytics.com,ablation,0,control,page,25421339,25230699,13961,176679,1
https://cornell.edu/,reference,siteimproveanalytics.com,ablation,0,control,third_party,21504168,21314022,13961,176185,1
https://cornell.edu/,reference,siteimproveanalytics.com,ablation,0,control,listed,34957,20675,13961,321,1
https://cornell.edu/,reference,siteimproveanalytics.com,ablation,1,ablated,page,25421226,25230482,13963,176781,1
https://cornell.edu/,reference,siteimproveanalytics.com,ablation,1,ablated,third_party,21504069,21313967,13963,176139,1
https://cornell.edu/,reference,siteimproveanalytics.com,ablation,1,ablated,listed,34939,20695,13963,281,1
https://cornell.edu/,reference,region1.google-analytics.com,ablation,0,control,page,25421209,25243895,1656,175658,2
https://cornell.edu/,reference,region1.google-analytics.com,ablation,0,control,third_party,21504038,21326571,1656,175811,2
https://cornell.edu/,reference,region1.google-analytics.com,ablation,0,control,listed,34941,33287,1656,-2,2
https://cornell.edu/,reference,region1.google-analytics.com,ablation,1,ablated,page,25244809,25243548,1656,-395,2
https://cornell.edu/,reference,region1.google-analytics.com,ablation,1,ablated,third_party,21328206,21326551,1656,-1,2
https://cornell.edu/,reference,region1.google-analytics.com,ablation,1,ablated,listed,34939,33285,1656,-2,2
https://creativecommons.org/,reference,region1.analytics.google.com,ablation,0,control,page,20661392,20659691,1920,-219,3
https://creativecommons.org/,reference,region1.analytics.google.com,ablation,0,control,third_party,183964,182033,1920,11,3
https://creativecommons.org/,reference,region1.analytics.google.com,ablation,0,control,listed,3320,1400,1920,0,3
https://creativecommons.org/,reference,region1.analytics.google.com,ablation,1,ablated,page,20661547,20659530,1920,97,3
https://creativecommons.org/,reference,region1.analytics.google.com,ablation,1,ablated,third_party,183973,182044,1920,9,3
https://creativecommons.org/,reference,region1.analytics.google.com,ablation,1,ablated,listed,3320,1400,1920,0,3
https://creativecommons.org/,reference,ad.doubleclick.net,ablation,0,control,page,20661397,20660961,558,-122,2
https://creativecommons.org/,reference,ad.doubleclick.net,ablation,0,control,third_party,183984,183426,558,0,2
https://creativecommons.org/,reference,ad.doubleclick.net,ablation,0,control,listed,3320,2762,558,0,2
https://creativecommons.org/,reference,ad.doubleclick.net,ablation,1,ablated,page,20662201,20660985,558,658,2
https://creativecommons.org/,reference,ad.doubleclick.net,ablation,1,ablated,third_party,184704,183426,558,720,2
https://creativecommons.org/,reference,ad.doubleclick.net,ablation,1,ablated,listed,3320,2762,558,0,2
https://dailymail.co.uk/,news,scripts.webcontentassessor.com,ablation,0,control,page,6713115,6390784,120342,201989,1
https://dailymail.co.uk/,news,scripts.webcontentassessor.com,ablation,0,control,third_party,6667795,6345466,120342,201987,1
https://dailymail.co.uk/,news,scripts.webcontentassessor.com,ablation,0,control,listed,232880,111902,120342,636,1
https://dailymail.co.uk/,news,scripts.webcontentassessor.com,ablation,1,ablated,page,6712363,6509017,120342,83004,1
https://dailymail.co.uk/,news,scripts.webcontentassessor.com,ablation,1,ablated,third_party,6667045,6463699,120342,83004,1
https://dailymail.co.uk/,news,scripts.webcontentassessor.com,ablation,1,ablated,listed,232184,112608,120342,-766,1
https://dailymail.co.uk/,news,s.go-mpulse.net,ablation,0,control,page,6713046,6574162,61574,77310,2
https://dailymail.co.uk/,news,s.go-mpulse.net,ablation,0,control,third_party,6667727,6528844,61574,77309,2
https://dailymail.co.uk/,news,s.go-mpulse.net,ablation,0,control,listed,232867,169477,61574,1816,2
https://dailymail.co.uk/,news,s.go-mpulse.net,ablation,1,ablated,page,6633244,6652554,61574,-80884,2
https://dailymail.co.uk/,news,s.go-mpulse.net,ablation,1,ablated,third_party,6587926,6607236,61574,-80884,2
https://dailymail.co.uk/,news,s.go-mpulse.net,ablation,1,ablated,listed,232950,169478,61574,1898,2
https://dailymail.co.uk/,news,pagead2.googlesyndication.com,ablation,0,control,page,6713892,6695165,17910,817,1
https://dailymail.co.uk/,news,pagead2.googlesyndication.com,ablation,0,control,third_party,6668573,6649848,17910,815,1
https://dailymail.co.uk/,news,pagead2.googlesyndication.com,ablation,0,control,listed,232951,214973,17910,68,1
https://dailymail.co.uk/,news,pagead2.googlesyndication.com,ablation,1,ablated,page,6711971,6695924,17910,-1863,1
https://dailymail.co.uk/,news,pagead2.googlesyndication.com,ablation,1,ablated,third_party,6666828,6650778,17910,-1860,1
https://dailymail.co.uk/,news,pagead2.googlesyndication.com,ablation,1,ablated,listed,231420,215035,17910,-1525,1
https://dailymail.com/,news,scripts.webcontentassessor.com,ablation,0,control,page,6712415,6519907,120342,72166,1
https://dailymail.com/,news,scripts.webcontentassessor.com,ablation,0,control,third_party,1610212,1502346,120342,-12476,1
https://dailymail.com/,news,scripts.webcontentassessor.com,ablation,0,control,listed,232184,111842,120342,0,1
https://dailymail.com/,news,scripts.webcontentassessor.com,ablation,1,ablated,page,6727205,6491781,120342,115082,1
https://dailymail.com/,news,scripts.webcontentassessor.com,ablation,1,ablated,third_party,1625214,1504207,120342,665,1
https://dailymail.com/,news,scripts.webcontentassessor.com,ablation,1,ablated,listed,232944,111902,120342,700,1
https://dailymail.com/,news,s.go-mpulse.net,ablation,0,control,page,6726684,6661960,60873,3851,2
https://dailymail.com/,news,s.go-mpulse.net,ablation,0,control,third_party,1624490,1559976,60873,3641,2
https://dailymail.com/,news,s.go-mpulse.net,ablation,0,control,listed,232178,169480,60873,1825,2
https://dailymail.com/,news,s.go-mpulse.net,ablation,1,ablated,page,6579110,6663279,60873,-145042,2
https://dailymail.com/,news,s.go-mpulse.net,ablation,1,ablated,third_party,1592033,1561121,60873,-29961,2
https://dailymail.com/,news,s.go-mpulse.net,ablation,1,ablated,listed,232181,169478,60873,1830,2
https://dailymail.com/,news,pagead2.googlesyndication.com,ablation,0,control,page,6725838,6691558,17910,16370,1
https://dailymail.com/,news,pagead2.googlesyndication.com,ablation,0,control,third_party,1623690,1592305,17910,13475,1
https://dailymail.com/,news,pagead2.googlesyndication.com,ablation,0,control,listed,231422,214275,17910,-763,1
https://dailymail.com/,news,pagead2.googlesyndication.com,ablation,1,ablated,page,6597413,6698577,17910,-119074,1
https://dailymail.com/,news,pagead2.googlesyndication.com,ablation,1,ablated,third_party,1610230,1594232,17910,-1912,1
https://dailymail.com/,news,pagead2.googlesyndication.com,ablation,1,ablated,listed,232180,215035,17910,-765,1
https://dailymotion.com/,entertainment,pagead2.googlesyndication.com,ablation,0,control,page,3590778,3571371,18414,993,1
https://dailymotion.com/,entertainment,pagead2.googlesyndication.com,ablation,0,control,third_party,1520824,1502403,18414,7,1
https://dailymotion.com/,entertainment,pagead2.googlesyndication.com,ablation,0,control,listed,37731,19318,18414,-1,1
https://dailymotion.com/,entertainment,pagead2.googlesyndication.com,ablation,1,ablated,page,3589413,3571707,17910,-204,1
https://dailymotion.com/,entertainment,pagead2.googlesyndication.com,ablation,1,ablated,third_party,1520319,1502766,17910,-357,1
https://dailymotion.com/,entertainment,pagead2.googlesyndication.com,ablation,1,ablated,listed,37226,19315,17910,1,1
https://dailymotion.com/,entertainment,s0.2mdn.net,ablation,0,control,page,3589258,3573288,17425,-1455,1
https://dailymotion.com/,entertainment,s0.2mdn.net,ablation,0,control,third_party,1520296,1502875,17425,-4,1
https://dailymotion.com/,entertainment,s0.2mdn.net,ablation,0,control,listed,37226,19803,17425,-2,1
https://dailymotion.com/,entertainment,s0.2mdn.net,ablation,1,ablated,page,3589739,3572798,17425,-484,1
https://dailymotion.com/,entertainment,s0.2mdn.net,ablation,1,ablated,third_party,1520298,1503234,17425,-361,1
https://dailymotion.com/,entertainment,s0.2mdn.net,ablation,1,ablated,listed,37228,19802,17425,1,1
https://dailymotion.com/,entertainment,securepubads.g.doubleclick.net,ablation,0,control,page,3589725,3587848,1891,-14,1
https://dailymotion.com/,entertainment,securepubads.g.doubleclick.net,ablation,0,control,third_party,1520296,1518420,1891,-15,1
https://dailymotion.com/,entertainment,securepubads.g.doubleclick.net,ablation,0,control,listed,37226,35335,1891,0,1
https://dailymotion.com/,entertainment,securepubads.g.doubleclick.net,ablation,1,ablated,page,3590321,3587863,1890,568,1
https://dailymotion.com/,entertainment,securepubads.g.doubleclick.net,ablation,1,ablated,third_party,1520676,1518419,1890,367,1
https://dailymotion.com/,entertainment,securepubads.g.doubleclick.net,ablation,1,ablated,listed,37225,35335,1890,0,1
https://datadoghq.com/,productivity,connect.facebook.net,ablation,0,control,page,5900492,5774096,115369,11027,1
https://datadoghq.com/,productivity,connect.facebook.net,ablation,0,control,third_party,4639336,4521553,115369,2414,1
https://datadoghq.com/,productivity,connect.facebook.net,ablation,0,control,listed,268723,153425,115369,-71,1
https://datadoghq.com/,productivity,connect.facebook.net,ablation,1,ablated,page,5897695,5787144,115369,-4818,1
https://datadoghq.com/,productivity,connect.facebook.net,ablation,1,ablated,third_party,4635412,4525983,115369,-5940,1
https://datadoghq.com/,productivity,connect.facebook.net,ablation,1,ablated,listed,268843,152236,115369,1238,1
https://datadoghq.com/,productivity,www.redditstatic.com,ablation,0,control,page,5898235,5772152,25252,100831,1
https://datadoghq.com/,productivity,www.redditstatic.com,ablation,0,control,third_party,4636384,4519570,25252,91562,1
https://datadoghq.com/,productivity,www.redditstatic.com,ablation,0,control,listed,268822,243565,25252,5,1
https://datadoghq.com/,productivity,www.redditstatic.com,ablation,1,ablated,page,5900069,5906658,25252,-31841,1
https://datadoghq.com/,productivity,www.redditstatic.com,ablation,1,ablated,third_party,4638202,4654142,25252,-41192,1
https://datadoghq.com/,productivity,www.redditstatic.com,ablation,1,ablated,listed,267669,243580,25252,-1163,1
https://datadoghq.com/,productivity,www.google-analytics.com,ablation,0,control,page,5887530,4458653,21732,1407145,1
https://datadoghq.com/,productivity,www.google-analytics.com,ablation,0,control,third_party,4635008,3207113,21732,1406163,1
https://datadoghq.com/,productivity,www.google-analytics.com,ablation,0,control,listed,268808,246993,21732,83,1
https://datadoghq.com/,productivity,www.google-analytics.com,ablation,1,ablated,page,5912366,5872251,21732,18383,1
https://datadoghq.com/,productivity,www.google-analytics.com,ablation,1,ablated,third_party,4660353,4620226,21732,18395,1
https://datadoghq.com/,productivity,www.google-analytics.com,ablation,1,ablated,listed,268928,245948,21732,1248,1
https://dell.com/,shopping,s.go-mpulse.net,ablation,0,control,page,2634927,2576276,60873,-2222,2
https://dell.com/,shopping,s.go-mpulse.net,ablation,0,control,third_party,733599,673123,60873,-397,2
https://dell.com/,shopping,s.go-mpulse.net,ablation,0,control,listed,614480,554894,60873,-1287,2
https://dell.com/,shopping,s.go-mpulse.net,ablation,1,ablated,page,2637235,2571153,60873,5209,2
https://dell.com/,shopping,s.go-mpulse.net,ablation,1,ablated,third_party,734953,669064,60873,5016,2
https://dell.com/,shopping,s.go-mpulse.net,ablation,1,ablated,listed,616724,551108,60873,4743,2
https://dell.com/,shopping,nexus.ensighten.com,ablation,0,control,page,2630896,2350849,35975,244072,1
https://dell.com/,shopping,nexus.ensighten.com,ablation,0,control,third_party,728485,557326,35975,135184,1
https://dell.com/,shopping,nexus.ensighten.com,ablation,0,control,listed,610256,476807,35975,97474,1
https://dell.com/,shopping,nexus.ensighten.com,ablation,1,ablated,page,2710180,2356764,35975,317441,1
https://dell.com/,shopping,nexus.ensighten.com,ablation,1,ablated,third_party,733958,557057,35975,140926,1
https://dell.com/,shopping,nexus.ensighten.com,ablation,1,ablated,listed,615729,476804,35975,102950,1
https://dell.com/,shopping,cdn.taboola.com,ablation,0,control,page,2635107,2606376,28030,701,1
https://dell.com/,shopping,cdn.taboola.com,ablation,0,control,third_party,733396,703493,28030,1873,1
https://dell.com/,shopping,cdn.taboola.com,ablation,0,control,listed,614321,584096,28030,2195,1
https://dell.com/,shopping,cdn.taboola.com,ablation,1,ablated,page,2638887,2678611,28037,-67761,1
https://dell.com/,shopping,cdn.taboola.com,ablation,1,ablated,third_party,736988,702972,28037,5979,1
https://dell.com/,shopping,cdn.taboola.com,ablation,1,ablated,listed,617591,584119,28037,5435,1
https://disneyplus.com/,entertainment,browser-intake-datadoghq.com,ablation,0,control,page,5499114,6016401,1856,-519143,8
https://disneyplus.com/,entertainment,browser-intake-datadoghq.com,ablation,0,control,third_party,5390874,5688402,1856,-299384,8
https://disneyplus.com/,entertainment,browser-intake-datadoghq.com,ablation,0,control,listed,362357,360501,1856,0,8
https://disneyplus.com/,entertainment,browser-intake-datadoghq.com,ablation,1,ablated,page,5495944,5491244,1856,2844,8
https://disneyplus.com/,entertainment,browser-intake-datadoghq.com,ablation,1,ablated,third_party,5387618,5382893,1856,2869,8
https://disneyplus.com/,entertainment,browser-intake-datadoghq.com,ablation,1,ablated,listed,362357,360501,1856,0,8
https://disqus.com/,social,js.hs-scripts.com,ablation,0,control,page,2511532,2508133,3402,-3,2
https://disqus.com/,social,js.hs-scripts.com,ablation,0,control,third_party,2482304,2478904,3402,-2,2
https://disqus.com/,social,js.hs-scripts.com,ablation,0,control,listed,2335386,2331986,3402,-2,2
https://disqus.com/,social,js.hs-scripts.com,ablation,1,ablated,page,2511537,2508135,3402,0,2
https://disqus.com/,social,js.hs-scripts.com,ablation,1,ablated,third_party,2482308,2478906,3402,0,2
https://disqus.com/,social,js.hs-scripts.com,ablation,1,ablated,listed,2335390,2331988,3402,0,2
https://dnsmadeeasy.com/,infrastructure,dpm.demdex.net,ablation,0,control,page,2673255,2668861,1153,3241,2
https://dnsmadeeasy.com/,infrastructure,dpm.demdex.net,ablation,0,control,third_party,827466,822800,1153,3513,2
https://dnsmadeeasy.com/,infrastructure,dpm.demdex.net,ablation,0,control,listed,4703,0,1153,3550,2
https://dnsmadeeasy.com/,infrastructure,dpm.demdex.net,ablation,1,ablated,page,2673849,2669698,1153,2998,2
https://dnsmadeeasy.com/,infrastructure,dpm.demdex.net,ablation,1,ablated,third_party,827554,822955,1153,3446,2
https://dnsmadeeasy.com/,infrastructure,dpm.demdex.net,ablation,1,ablated,listed,4703,0,1153,3550,2
https://docker.io/,infrastructure,js-agent.newrelic.com,ablation,0,control,page,3670634,3633484,35423,1727,2
https://docker.io/,infrastructure,js-agent.newrelic.com,ablation,0,control,third_party,3670464,3633314,35423,1727,2
https://docker.io/,infrastructure,js-agent.newrelic.com,ablation,0,control,listed,223823,186647,35423,1753,2
https://docker.io/,infrastructure,js-agent.newrelic.com,ablation,1,ablated,page,3670506,3633194,35422,1890,2
https://docker.io/,infrastructure,js-agent.newrelic.com,ablation,1,ablated,third_party,3670336,3633194,35422,1720,2
https://docker.io/,infrastructure,js-agent.newrelic.com,ablation,1,ablated,listed,223823,186645,35422,1756,2
https://docker.io/,infrastructure,dpm.demdex.net,ablation,0,control,page,3670607,3664540,2114,3953,2
https://docker.io/,infrastructure,dpm.demdex.net,ablation,0,control,third_party,3670437,3664370,2114,3953,2
https://docker.io/,infrastructure,dpm.demdex.net,ablation,0,control,listed,223831,217868,2114,3849,2
https://docker.io/,infrastructure,dpm.demdex.net,ablation,1,ablated,page,3670653,3664718,2108,3827,2
https://docker.io/,infrastructure,dpm.demdex.net,ablation,1,ablated,third_party,3670483,3664548,2108,3827,2
https://docker.io/,infrastructure,dpm.demdex.net,ablation,1,ablated,listed,224015,217868,2108,4039,2
https://docker.io/,infrastructure,bam.nr-data.net,ablation,0,control,page,3671576,3668782,2757,37,2
https://docker.io/,infrastructure,bam.nr-data.net,ablation,0,control,third_party,3671406,3668612,2757,37,2
https://docker.io/,infrastructure,bam.nr-data.net,ablation,0,control,listed,224824,222074,2757,-7,2
https://docker.io/,infrastructure,bam.nr-data.net,ablation,1,ablated,page,3670667,3668351,1947,369,2
https://docker.io/,infrastructure,bam.nr-data.net,ablation,1,ablated,third_party,3670497,3668181,1947,369,2
https://docker.io/,infrastructure,bam.nr-data.net,ablation,1,ablated,listed,224012,221583,1947,482,2
https://dropcatch.com/,shopping,o4510675591430144.ingest.us.sentry.io,ablation,0,control,page,2771139,2770160,1557,-578,3
https://dropcatch.com/,shopping,o4510675591430144.ingest.us.sentry.io,ablation,0,control,third_party,1594390,1592997,1557,-164,3
https://dropcatch.com/,shopping,o4510675591430144.ingest.us.sentry.io,ablation,0,control,listed,2397,840,1557,0,3
https://dropcatch.com/,shopping,o4510675591430144.ingest.us.sentry.io,ablation,1,ablated,page,2771817,2770116,1482,219,3
https://dropcatch.com/,shopping,o4510675591430144.ingest.us.sentry.io,ablation,1,ablated,third_party,1594555,1592909,1482,164,3
https://dropcatch.com/,shopping,o4510675591430144.ingest.us.sentry.io,ablation,1,ablated,listed,2322,840,1482,0,3
https://dropcatch.com/,shopping,region1.google-analytics.com,ablation,0,control,page,2771580,2770228,840,512,1
https://dropcatch.com/,shopping,region1.google-analytics.com,ablation,0,control,third_party,1594366,1593970,840,-444,1
https://dropcatch.com/,shopping,region1.google-analytics.com,ablation,0,control,listed,2397,1482,840,75,1
https://dropcatch.com/,shopping,region1.google-analytics.com,ablation,1,ablated,page,2772241,2770839,840,562,1
https://dropcatch.com/,shopping,region1.google-analytics.com,ablation,1,ablated,third_party,1595042,1593699,840,503,1
https://dropcatch.com/,shopping,region1.google-analytics.com,ablation,1,ablated,listed,2322,1557,840,-75,1
https://dyndns.org/,infrastructure,dpm.demdex.net,ablation,0,control,page,563701,562637,1037,27,3
https://dyndns.org/,infrastructure,dpm.demdex.net,ablation,0,control,third_party,563188,562124,1037,27,3
https://dyndns.org/,infrastructure,dpm.demdex.net,ablation,0,control,listed,212293,211261,1037,-5,3
https://dyndns.org/,infrastructure,dpm.demdex.net,ablation,1,ablated,page,563704,562670,1038,-4,3
https://dyndns.org/,infrastructure,dpm.demdex.net,ablation,1,ablated,third_party,563191,562157,1038,-4,3
https://dyndns.org/,infrastructure,dpm.demdex.net,ablation,1,ablated,listed,212295,211261,1038,-4,3
https://dyndns.org/,infrastructure,oracle.sc.omtrdc.net,ablation,0,control,page,563737,562715,987,35,2
https://dyndns.org/,infrastructure,oracle.sc.omtrdc.net,ablation,0,control,third_party,563224,562202,987,35,2
https://dyndns.org/,infrastructure,oracle.sc.omtrdc.net,ablation,0,control,listed,212300,211308,987,5,2
https://dyndns.org/,infrastructure,oracle.sc.omtrdc.net,ablation,1,ablated,page,563201,562712,987,-498,2
https://dyndns.org/,infrastructure,oracle.sc.omtrdc.net,ablation,1,ablated,third_party,563201,562199,987,15,2
https://dyndns.org/,infrastructure,oracle.sc.omtrdc.net,ablation,1,ablated,listed,212302,211307,987,8,2
https://dzen.ru/,news,yandex.ru,ablation,0,control,page,5095757,4430273,452314,213170,19
https://dzen.ru/,news,yandex.ru,ablation,0,control,third_party,4602837,3934454,452314,216069,19
https://dzen.ru/,news,yandex.ru,ablation,0,control,listed,562799,105248,452314,5237,19
https://dzen.ru/,news,yandex.ru,ablation,1,ablated,page,4191794,3583586,471209,136999,30
https://dzen.ru/,news,yandex.ru,ablation,1,ablated,third_party,3698783,3091003,471209,136571,30
https://dzen.ru/,news,yandex.ru,ablation,1,ablated,listed,534969,56806,471209,6954,30
https://dzen.ru/,news,mc.yandex.ru,ablation,0,control,page,4694749,4066803,154367,473579,6
https://dzen.ru/,news,mc.yandex.ru,ablation,0,control,third_party,4205746,3574591,154367,476788,6
https://dzen.ru/,news,mc.yandex.ru,ablation,0,control,listed,531766,361948,154367,15451,6
https://dzen.ru/,news,mc.yandex.ru,ablation,1,ablated,page,4149686,4427683,154186,-432183,6
https://dzen.ru/,news,mc.yandex.ru,ablation,1,ablated,third_party,3655408,3931429,154186,-430207,6
https://dzen.ru/,news,mc.yandex.ru,ablation,1,ablated,listed,542017,317015,154186,70816,6
https://dzen.ru/,news,top-fwz1.mail.ru,ablation,0,control,page,4401873,4485214,34181,-117522,1
https://dzen.ru/,news,top-fwz1.mail.ru,ablation,0,control,third_party,3902621,3991904,34181,-123464,1
https://dzen.ru/,news,top-fwz1.mail.ru,ablation,0,control,listed,535553,512258,34181,-10886,1
https://dzen.ru/,news,top-fwz1.mail.ru,ablation,1,ablated,page,4410598,4750380,34181,-373963,1
https://dzen.ru/,news,top-fwz1.mail.ru,ablation,1,ablated,third_party,3917401,4252083,34181,-368863,1
https://dzen.ru/,news,top-fwz1.mail.ru,ablation,1,ablated,listed,542054,462958,34181,44915,1
https://ebay.co.uk/,shopping,cas.avalon.perfdrive.com,ablation,0,control,page,3820076,3821607,998,-2529,2
https://ebay.co.uk/,shopping,cas.avalon.perfdrive.com,ablation,0,control,third_party,3098011,3099315,998,-2302,2
https://ebay.co.uk/,shopping,cas.avalon.perfdrive.com,ablation,0,control,listed,2229140,2228935,998,-793,2
https://ebay.co.uk/,shopping,cas.avalon.perfdrive.com,ablation,1,ablated,page,4057532,3820746,998,235788,2
https://ebay.co.uk/,shopping,cas.avalon.perfdrive.com,ablation,1,ablated,third_party,3336284,3098261,998,237025,2
https://ebay.co.uk/,shopping,cas.avalon.perfdrive.com,ablation,1,ablated,listed,2465916,2229581,998,235337,2
https://elpais.com/,news,sdk.mrf.io,ablation,0,control,page,2271001,2198016,73764,-779,1
https://elpais.com/,news,sdk.mrf.io,ablation,0,control,third_party,1130691,1057706,73764,-779,1
https://elpais.com/,news,sdk.mrf.io,ablation,0,control,listed,373256,299573,73764,-81,1
https://elpais.com/,news,sdk.mrf.io,ablation,1,ablated,page,2261971,2187096,73764,1111,1
https://elpais.com/,news,sdk.mrf.io,ablation,1,ablated,third_party,1121663,1046791,73764,1108,1
https://elpais.com/,news,sdk.mrf.io,ablation,1,ablated,listed,373648,299490,73764,394,1
https://elpais.com/,news,es-config.sensic.net,ablation,0,control,page,2259653,2193376,64401,1876,1
https://elpais.com/,news,es-config.sensic.net,ablation,0,control,third_party,1119347,1053068,64401,1878,1
https://elpais.com/,news,es-config.sensic.net,ablation,0,control,listed,372032,305766,64401,1865,1
https://elpais.com/,news,es-config.sensic.net,ablation,1,ablated,page,2262864,2195608,64401,2855,1
https://elpais.com/,news,es-config.sensic.net,ablation,1,ablated,third_party,1122557,1055302,64401,2854,1
https://elpais.com/,news,es-config.sensic.net,ablation,1,ablated,listed,374544,307985,64401,2158,1
https://elpais.com/,news,dpm.demdex.net,ablation,0,control,page,2260016,2248135,5949,5932,3
https://elpais.com/,news,dpm.demdex.net,ablation,0,control,third_party,1119638,1107757,5949,5932,3
https://elpais.com/,news,dpm.demdex.net,ablation,0,control,listed,372320,360471,5949,5900,3
https://elpais.com/,news,dpm.demdex.net,ablation,1,ablated,page,2263040,2248172,6887,7981,3
https://elpais.com/,news,dpm.demdex.net,ablation,1,ablated,third_party,1122662,1107792,6887,7983,3
https://elpais.com/,news,dpm.demdex.net,ablation,1,ablated,listed,374565,360498,6887,7180,3
https://erome.com/,entertainment,a.magsrv.com,ablation,0,control,page,407813,346808,61014,-9,1
https://erome.com/,entertainment,a.magsrv.com,ablation,0,control,third_party,268146,207139,61014,-7,1
https://erome.com/,entertainment,a.magsrv.com,ablation,0,control,listed,86246,25232,61014,0,1
https://erome.com/,entertainment,a.magsrv.com,ablation,1,ablated,page,407856,346807,61014,35,1
https://erome.com/,entertainment,a.magsrv.com,ablation,1,ablated,third_party,268183,207139,61014,30,1
https://erome.com/,entertainment,a.magsrv.com,ablation,1,ablated,listed,86276,25232,61014,30,1
https://erome.com/,entertainment,cdn.tsyndicate.com,ablation,0,control,page,407817,383424,24396,-3,2
https://erome.com/,entertainment,cdn.tsyndicate.com,ablation,0,control,third_party,268153,243757,24396,0,2
https://erome.com/,entertainment,cdn.tsyndicate.com,ablation,0,control,listed,86246,61850,24396,0,2
https://erome.com/,entertainment,cdn.tsyndicate.com,ablation,1,ablated,page,407913,383418,24419,76,2
https://erome.com/,entertainment,cdn.tsyndicate.com,ablation,1,ablated,third_party,268176,243750,24419,7,2
https://erome.com/,entertainment,cdn.tsyndicate.com,ablation,1,ablated,listed,86269,61850,24419,0,2
https://erome.com/,entertainment,region1.google-analytics.com,ablation,0,control,page,407848,407016,836,-4,1
https://erome.com/,entertainment,region1.google-analytics.com,ablation,0,control,third_party,268183,267347,836,0,1
https://erome.com/,entertainment,region1.google-analytics.com,ablation,0,control,listed,86276,85440,836,0,1
https://erome.com/,entertainment,region1.google-analytics.com,ablation,1,ablated,page,407426,406983,836,-393,1
https://erome.com/,entertainment,region1.google-analytics.com,ablation,1,ablated,third_party,268183,267316,836,31,1
https://erome.com/,entertainment,region1.google-analytics.com,ablation,1,ablated,listed,86276,85440,836,0,1
https://eset.com/,productivity,bat.bing.com,ablation,0,control,page,9904,5938296,0,-5928392,2
https://eset.com/,productivity,bat.bing.com,ablation,0,control,third_party,0,1624586,0,-1624586,2
https://eset.com/,productivity,bat.bing.com,ablation,0,control,listed,0,3879,0,-3879,2
https://eset.com/,productivity,bat.bing.com,ablation,1,ablated,page,9904,5948726,0,-5938822,2
https://eset.com/,productivity,bat.bing.com,ablation,1,ablated,third_party,0,1625420,0,-1625420,2
https://eset.com/,productivity,bat.bing.com,ablation,1,ablated,listed,0,4431,0,-4431,2
https://eset.com/,productivity,pagead2.googlesyndication.com,ablation,0,control,page,6006089,5963250,3864,38975,4
https://eset.com/,productivity,pagead2.googlesyndication.com,ablation,0,control,third_party,1682049,1684019,3864,-5834,4
https://eset.com/,productivity,pagead2.googlesyndication.com,ablation,0,control,listed,56626,55733,3864,-2971,4
https://eset.com/,productivity,pagead2.googlesyndication.com,ablation,1,ablated,page,6001195,5924469,3864,72862,12
https://eset.com/,productivity,pagead2.googlesyndication.com,ablation,1,ablated,third_party,1680617,1729706,3864,-52953,12
https://eset.com/,productivity,pagead2.googlesyndication.com,ablation,1,ablated,listed,56626,105744,3864,-52982,12
https://eset.com/,productivity,ad.doubleclick.net,ablation,0,control,page,5883452,5957573,0,-74121,0
https://eset.com/,productivity,ad.doubleclick.net,ablation,0,control,third_party,1732056,1681067,0,50989,0
https://eset.com/,productivity,ad.doubleclick.net,ablation,0,control,listed,108979,56626,0,52353,0
https://eset.com/,productivity,ad.doubleclick.net,ablation,1,ablated,page,6000927,5930317,551,70059,2
https://eset.com/,productivity,ad.doubleclick.net,ablation,1,ablated,third_party,1681368,1734191,551,-53374,2
https://eset.com/,productivity,ad.doubleclick.net,ablation,1,ablated,listed,54417,107400,551,-53534,2
https://eventbrite.com/,shopping,js.zi-scripts.com,ablation,0,control,page,3899213,3944344,7082,-52213,1
https://eventbrite.com/,shopping,js.zi-scripts.com,ablation,0,control,third_party,1057339,1099133,7082,-48876,1
https://eventbrite.com/,shopping,js.zi-scripts.com,ablation,0,control,listed,9356,0,7082,2274,1
https://eventbrite.com/,shopping,js.zi-scripts.com,ablation,1,ablated,page,3902548,3890400,7083,5065,1
https://eventbrite.com/,shopping,js.zi-scripts.com,ablation,1,ablated,third_party,1073797,1057182,7083,9532,1
https://eventbrite.com/,shopping,js.zi-scripts.com,ablation,1,ablated,listed,9357,0,7083,2274,1
https://fiverr.com/,shopping,connect.facebook.net,ablation,0,control,page,919554,919521,0,33,0
https://fiverr.com/,shopping,connect.facebook.net,ablation,0,control,third_party,903476,903451,0,25,0
https://fiverr.com/,shopping,connect.facebook.net,ablation,0,control,listed,627315,627292,0,23,0
https://fiverr.com/,shopping,connect.facebook.net,ablation,1,ablated,page,919540,919507,0,33,0
https://fiverr.com/,shopping,connect.facebook.net,ablation,1,ablated,third_party,903459,903429,0,30,0
https://fiverr.com/,shopping,connect.facebook.net,ablation,1,ablated,listed,627300,627266,0,34,0
https://fiverr.com/,shopping,bat.bing.com,ablation,0,control,page,919527,919499,0,28,0
https://fiverr.com/,shopping,bat.bing.com,ablation,0,control,third_party,903447,903419,0,28,0
https://fiverr.com/,shopping,bat.bing.com,ablation,0,control,listed,627265,627261,0,4,0
https://fiverr.com/,shopping,bat.bing.com,ablation,1,ablated,page,919498,921407,0,-1909,0
https://fiverr.com/,shopping,bat.bing.com,ablation,1,ablated,third_party,903424,905332,0,-1908,0
https://fiverr.com/,shopping,bat.bing.com,ablation,1,ablated,listed,627266,629174,0,-1908,0
https://fiverr.com/,shopping,cdn.pdst.fm,ablation,0,control,page,919558,920157,0,-599,0
https://fiverr.com/,shopping,cdn.pdst.fm,ablation,0,control,third_party,903475,904146,0,-671,0
https://fiverr.com/,shopping,cdn.pdst.fm,ablation,0,control,listed,627317,627963,0,-646,0
https://fiverr.com/,shopping,cdn.pdst.fm,ablation,1,ablated,page,919569,919504,0,65,0
https://fiverr.com/,shopping,cdn.pdst.fm,ablation,1,ablated,third_party,903495,903425,0,70,0
https://fiverr.com/,shopping,cdn.pdst.fm,ablation,1,ablated,listed,627312,627265,0,47,0
https://foxnews.com/,news,c.amazon-adsystem.com,ablation,0,control,page,4948468,4852760,95480,228,1
https://foxnews.com/,news,c.amazon-adsystem.com,ablation,0,control,third_party,2298052,2202192,95480,380,1
https://foxnews.com/,news,c.amazon-adsystem.com,ablation,0,control,listed,260213,164709,95480,24,1
https://foxnews.com/,news,c.amazon-adsystem.com,ablation,1,ablated,page,4941601,4845534,95480,587,1
https://foxnews.com/,news,c.amazon-adsystem.com,ablation,1,ablated,third_party,2290951,2194842,95480,629,1
https://foxnews.com/,news,c.amazon-adsystem.com,ablation,1,ablated,listed,252644,157146,95480,18,1
https://foxnews.com/,news,client.aps.amazon-adsystem.com,ablation,0,control,page,4941384,4854293,87935,-844,1
https://foxnews.com/,news,client.aps.amazon-adsystem.com,ablation,0,control,third_party,2290347,2202939,87935,-527,1
https://foxnews.com/,news,client.aps.amazon-adsystem.com,ablation,0,control,listed,252737,164782,87935,20,1
https://foxnews.com/,news,client.aps.amazon-adsystem.com,ablation,1,ablated,page,4942229,4853842,87935,452,1
https://foxnews.com/,news,client.aps.amazon-adsystem.com,ablation,1,ablated,third_party,2290977,2202538,87935,504,1
https://foxnews.com/,news,client.aps.amazon-adsystem.com,ablation,1,ablated,listed,252717,164783,87935,-1,1
https://foxnews.com/,news,js.appboycdn.com,ablation,0,control,page,4941801,4866819,64735,10247,1
https://foxnews.com/,news,js.appboycdn.com,ablation,0,control,third_party,2290454,2215166,64735,10553,1
https://foxnews.com/,news,js.appboycdn.com,ablation,0,control,listed,252717,186308,64735,1674,1
https://foxnews.com/,news,js.appboycdn.com,ablation,1,ablated,page,4941546,4865555,64735,11256,1
https://foxnews.com/,news,js.appboycdn.com,ablation,1,ablated,third_party,2291712,2215034,64735,11943,1
https://foxnews.com/,news,js.appboycdn.com,ablation,1,ablated,listed,252717,186302,64735,1680,1
https://frontiersin.org/,reference,js-agent.newrelic.com,ablation,0,control,page,3727568,3690177,35422,1969,2
https://frontiersin.org/,reference,js-agent.newrelic.com,ablation,0,control,third_party,1620249,1582876,35422,1951,2
https://frontiersin.org/,reference,js-agent.newrelic.com,ablation,0,control,listed,230094,192604,35422,2068,2
https://frontiersin.org/,reference,js-agent.newrelic.com,ablation,1,ablated,page,3728581,3689513,35423,3645,2
https://frontiersin.org/,reference,js-agent.newrelic.com,ablation,1,ablated,third_party,1621252,1582194,35423,3635,2
https://frontiersin.org/,reference,js-agent.newrelic.com,ablation,1,ablated,listed,230095,191865,35423,2807,2
https://frontiersin.org/,reference,bam.nr-data.net,ablation,0,control,page,3946798,3800361,2807,143630,2
https://frontiersin.org/,reference,bam.nr-data.net,ablation,0,control,third_party,1736159,1618145,2807,115207,2
https://frontiersin.org/,reference,bam.nr-data.net,ablation,0,control,listed,230834,228026,2807,1,2
https://frontiersin.org/,reference,bam.nr-data.net,ablation,1,ablated,page,3733089,3760722,2807,-30440,2
https://frontiersin.org/,reference,bam.nr-data.net,ablation,1,ablated,third_party,1625774,1622191,2807,776,2
https://frontiersin.org/,reference,bam.nr-data.net,ablation,1,ablated,listed,230834,227288,2807,739,2
https://frontiersin.org/,reference,googleads.g.doubleclick.net,ablation,0,control,page,3728281,3726884,1616,-219,1
https://frontiersin.org/,reference,googleads.g.doubleclick.net,ablation,0,control,third_party,1620966,1619549,1616,-199,1
https://frontiersin.org/,reference,googleads.g.doubleclick.net,ablation,0,control,listed,230834,229217,1616,1,1
https://frontiersin.org/,reference,googleads.g.doubleclick.net,ablation,1,ablated,page,3728484,3729640,1616,-2772,1
https://frontiersin.org/,reference,googleads.g.doubleclick.net,ablation,1,ablated,third_party,1621164,1622297,1616,-2749,1
https://frontiersin.org/,reference,googleads.g.doubleclick.net,ablation,1,ablated,listed,230833,229217,1616,0,1
https://fwmrm.net/,infrastructure,connect.facebook.net,ablation,0,control,page,2752058,2530336,221616,106,1
https://fwmrm.net/,infrastructure,connect.facebook.net,ablation,0,control,third_party,2751749,2530336,221616,-203,1
https://fwmrm.net/,infrastructure,connect.facebook.net,ablation,0,control,listed,771164,549457,221616,91,1
https://fwmrm.net/,infrastructure,connect.facebook.net,ablation,1,ablated,page,2756097,2532306,221616,2175,1
https://fwmrm.net/,infrastructure,connect.facebook.net,ablation,1,ablated,third_party,2755788,2531997,221616,2175,1
https://fwmrm.net/,infrastructure,connect.facebook.net,ablation,1,ablated,listed,773547,550055,221616,1876,1
https://fwmrm.net/,infrastructure,snap.licdn.com,ablation,0,control,page,2756056,2587607,167108,1341,7
https://fwmrm.net/,infrastructure,snap.licdn.com,ablation,0,control,third_party,2756056,2587298,167108,1650,7
https://fwmrm.net/,infrastructure,snap.licdn.com,ablation,0,control,listed,772820,604201,167108,1511,7
https://fwmrm.net/,infrastructure,snap.licdn.com,ablation,1,ablated,page,2755791,2588001,167108,682,7
https://fwmrm.net/,infrastructure,snap.licdn.com,ablation,1,ablated,third_party,2755482,2587692,167108,682,7
https://fwmrm.net/,infrastructure,snap.licdn.com,ablation,1,ablated,listed,773091,605213,167108,770,7
https://fwmrm.net/,infrastructure,js.hubspot.com,ablation,0,control,page,2754412,2398621,43886,311905,1
https://fwmrm.net/,infrastructure,js.hubspot.com,ablation,0,control,third_party,2754103,2398312,43886,311905,1
https://fwmrm.net/,infrastructure,js.hubspot.com,ablation,0,control,listed,771614,725505,43886,2223,1
https://fwmrm.net/,infrastructure,js.hubspot.com,ablation,1,ablated,page,2756930,2399115,43879,313936,1
https://fwmrm.net/,infrastructure,js.hubspot.com,ablation,1,ablated,third_party,2756621,2398806,43879,313936,1
https://fwmrm.net/,infrastructure,js.hubspot.com,ablation,1,ablated,listed,773284,726037,43879,3368,1
https://genius.com/,entertainment,securepubads.g.doubleclick.net,ablation,0,control,page,2488848,2233634,255257,-43,1
https://genius.com/,entertainment,securepubads.g.doubleclick.net,ablation,0,control,third_party,1418136,1161986,255257,893,1
https://genius.com/,entertainment,securepubads.g.doubleclick.net,ablation,0,control,listed,593104,337268,255257,579,1
https://genius.com/,entertainment,securepubads.g.doubleclick.net,ablation,1,ablated,page,2489218,2232808,256590,-180,1
https://genius.com/,entertainment,securepubads.g.doubleclick.net,ablation,1,ablated,third_party,1418544,1161454,256590,500,1
https://genius.com/,entertainment,securepubads.g.doubleclick.net,ablation,1,ablated,listed,594287,337277,256590,420,1
https://genius.com/,entertainment,c.amazon-adsystem.com,ablation,0,control,page,2488771,2389577,98837,357,1
https://genius.com/,entertainment,c.amazon-adsystem.com,ablation,0,control,third_party,1417859,1318064,98837,958,1
https://genius.com/,entertainment,c.amazon-adsystem.com,ablation,0,control,listed,593198,493063,98837,1298,1
https://genius.com/,entertainment,c.amazon-adsystem.com,ablation,1,ablated,page,2491295,2388638,98837,3820,1
https://genius.com/,entertainment,c.amazon-adsystem.com,ablation,1,ablated,third_party,1420399,1317637,98837,3925,1
https://genius.com/,entertainment,c.amazon-adsystem.com,ablation,1,ablated,listed,596149,493353,98837,3959,1
https://genius.com/,entertainment,static.chartbeat.com,ablation,0,control,page,2490973,2471887,17099,1987,1
https://genius.com/,entertainment,static.chartbeat.com,ablation,0,control,third_party,1419339,1399962,17099,2278,1
https://genius.com/,entertainment,static.chartbeat.com,ablation,0,control,listed,595082,575705,17099,2278,1
https://genius.com/,entertainment,static.chartbeat.com,ablation,1,ablated,page,2492286,2472600,17090,2596,1
https://genius.com/,entertainment,static.chartbeat.com,ablation,1,ablated,third_party,1421103,1401519,17090,2494,1
https://genius.com/,entertainment,static.chartbeat.com,ablation,1,ablated,listed,596392,576807,17090,2495,1
https://globo.com/,news,d39f98ec-9259-4f8b-896d-7ab58be1f900.edge.permutive.app,ablation,0,control,page,10222802,9063638,811533,347631,1
https://globo.com/,news,d39f98ec-9259-4f8b-896d-7ab58be1f900.edge.permutive.app,ablation,0,control,third_party,9728160,8568777,811533,347850,1
https://globo.com/,news,d39f98ec-9259-4f8b-896d-7ab58be1f900.edge.permutive.app,ablation,0,control,listed,2604975,1599602,811533,193840,1
https://globo.com/,news,d39f98ec-9259-4f8b-896d-7ab58be1f900.edge.permutive.app,ablation,1,ablated,page,10012568,9053645,812015,146908,1
https://globo.com/,news,d39f98ec-9259-4f8b-896d-7ab58be1f900.edge.permutive.app,ablation,1,ablated,third_party,9518343,8560526,812015,145802,1
https://globo.com/,news,d39f98ec-9259-4f8b-896d-7ab58be1f900.edge.permutive.app,ablation,1,ablated,listed,2552982,1595132,812015,145835,1
https://globo.com/,news,securepubads.g.doubleclick.net,ablation,0,control,page,10214735,9460517,257711,496507,1
https://globo.com/,news,securepubads.g.doubleclick.net,ablation,0,control,third_party,9720329,8966391,257711,496227,1
https://globo.com/,news,securepubads.g.doubleclick.net,ablation,0,control,listed,2599729,1931585,257711,410433,1
https://globo.com/,news,securepubads.g.doubleclick.net,ablation,1,ablated,page,10069346,9302413,255950,510983,1
https://globo.com/,news,securepubads.g.doubleclick.net,ablation,1,ablated,third_party,9573739,8808037,255950,509752,1
https://globo.com/,news,securepubads.g.doubleclick.net,ablation,1,ablated,listed,2610359,1930193,255950,424216,1
https://globo.com/,news,connect.facebook.net,ablation,0,control,page,10329065,9967620,203974,157471,1
https://globo.com/,news,connect.facebook.net,ablation,0,control,third_party,9833008,9472250,203974,156784,1
https://globo.com/,news,connect.facebook.net,ablation,0,control,listed,2712673,2262493,203974,246206,1
https://globo.com/,news,connect.facebook.net,ablation,1,ablated,page,10053933,9812158,203950,37825,1
https://globo.com/,news,connect.facebook.net,ablation,1,ablated,third_party,9559622,9318077,203950,37595,1
https://globo.com/,news,connect.facebook.net,ablation,1,ablated,listed,2594317,2352836,203950,37531,1
https://go.com/,entertainment,sb.scorecardresearch.com,ablation,0,control,page,1852879,1844989,7889,1,1
https://go.com/,entertainment,sb.scorecardresearch.com,ablation,0,control,third_party,1793286,1785396,7889,1,1
https://go.com/,entertainment,sb.scorecardresearch.com,ablation,0,control,listed,252123,244233,7889,1,1
https://go.com/,entertainment,sb.scorecardresearch.com,ablation,1,ablated,page,1853818,1844989,7889,940,1
https://go.com/,entertainment,sb.scorecardresearch.com,ablation,1,ablated,third_party,1794225,1785396,7889,940,1
https://go.com/,entertainment,sb.scorecardresearch.com,ablation,1,ablated,listed,253062,244233,7889,940,1
https://go.com/,entertainment,disney.demdex.net,ablation,0,control,page,1852878,1851836,1042,0,3
https://go.com/,entertainment,disney.demdex.net,ablation,0,control,third_party,1793285,1792243,1042,0,3
https://go.com/,entertainment,disney.demdex.net,ablation,0,control,listed,252122,251080,1042,0,3
https://go.com/,entertainment,disney.demdex.net,ablation,1,ablated,page,1852878,1851836,1042,0,3
https://go.com/,entertainment,disney.demdex.net,ablation,1,ablated,third_party,1793284,1792243,1042,-1,3
https://go.com/,entertainment,disney.demdex.net,ablation,1,ablated,listed,252121,251080,1042,-1,3
https://harvard.edu/,reference,connect.facebook.net,ablation,0,control,page,3136088,2973978,161635,475,1
https://harvard.edu/,reference,connect.facebook.net,ablation,0,control,third_party,681477,519367,161635,475,1
https://harvard.edu/,reference,connect.facebook.net,ablation,0,control,listed,207620,45511,161635,474,1
https://harvard.edu/,reference,connect.facebook.net,ablation,1,ablated,page,3136042,2973979,161590,473,1
https://harvard.edu/,reference,connect.facebook.net,ablation,1,ablated,third_party,681431,519368,161590,473,1
https://harvard.edu/,reference,connect.facebook.net,ablation,1,ablated,listed,207575,45511,161590,474,1
https://harvard.edu/,reference,www.google-analytics.com,ablation,0,control,page,3135802,3112475,23532,-205,1
https://harvard.edu/,reference,www.google-analytics.com,ablation,0,control,third_party,681389,657864,23532,-7,1
https://harvard.edu/,reference,www.google-analytics.com,ablation,0,control,listed,207536,184005,23532,-1,1
https://harvard.edu/,reference,www.google-analytics.com,ablation,1,ablated,page,3136072,3112472,23572,28,1
https://harvard.edu/,reference,www.google-analytics.com,ablation,1,ablated,third_party,681461,657861,23572,28,1
https://harvard.edu/,reference,www.google-analytics.com,ablation,1,ablated,listed,207596,184005,23572,19,1
https://harvard.edu/,reference,cdn.parsely.com,ablation,0,control,page,3135807,3115802,20034,-29,2
https://harvard.edu/,reference,cdn.parsely.com,ablation,0,control,third_party,681394,661191,20034,169,2
https://harvard.edu/,reference,cdn.parsely.com,ablation,0,control,listed,207537,187333,20034,170,2
https://harvard.edu/,reference,cdn.parsely.com,ablation,1,ablated,page,3135995,3115602,20034,359,2
https://harvard.edu/,reference,cdn.parsely.com,ablation,1,ablated,third_party,681384,661189,20034,161,2
https://harvard.edu/,reference,cdn.parsely.com,ablation,1,ablated,listed,207576,187333,20034,209,2
https://hbr.org/,news,securepubads.g.doubleclick.net,ablation,0,control,page,7229184,3114138,254654,3860392,1
https://hbr.org/,news,securepubads.g.doubleclick.net,ablation,0,control,third_party,2584488,2075870,254654,253964,1
https://hbr.org/,news,securepubads.g.doubleclick.net,ablation,0,control,listed,528378,271287,254654,2437,1
https://hbr.org/,news,securepubads.g.doubleclick.net,ablation,1,ablated,page,3621906,6722265,254654,-3355013,1
https://hbr.org/,news,securepubads.g.doubleclick.net,ablation,1,ablated,third_party,2583626,2077582,254654,251390,1
https://hbr.org/,news,securepubads.g.doubleclick.net,ablation,1,ablated,listed,527429,272883,254654,-108,1
https://hbr.org/,news,b-code.liadm.com,ablation,0,control,page,3625913,7209115,51641,-3634843,1
https://hbr.org/,news,b-code.liadm.com,ablation,0,control,third_party,2587636,2564424,51641,-28429,1
https://hbr.org/,news,b-code.liadm.com,ablation,0,control,listed,530225,508355,51641,-29771,1
https://hbr.org/,news,b-code.liadm.com,ablation,1,ablated,page,3620105,7176763,51641,-3608299,1
https://hbr.org/,news,b-code.liadm.com,ablation,1,ablated,third_party,2585056,2532074,51641,1341,1
https://hbr.org/,news,b-code.liadm.com,ablation,1,ablated,listed,528871,475914,51641,1316,1
https://hbr.org/,news,ak.sail-horizon.com,ablation,0,control,page,3626222,7181098,49611,-3604487,1
https://hbr.org/,news,ak.sail-horizon.com,ablation,0,control,third_party,2587938,2536431,49611,1896,1
https://hbr.org/,news,ak.sail-horizon.com,ablation,0,control,listed,530470,480023,49611,836,1
https://hbr.org/,news,ak.sail-horizon.com,ablation,1,ablated,page,7230757,7178778,49611,2368,1
https://hbr.org/,news,ak.sail-horizon.com,ablation,1,ablated,third_party,2586089,2534110,49611,2368,1
https://hbr.org/,news,ak.sail-horizon.com,ablation,1,ablated,listed,530004,479106,49611,1287,1
https://hosting24.com/,productivity,cdn.amplitude.com,ablation,0,control,page,7271294,7058562,213029,-297,4
https://hosting24.com/,productivity,cdn.amplitude.com,ablation,0,control,third_party,7270216,7057484,213029,-297,4
https://hosting24.com/,productivity,cdn.amplitude.com,ablation,0,control,listed,273766,60310,213029,427,4
https://hosting24.com/,productivity,cdn.amplitude.com,ablation,1,ablated,page,7271591,7059445,213029,-883,4
https://hosting24.com/,productivity,cdn.amplitude.com,ablation,1,ablated,third_party,7270513,7058367,213029,-883,4
https://hosting24.com/,productivity,cdn.amplitude.com,ablation,1,ablated,listed,273762,60307,213029,426,4
https://hosting24.com/,productivity,widget.trustpilot.com,ablation,0,control,page,7271650,7231804,40119,-273,1
https://hosting24.com/,productivity,widget.trustpilot.com,ablation,0,control,third_party,7270572,7230728,40119,-275,1
https://hosting24.com/,productivity,widget.trustpilot.com,ablation,0,control,listed,273735,233616,40119,0,1
https://hosting24.com/,productivity,widget.trustpilot.com,ablation,1,ablated,page,7270104,7231697,40119,-1712,1
https://hosting24.com/,productivity,widget.trustpilot.com,ablation,1,ablated,third_party,7269026,7230619,40119,-1712,1
https://hosting24.com/,productivity,widget.trustpilot.com,ablation,1,ablated,listed,273735,233616,40119,0,1
https://hosting24.com/,productivity,static.cloudflareinsights.com,ablation,0,control,page,7272291,7257521,10483,4287,1
https://hosting24.com/,productivity,static.cloudflareinsights.com,ablation,0,control,third_party,7271213,7256809,10483,3921,1
https://hosting24.com/,productivity,static.cloudflareinsights.com,ablation,0,control,listed,273723,260916,10483,2324,1
https://hosting24.com/,productivity,static.cloudflareinsights.com,ablation,1,ablated,page,7271670,7258896,10495,2279,1
https://hosting24.com/,productivity,static.cloudflareinsights.com,ablation,1,ablated,third_party,7270592,7258530,10495,1567,1
https://hosting24.com/,productivity,static.cloudflareinsights.com,ablation,1,ablated,listed,273751,260916,10495,2340,1
https://hostinger.com/,productivity,cdn.amplitude.com,ablation,0,control,page,7270682,7058047,213018,-383,4
https://hostinger.com/,productivity,cdn.amplitude.com,ablation,0,control,third_party,3120657,2907153,213018,486,4
https://hostinger.com/,productivity,cdn.amplitude.com,ablation,0,control,listed,273755,60310,213018,427,4
https://hostinger.com/,productivity,cdn.amplitude.com,ablation,1,ablated,page,7270516,7057210,213018,288,4
https://hostinger.com/,productivity,cdn.amplitude.com,ablation,1,ablated,third_party,3120626,2906509,213018,1099,4
https://hostinger.com/,productivity,cdn.amplitude.com,ablation,1,ablated,listed,273755,60310,213018,427,4
https://hostinger.com/,productivity,widget.trustpilot.com,ablation,0,control,page,7271506,7230678,40119,709,1
https://hostinger.com/,productivity,widget.trustpilot.com,ablation,0,control,third_party,3120650,3080524,40119,7,1
https://hostinger.com/,productivity,widget.trustpilot.com,ablation,0,control,listed,273755,233636,40119,0,1
https://hostinger.com/,productivity,widget.trustpilot.com,ablation,1,ablated,page,7270854,7234343,40119,-3608,1
https://hostinger.com/,productivity,widget.trustpilot.com,ablation,1,ablated,third_party,3120239,3080451,40119,-331,1
https://hostinger.com/,productivity,widget.trustpilot.com,ablation,1,ablated,listed,273737,233614,40119,4,1
https://hostinger.com/,productivity,static.cloudflareinsights.com,ablation,0,control,page,7271181,7259048,10495,1638,1
https://hostinger.com/,productivity,static.cloudflareinsights.com,ablation,0,control,third_party,3120641,3108594,10495,1552,1
https://hostinger.com/,productivity,static.cloudflareinsights.com,ablation,0,control,listed,273737,260918,10495,2324,1
https://hostinger.com/,productivity,static.cloudflareinsights.com,ablation,1,ablated,page,7268837,7261936,10495,-3594,1
https://hostinger.com/,productivity,static.cloudflareinsights.com,ablation,1,ablated,third_party,3118477,3881424,10495,-773442,1
https://hostinger.com/,productivity,static.cloudflareinsights.com,ablation,1,ablated,listed,271980,263146,10495,-1661,1
https://imgsmail.ru/,infrastructure,yandex.ru,ablation,0,control,page,14219621,9798341,606364,3814916,6
https://imgsmail.ru/,infrastructure,yandex.ru,ablation,0,control,third_party,13253373,8831670,606364,3815339,6
https://imgsmail.ru/,infrastructure,yandex.ru,ablation,0,control,listed,1065750,516263,606364,-56877,6
https://imgsmail.ru/,infrastructure,yandex.ru,ablation,1,ablated,page,11030298,9494335,704209,831754,6
https://imgsmail.ru/,infrastructure,yandex.ru,ablation,1,ablated,third_party,10064050,8528081,704209,831760,6
https://imgsmail.ru/,infrastructure,yandex.ru,ablation,1,ablated,listed,1162630,508106,704209,-49685,6
https://imgsmail.ru/,infrastructure,mc.yandex.ru,ablation,0,control,page,11930726,10406626,152038,1372062,3
https://imgsmail.ru/,infrastructure,mc.yandex.ru,ablation,0,control,third_party,10964476,9440375,152038,1372063,3
https://imgsmail.ru/,infrastructure,mc.yandex.ru,ablation,0,control,listed,1089750,970300,152038,-32588,3
https://imgsmail.ru/,infrastructure,mc.yandex.ru,ablation,1,ablated,page,11959262,12096580,152038,-289356,3
https://imgsmail.ru/,infrastructure,mc.yandex.ru,ablation,1,ablated,third_party,10993016,11130657,152038,-289679,3
https://imgsmail.ru/,infrastructure,mc.yandex.ru,ablation,1,ablated,listed,1107514,921878,152038,33598,3
https://imgsmail.ru/,infrastructure,top-fwz1.mail.ru,ablation,0,control,page,11899303,8744184,62525,3092594,2
https://imgsmail.ru/,infrastructure,top-fwz1.mail.ru,ablation,0,control,third_party,10933053,7777031,62525,3093497,2
https://imgsmail.ru/,infrastructure,top-fwz1.mail.ru,ablation,0,control,listed,1234815,1222390,62525,-50100,2
https://imgsmail.ru/,infrastructure,top-fwz1.mail.ru,ablation,1,ablated,page,10745965,9581021,62525,1102419,2
https://imgsmail.ru/,infrastructure,top-fwz1.mail.ru,ablation,1,ablated,third_party,9780053,8614770,62525,1102758,2
https://imgsmail.ru/,infrastructure,top-fwz1.mail.ru,ablation,1,ablated,listed,1015080,1232477,62525,-279922,2
https://imgur.com/,social,securepubads.g.doubleclick.net,ablation,0,control,page,8232925,7854160,257608,121157,2
https://imgur.com/,social,securepubads.g.doubleclick.net,ablation,0,control,third_party,1978034,1599730,257608,120696,2
https://imgur.com/,social,securepubads.g.doubleclick.net,ablation,0,control,listed,635310,481122,257608,-103420,2
https://imgur.com/,social,securepubads.g.doubleclick.net,ablation,1,ablated,page,8336171,8064621,256947,14603,2
https://imgur.com/,social,securepubads.g.doubleclick.net,ablation,1,ablated,third_party,2081281,1810165,256947,14169,2
https://imgur.com/,social,securepubads.g.doubleclick.net,ablation,1,ablated,listed,733220,625272,256947,-148999,2
https://imgur.com/,social,quicklyedit.com,ablation,0,control,page,8231114,8220795,48432,-38113,1
https://imgur.com/,social,quicklyedit.com,ablation,0,control,third_party,1976656,1965896,48432,-37672,1
https://imgur.com/,social,quicklyedit.com,ablation,0,control,listed,633869,682837,48432,-97400,1
https://imgur.com/,social,quicklyedit.com,ablation,1,ablated,page,8232435,8123247,48460,60728,1
https://imgur.com/,social,quicklyedit.com,ablation,1,ablated,third_party,1977998,1868810,48460,60728,1
https://imgur.com/,social,quicklyedit.com,ablation,1,ablated,listed,635141,586010,48460,671,1
https://imgur.com/,social,btloader.com,ablation,0,control,page,8232328,8179136,36649,16543,2
https://imgur.com/,social,btloader.com,ablation,0,control,third_party,1977894,1924243,36649,17002,2
https://imgur.com/,social,btloader.com,ablation,0,control,listed,634663,581847,36649,16167,2
https://imgur.com/,social,btloader.com,ablation,1,ablated,page,8232135,8178613,36515,17007,2
https://imgur.com/,social,btloader.com,ablation,1,ablated,third_party,1977695,1923720,36515,17460,2
https://imgur.com/,social,btloader.com,ablation,1,ablated,listed,635077,581835,36515,16727,2
https://independent.co.uk/,news,5d79bce7-5d2b-427e-a6c4-b89b6c7bf048.edge.permutive.app,ablation,0,control,page,6771087,6500938,272880,-2731,1
https://independent.co.uk/,news,5d79bce7-5d2b-427e-a6c4-b89b6c7bf048.edge.permutive.app,ablation,0,control,third_party,1910573,1638277,272880,-584,1
https://independent.co.uk/,news,5d79bce7-5d2b-427e-a6c4-b89b6c7bf048.edge.permutive.app,ablation,0,control,listed,823138,550864,272880,-606,1
https://independent.co.uk/,news,5d79bce7-5d2b-427e-a6c4-b89b6c7bf048.edge.permutive.app,ablation,1,ablated,page,6773656,6499092,272880,1684,1
https://independent.co.uk/,news,5d79bce7-5d2b-427e-a6c4-b89b6c7bf048.edge.permutive.app,ablation,1,ablated,third_party,1910326,1637424,272880,22,1
https://independent.co.uk/,news,5d79bce7-5d2b-427e-a6c4-b89b6c7bf048.edge.permutive.app,ablation,1,ablated,listed,823136,550333,272880,-77,1
https://independent.co.uk/,news,securepubads.g.doubleclick.net,ablation,0,control,page,6772478,6516205,257275,-1002,2
https://independent.co.uk/,news,securepubads.g.doubleclick.net,ablation,0,control,third_party,1910818,1653152,257275,391,2
https://independent.co.uk/,news,securepubads.g.doubleclick.net,ablation,0,control,listed,823729,565965,257275,489,2
https://independent.co.uk/,news,securepubads.g.doubleclick.net,ablation,1,ablated,page,6771435,6513484,255470,2481,2
https://independent.co.uk/,news,securepubads.g.doubleclick.net,ablation,1,ablated,third_party,1909403,1652910,255470,1023,2
https://independent.co.uk/,news,securepubads.g.doubleclick.net,ablation,1,ablated,listed,822052,565902,255470,680,2
https://independent.co.uk/,news,ats-wrapper.privacymanager.io,ablation,0,control,page,6771981,6690261,79905,1815,2
https://independent.co.uk/,news,ats-wrapper.privacymanager.io,ablation,0,control,third_party,1910723,1827996,79905,2822,2
https://independent.co.uk/,news,ats-wrapper.privacymanager.io,ablation,0,control,listed,823689,740821,79905,2963,2
https://independent.co.uk/,news,ats-wrapper.privacymanager.io,ablation,1,ablated,page,6773168,6691774,79905,1489,2
https://independent.co.uk/,news,ats-wrapper.privacymanager.io,ablation,1,ablated,third_party,1910390,1829407,79905,1078,2
https://independent.co.uk/,news,ats-wrapper.privacymanager.io,ablation,1,ablated,listed,823263,742111,79905,1247,2
https://indiatimes.com/,news,pagead2.googlesyndication.com,ablation,0,control,page,2856441,2097071,507317,252053,5
https://indiatimes.com/,news,pagead2.googlesyndication.com,ablation,0,control,third_party,2333647,1574284,507317,252046,5
https://indiatimes.com/,news,pagead2.googlesyndication.com,ablation,0,control,listed,1365654,613617,507317,244720,5
https://indiatimes.com/,news,pagead2.googlesyndication.com,ablation,1,ablated,page,3024282,2127988,322856,573438,6
https://indiatimes.com/,news,pagead2.googlesyndication.com,ablation,1,ablated,third_party,2501478,1605195,322856,573427,6
https://indiatimes.com/,news,pagead2.googlesyndication.com,ablation,1,ablated,listed,1529881,637218,322856,569807,6
https://indiatimes.com/,news,securepubads.g.doubleclick.net,ablation,0,control,page,2888387,1696726,258855,932806,2
https://indiatimes.com/,news,securepubads.g.doubleclick.net,ablation,0,control,third_party,2365575,1173930,258855,932790,2
https://indiatimes.com/,news,securepubads.g.doubleclick.net,ablation,0,control,listed,1397569,224544,258855,914170,2
https://indiatimes.com/,news,securepubads.g.doubleclick.net,ablation,1,ablated,page,2564354,1696792,259220,608342,2
https://indiatimes.com/,news,securepubads.g.doubleclick.net,ablation,1,ablated,third_party,2041544,1173977,259220,608347,2
https://indiatimes.com/,news,securepubads.g.doubleclick.net,ablation,1,ablated,listed,1073608,224450,259220,589938,2
https://indiatimes.com/,news,c.amazon-adsystem.com,ablation,0,control,page,2678547,2372206,98824,207517,2
https://indiatimes.com/,news,c.amazon-adsystem.com,ablation,0,control,third_party,2155732,1849419,98824,207489,2
https://indiatimes.com/,news,c.amazon-adsystem.com,ablation,0,control,listed,1187705,884970,98824,203911,2
https://indiatimes.com/,news,c.amazon-adsystem.com,ablation,1,ablated,page,3131776,2816775,98824,216177,2
https://indiatimes.com/,news,c.amazon-adsystem.com,ablation,1,ablated,third_party,2609742,2293962,98824,216956,2
https://indiatimes.com/,news,c.amazon-adsystem.com,ablation,1,ablated,listed,1641617,1331206,98824,211587,2
https://inmobi.com/,productivity,snap.licdn.com,ablation,0,control,page,2138436,2089074,47783,1579,2
https://inmobi.com/,productivity,snap.licdn.com,ablation,0,control,third_party,1808230,1758869,47783,1578,2
https://inmobi.com/,productivity,snap.licdn.com,ablation,0,control,listed,998143,948804,47783,1556,2
https://inmobi.com/,productivity,snap.licdn.com,ablation,1,ablated,page,2136792,2088507,47783,502,2
https://inmobi.com/,productivity,snap.licdn.com,ablation,1,ablated,third_party,1806586,1758299,47783,504,2
https://inmobi.com/,productivity,snap.licdn.com,ablation,1,ablated,listed,996318,948159,47783,376,2
https://inmobi.com/,productivity,js.hs-analytics.net,ablation,0,control,page,2136765,2091479,44094,1192,1
https://inmobi.com/,productivity,js.hs-analytics.net,ablation,0,control,third_party,1806894,1761273,44094,1527,1
https://inmobi.com/,productivity,js.hs-analytics.net,ablation,0,control,listed,996808,951187,44094,1527,1
https://inmobi.com/,productivity,js.hs-analytics.net,ablation,1,ablated,page,2134466,2092126,44094,-1754,1
https://inmobi.com/,productivity,js.hs-analytics.net,ablation,1,ablated,third_party,1804260,1761921,44094,-1755,1
https://inmobi.com/,productivity,js.hs-analytics.net,ablation,1,ablated,listed,994175,951246,44094,-1165,1
https://inmobi.com/,productivity,s.adroll.com,ablation,0,control,page,2134541,2071274,35152,28115,1
https://inmobi.com/,productivity,s.adroll.com,ablation,0,control,third_party,1804335,1741073,35152,28110,1
https://inmobi.com/,productivity,s.adroll.com,ablation,0,control,listed,994249,930405,35152,28692,1
https://inmobi.com/,productivity,s.adroll.com,ablation,1,ablated,page,2133119,2071649,35152,26318,1
https://inmobi.com/,productivity,s.adroll.com,ablation,1,ablated,third_party,1802917,1741777,35152,25988,1
https://inmobi.com/,productivity,s.adroll.com,ablation,1,ablated,listed,992827,930984,35152,26691,1
https://ipify.org/,infrastructure,js.hs-analytics.net,ablation,0,control,page,1246974,1110146,43838,92990,1
https://ipify.org/,infrastructure,js.hs-analytics.net,ablation,0,control,third_party,1043248,906446,43838,92964,1
https://ipify.org/,infrastructure,js.hs-analytics.net,ablation,0,control,listed,171523,124727,43838,2958,1
https://ipify.org/,infrastructure,js.hs-analytics.net,ablation,1,ablated,page,1247193,1110340,43838,93015,1
https://ipify.org/,infrastructure,js.hs-analytics.net,ablation,1,ablated,third_party,1043464,906641,43838,92985,1
https://ipify.org/,infrastructure,js.hs-analytics.net,ablation,1,ablated,listed,171523,124721,43838,2964,1
https://ipify.org/,infrastructure,js.hubspot.com,ablation,0,control,page,1246924,1217910,31266,-2252,1
https://ipify.org/,infrastructure,js.hubspot.com,ablation,0,control,third_party,1043197,1014181,31266,-2250,1
https://ipify.org/,infrastructure,js.hubspot.com,ablation,0,control,listed,171535,143480,31266,-3211,1
https://ipify.org/,infrastructure,js.hubspot.com,ablation,1,ablated,page,1251434,1213054,31263,7117,1
https://ipify.org/,infrastructure,js.hubspot.com,ablation,1,ablated,third_party,1048059,1009326,31263,7470,1
https://ipify.org/,infrastructure,js.hubspot.com,ablation,1,ablated,listed,176351,138665,31263,6423,1
https://ipify.org/,infrastructure,js.hs-banner.com,ablation,0,control,page,1247197,888204,25069,333924,1
https://ipify.org/,infrastructure,js.hs-banner.com,ablation,0,control,third_party,1043470,684475,25069,333926,1
https://ipify.org/,infrastructure,js.hs-banner.com,ablation,0,control,listed,171560,144411,25069,2080,1
https://ipify.org/,infrastructure,js.hs-banner.com,ablation,1,ablated,page,912905,866462,25069,21374,1
https://ipify.org/,infrastructure,js.hs-banner.com,ablation,1,ablated,third_party,709529,662735,25069,21725,1
https://ipify.org/,infrastructure,js.hs-banner.com,ablation,1,ablated,listed,169459,122664,25069,21726,1
https://ivi.ru/,entertainment,mc.yandex.ru,ablation,0,control,page,2661258,2626766,92008,-57516,1
https://ivi.ru/,entertainment,mc.yandex.ru,ablation,0,control,third_party,734786,637007,92008,5771,1
https://ivi.ru/,entertainment,mc.yandex.ru,ablation,0,control,listed,278495,180136,92008,6351,1
https://ivi.ru/,entertainment,mc.yandex.ru,ablation,1,ablated,page,2726193,2628449,92008,5736,1
https://ivi.ru/,entertainment,mc.yandex.ru,ablation,1,ablated,third_party,736045,638835,92008,5202,1
https://ivi.ru/,entertainment,mc.yandex.ru,ablation,1,ablated,listed,279162,181618,92008,5536,1
https://ivi.ru/,entertainment,api.flocktory.com,ablation,0,control,page,2724773,2702539,78751,-56517,1
https://ivi.ru/,entertainment,api.flocktory.com,ablation,0,control,third_party,735096,659377,78751,-3032,1
https://ivi.ru/,entertainment,api.flocktory.com,ablation,0,control,listed,277875,201005,78751,-1881,1
https://ivi.ru/,entertainment,api.flocktory.com,ablation,1,ablated,page,2661679,2582679,78749,251,1
https://ivi.ru/,entertainment,api.flocktory.com,ablation,1,ablated,third_party,734812,656122,78749,-59,1
https://ivi.ru/,entertainment,api.flocktory.com,ablation,1,ablated,listed,278480,199801,78749,-70,1
https://ivi.ru/,entertainment,top-fwz1.mail.ru,ablation,0,control,page,2797890,2590292,54943,152655,2
https://ivi.ru/,entertainment,top-fwz1.mail.ru,ablation,0,control,third_party,734733,656933,54943,22857,2
https://ivi.ru/,entertainment,top-fwz1.mail.ru,ablation,0,control,listed,278337,200261,54943,23133,2
https://ivi.ru/,entertainment,top-fwz1.mail.ru,ablation,1,ablated,page,0,2719005,0,-2719005,2
https://ivi.ru/,entertainment,top-fwz1.mail.ru,ablation,1,ablated,third_party,0,655836,0,-655836,2
https://ivi.ru/,entertainment,top-fwz1.mail.ru,ablation,1,ablated,listed,0,199446,0,-199446,2
https://kick.com/,entertainment,connect.facebook.net,ablation,0,control,page,6755545,6502362,258975,-5792,1
https://kick.com/,entertainment,connect.facebook.net,ablation,0,control,third_party,2248700,1987963,258975,1762,1
https://kick.com/,entertainment,connect.facebook.net,ablation,0,control,listed,1098279,837889,258975,1415,1
https://kick.com/,entertainment,connect.facebook.net,ablation,1,ablated,page,6763391,6487792,258995,16604,1
https://kick.com/,entertainment,connect.facebook.net,ablation,1,ablated,third_party,2263630,1989116,258995,15519,1
https://kick.com/,entertainment,connect.facebook.net,ablation,1,ablated,listed,1098770,839086,258995,689,1
https://kick.com/,entertainment,pagead2.googlesyndication.com,ablation,0,control,page,7387081,7125040,256709,5332,5
https://kick.com/,entertainment,pagead2.googlesyndication.com,ablation,0,control,third_party,2262417,2005576,256709,132,5
https://kick.com/,entertainment,pagead2.googlesyndication.com,ablation,0,control,listed,1097437,840715,256709,13,5
https://kick.com/,entertainment,pagead2.googlesyndication.com,ablation,1,ablated,page,7512282,8107942,258458,-854118,5
https://kick.com/,entertainment,pagead2.googlesyndication.com,ablation,1,ablated,third_party,2266936,2009796,258458,-1318,5
https://kick.com/,entertainment,pagead2.googlesyndication.com,ablation,1,ablated,listed,1101913,843567,258458,-112,5
https://kick.com/,entertainment,analytics.tiktok.com,ablation,0,control,page,7486318,7308739,166636,10943,1
https://kick.com/,entertainment,analytics.tiktok.com,ablation,0,control,third_party,2252256,2081663,166636,3957,1
https://kick.com/,entertainment,analytics.tiktok.com,ablation,0,control,listed,1101891,932506,166636,2749,1
https://kick.com/,entertainment,analytics.tiktok.com,ablation,1,ablated,page,7452721,7299144,166699,-13122,1
https://kick.com/,entertainment,analytics.tiktok.com,ablation,1,ablated,third_party,2249096,2081419,166699,978,1
https://kick.com/,entertainment,analytics.tiktok.com,ablation,1,ablated,listed,1098649,932455,166699,-505,1
https://kleinanzeigen.de/,shopping,pagead2.googlesyndication.com,ablation,0,control,page,1589484,1580215,560,8709,2
https://kleinanzeigen.de/,shopping,pagead2.googlesyndication.com,ablation,0,control,third_party,5491,4919,560,12,2
https://kleinanzeigen.de/,shopping,pagead2.googlesyndication.com,ablation,0,control,listed,560,0,560,0,2
https://kleinanzeigen.de/,shopping,pagead2.googlesyndication.com,ablation,1,ablated,page,1680897,1574830,560,105507,2
https://kleinanzeigen.de/,shopping,pagead2.googlesyndication.com,ablation,1,ablated,third_party,6079,5519,560,0,2
https://kleinanzeigen.de/,shopping,pagead2.googlesyndication.com,ablation,1,ablated,listed,560,0,560,0,2
https://line.me/,social,region1.google-analytics.com,ablation,0,control,page,29474177,24798428,834,4674915,1
https://line.me/,social,region1.google-analytics.com,ablation,0,control,third_party,28945602,24270867,834,4673901,1
https://line.me/,social,region1.google-analytics.com,ablation,0,control,listed,834,0,834,0,1
https://line.me/,social,region1.google-analytics.com,ablation,1,ablated,page,27613322,27676639,834,-64151,1
https://line.me/,social,region1.google-analytics.com,ablation,1,ablated,third_party,27084747,27148064,834,-64151,1
https://line.me/,social,region1.google-analytics.com,ablation,1,ablated,listed,834,0,834,0,1
https://linktr.ee/,social,pagead2.googlesyndication.com,ablation,0,control,page,4802484,4799831,1647,1006,6
https://linktr.ee/,social,pagead2.googlesyndication.com,ablation,0,control,third_party,640924,638272,1647,1005,6
https://linktr.ee/,social,pagead2.googlesyndication.com,ablation,0,control,listed,1647,0,1647,0,6
https://linktr.ee/,social,pagead2.googlesyndication.com,ablation,1,ablated,page,4801478,4799861,1647,-30,6
https://linktr.ee/,social,pagead2.googlesyndication.com,ablation,1,ablated,third_party,639919,638272,1647,0,6
https://linktr.ee/,social,pagead2.googlesyndication.com,ablation,1,ablated,listed,1647,0,1647,0,6
https://livejournal.com/,social,yandex.ru,ablation,0,control,page,3228791,2642955,236147,349689,3
https://livejournal.com/,social,yandex.ru,ablation,0,control,third_party,2813933,2227824,236147,349962,3
https://livejournal.com/,social,yandex.ru,ablation,0,control,listed,661107,421207,236147,3753,3
https://livejournal.com/,social,yandex.ru,ablation,1,ablated,page,3145952,2642112,165773,338067,3
https://livejournal.com/,social,yandex.ru,ablation,1,ablated,third_party,2730832,2226953,165773,338106,3
https://livejournal.com/,social,yandex.ru,ablation,1,ablated,listed,593012,422136,165773,5103,3
https://livejournal.com/,social,ssp.rambler.ru,ablation,0,control,page,3170777,2417450,107676,645651,2
https://livejournal.com/,social,ssp.rambler.ru,ablation,0,control,third_party,2754766,2002313,107676,644777,2
https://livejournal.com/,social,ssp.rambler.ru,ablation,0,control,listed,582265,247017,107676,227572,2
https://livejournal.com/,social,ssp.rambler.ru,ablation,1,ablated,page,3123581,2417331,107676,598574,2
https://livejournal.com/,social,ssp.rambler.ru,ablation,1,ablated,third_party,2707729,2002303,107676,597750,2
https://livejournal.com/,social,ssp.rambler.ru,ablation,1,ablated,listed,567873,247013,107676,213184,2
https://livejournal.com/,social,mc.webvisor.org,ablation,0,control,page,3202456,3240459,92220,-130223,1
https://livejournal.com/,social,mc.webvisor.org,ablation,0,control,third_party,2786346,2824482,92220,-130356,1
https://livejournal.com/,social,mc.webvisor.org,ablation,0,control,listed,643638,570245,92220,-18827,1
https://livejournal.com/,social,mc.webvisor.org,ablation,1,ablated,page,3121840,3100213,92220,-70593,1
https://livejournal.com/,social,mc.webvisor.org,ablation,1,ablated,third_party,2706207,2684588,92220,-70601,1
https://livejournal.com/,social,mc.webvisor.org,ablation,1,ablated,listed,563133,541987,92220,-71074,1
https://mail.ru/,news,yandex.ru,ablation,0,control,page,12546889,9065991,753912,2726986,6
https://mail.ru/,news,yandex.ru,ablation,0,control,third_party,12062332,8596581,753912,2711839,6
https://mail.ru/,news,yandex.ru,ablation,0,control,listed,734870,43786,753912,-62828,6
https://mail.ru/,news,yandex.ru,ablation,1,ablated,page,9259686,8721686,820689,-282689,6
https://mail.ru/,news,yandex.ru,ablation,1,ablated,third_party,8789876,8255736,820689,-286549,6
https://mail.ru/,news,yandex.ru,ablation,1,ablated,listed,786242,43538,820689,-77985,6
https://mail.ru/,news,mc.yandex.ru,ablation,0,control,page,11135142,11208297,152038,-225193,3
https://mail.ru/,news,mc.yandex.ru,ablation,0,control,third_party,10660126,10727409,152038,-219321,3
https://mail.ru/,news,mc.yandex.ru,ablation,0,control,listed,635612,479042,152038,4532,3
https://mail.ru/,news,mc.yandex.ru,ablation,1,ablated,page,9746734,11866142,152038,-2271446,3
https://mail.ru/,news,mc.yandex.ru,ablation,1,ablated,third_party,9276707,11386645,152038,-2261976,3
https://mail.ru/,news,mc.yandex.ru,ablation,1,ablated,listed,858293,546938,152038,159317,3
https://mail.ru/,news,vk.com,ablation,0,control,page,9967320,11143083,39553,-1215316,2
https://mail.ru/,news,vk.com,ablation,0,control,third_party,9497177,10669754,39553,-1212130,2
https://mail.ru/,news,vk.com,ablation,0,control,listed,745664,611488,39553,94623,2
https://mail.ru/,news,vk.com,ablation,1,ablated,page,11625488,12393147,41229,-808888,2
https://mail.ru/,news,vk.com,ablation,1,ablated,third_party,11145733,11907806,41229,-803302,2
https://mail.ru/,news,vk.com,ablation,1,ablated,listed,778088,662173,41229,74686,2
https://mailchimp.com/,productivity,s2.go-mpulse.net,ablation,0,control,page,3593144,3469812,118330,5002,4
https://mailchimp.com/,productivity,s2.go-mpulse.net,ablation,0,control,third_party,994168,869426,118330,6412,4
https://mailchimp.com/,productivity,s2.go-mpulse.net,ablation,0,control,listed,519170,395707,118330,5133,4
https://mailchimp.com/,productivity,s2.go-mpulse.net,ablation,1,ablated,page,3602249,3473385,118330,10534,4
https://mailchimp.com/,productivity,s2.go-mpulse.net,ablation,1,ablated,third_party,994751,873055,118330,3366,4
https://mailchimp.com/,productivity,s2.go-mpulse.net,ablation,1,ablated,listed,519415,398148,118330,2937,4
https://mailchimp.com/,productivity,bat.bing.com,ablation,0,control,page,3600653,3566524,35115,-986,1
https://mailchimp.com/,productivity,bat.bing.com,ablation,0,control,third_party,992927,957518,35115,294,1
https://mailchimp.com/,productivity,bat.bing.com,ablation,0,control,listed,517474,482393,35115,-34,1
https://mailchimp.com/,productivity,bat.bing.com,ablation,1,ablated,page,3602613,3573741,35115,-6243,1
https://mailchimp.com/,productivity,bat.bing.com,ablation,1,ablated,third_party,995091,959096,35115,880,1
https://mailchimp.com/,productivity,bat.bing.com,ablation,1,ablated,listed,519426,484364,35115,-53,1
https://mailchimp.com/,productivity,cdn.segment.com,ablation,0,control,page,3601286,3498838,32857,69591,4
https://mailchimp.com/,productivity,cdn.segment.com,ablation,0,control,third_party,993664,957890,32857,2917,4
https://mailchimp.com/,productivity,cdn.segment.com,ablation,0,control,listed,519065,485756,32857,452,4
https://mailchimp.com/,productivity,cdn.segment.com,ablation,1,ablated,page,3280685,3508128,32857,-260300,4
https://mailchimp.com/,productivity,cdn.segment.com,ablation,1,ablated,third_party,890733,958272,32857,-100396,4
https://mailchimp.com/,productivity,cdn.segment.com,ablation,1,ablated,listed,421559,485511,32857,-96809,4
https://mediatek.com/,productivity,connect.facebook.net,ablation,0,control,page,5077849,4815683,258906,3260,1
https://mediatek.com/,productivity,connect.facebook.net,ablation,0,control,third_party,2449787,2189796,258906,1085,1
https://mediatek.com/,productivity,connect.facebook.net,ablation,0,control,listed,472227,212536,258906,785,1
https://mediatek.com/,productivity,connect.facebook.net,ablation,1,ablated,page,5082916,4817258,258901,6757,1
https://mediatek.com/,productivity,connect.facebook.net,ablation,1,ablated,third_party,2448549,2189322,258901,326,1
https://mediatek.com/,productivity,connect.facebook.net,ablation,1,ablated,listed,471006,211997,258901,108,1
https://mediatek.com/,productivity,snap.licdn.com,ablation,0,control,page,5078025,5029594,47875,556,2
https://mediatek.com/,productivity,snap.licdn.com,ablation,0,control,third_party,2449533,2400038,47875,1620,2
https://mediatek.com/,productivity,snap.licdn.com,ablation,0,control,listed,471966,421754,47875,2337,2
https://mediatek.com/,productivity,snap.licdn.com,ablation,1,ablated,page,5079284,5026267,47875,5142,2
https://mediatek.com/,productivity,snap.licdn.com,ablation,1,ablated,third_party,2454088,2399373,47875,6840,2
https://mediatek.com/,productivity,snap.licdn.com,ablation,1,ablated,listed,472178,421781,47875,2522,2
https://mediatek.com/,productivity,js.hs-analytics.net,ablation,0,control,page,5076205,5028699,44257,3249,1
https://mediatek.com/,productivity,js.hs-analytics.net,ablation,0,control,third_party,2449407,2403176,44257,1974,1
https://mediatek.com/,productivity,js.hs-analytics.net,ablation,0,control,listed,471881,425637,44257,1987,1
https://mediatek.com/,productivity,js.hs-analytics.net,ablation,1,ablated,page,5079347,5031046,44258,4043,1
https://mediatek.com/,productivity,js.hs-analytics.net,ablation,1,ablated,third_party,2449730,2402906,44258,2566,1
https://mediatek.com/,productivity,js.hs-analytics.net,ablation,1,ablated,listed,472171,425625,44258,2288,1
https://mlb.com/,news,analytics.tiktok.com,ablation,0,control,page,95918047,96118827,679469,-880249,5
https://mlb.com/,news,analytics.tiktok.com,ablation,0,control,third_party,22520738,22726910,679469,-885641,5
https://mlb.com/,news,analytics.tiktok.com,ablation,0,control,listed,2952767,2178069,679469,95229,5
https://mlb.com/,news,analytics.tiktok.com,ablation,1,ablated,page,101168460,24305742,680725,76181993,5
https://mlb.com/,news,analytics.tiktok.com,ablation,1,ablated,third_party,23264262,22251354,680725,332183,5
https://mlb.com/,news,analytics.tiktok.com,ablation,1,ablated,listed,2963324,2229303,680725,53296,5
https://mlb.com/,news,pagead2.googlesyndication.com,ablation,0,control,page,83742674,98656027,576335,-15489688,14
https://mlb.com/,news,pagead2.googlesyndication.com,ablation,0,control,third_party,23469645,22383733,576335,509577,14
https://mlb.com/,news,pagead2.googlesyndication.com,ablation,0,control,listed,2919973,2082556,576335,261082,14
https://mlb.com/,news,pagead2.googlesyndication.com,ablation,1,ablated,page,96624182,56139336,506350,39978496,14
https://mlb.com/,news,pagead2.googlesyndication.com,ablation,1,ablated,third_party,23225536,22012040,506350,707146,14
https://mlb.com/,news,pagead2.googlesyndication.com,ablation,1,ablated,listed,2892659,2086928,506350,299381,14
https://mlb.com/,news,connect.facebook.net,ablation,0,control,page,65881399,95995644,291258,-30405503,1
https://mlb.com/,news,connect.facebook.net,ablation,0,control,third_party,23069980,22773835,291258,4887,1
https://mlb.com/,news,connect.facebook.net,ablation,0,control,listed,2897445,2623466,291258,-17279,1
https://mlb.com/,news,connect.facebook.net,ablation,1,ablated,page,95802494,95924630,291277,-413413,1
https://mlb.com/,news,connect.facebook.net,ablation,1,ablated,third_party,22580703,22702088,291277,-412662,1
https://mlb.com/,news,connect.facebook.net,ablation,1,ablated,listed,2854372,2618242,291277,-55147,1
https://nasa.gov/,reference,cdn.parsely.com,ablation,0,control,page,11460625,11272616,27117,160892,2
https://nasa.gov/,reference,cdn.parsely.com,ablation,0,control,third_party,682755,494744,27117,160894,2
https://nasa.gov/,reference,cdn.parsely.com,ablation,0,control,listed,30213,2465,27117,631,2
https://nasa.gov/,reference,cdn.parsely.com,ablation,1,ablated,page,11299193,11272884,27117,-808,2
https://nasa.gov/,reference,cdn.parsely.com,ablation,1,ablated,third_party,521056,494747,27117,-808,2
https://nasa.gov/,reference,cdn.parsely.com,ablation,1,ablated,listed,28583,2465,27117,-999,2
https://nasa.gov/,reference,region1.google-analytics.com,ablation,0,control,page,11300629,11298188,2465,-24,3
https://nasa.gov/,reference,region1.google-analytics.com,ablation,0,control,third_party,522492,520051,2465,-24,3
https://nasa.gov/,reference,region1.google-analytics.com,ablation,0,control,listed,30213,27748,2465,0,3
https://nasa.gov/,reference,region1.google-analytics.com,ablation,1,ablated,page,11298735,11298317,835,-417,3
https://nasa.gov/,reference,region1.google-analytics.com,ablation,1,ablated,third_party,520862,520179,835,-152,3
https://nasa.gov/,reference,region1.google-analytics.com,ablation,1,ablated,listed,28583,27748,835,0,3
https://nature.com/,reference,pagead2.googlesyndication.com,ablation,0,control,page,1588660,1333468,255178,14,1
https://nature.com/,reference,pagead2.googlesyndication.com,ablation,0,control,third_party,947478,692287,255178,13,1
https://nature.com/,reference,pagead2.googlesyndication.com,ablation,0,control,listed,370572,115394,255178,0,1
https://nature.com/,reference,pagead2.googlesyndication.com,ablation,1,ablated,page,1589527,1332023,257024,480,1
https://nature.com/,reference,pagead2.googlesyndication.com,ablation,1,ablated,third_party,949313,692287,257024,2,1
https://nature.com/,reference,pagead2.googlesyndication.com,ablation,1,ablated,listed,372418,115394,257024,0,1
https://nature.com/,reference,scripts.webcontentassessor.com,ablation,0,control,page,1588794,1475102,115394,-1702,1
https://nature.com/,reference,scripts.webcontentassessor.com,ablation,0,control,third_party,948833,833919,115394,-480,1
https://nature.com/,reference,scripts.webcontentassessor.com,ablation,0,control,listed,371941,257026,115394,-479,1
https://nature.com/,reference,scripts.webcontentassessor.com,ablation,1,ablated,page,1590707,1474626,115394,687,1
https://nature.com/,reference,scripts.webcontentassessor.com,ablation,1,ablated,third_party,949499,833442,115394,663,1
https://nature.com/,reference,scripts.webcontentassessor.com,ablation,1,ablated,listed,372606,256549,115394,663,1
https://nbcnews.com/,news,cdn.taboola.com,ablation,0,control,page,8142892,7717251,368224,57417,1
https://nbcnews.com/,news,cdn.taboola.com,ablation,0,control,third_party,5782009,5354980,368224,58805,1
https://nbcnews.com/,news,cdn.taboola.com,ablation,0,control,listed,2177838,1750887,368224,58727,1
https://nbcnews.com/,news,cdn.taboola.com,ablation,1,ablated,page,8184721,7604876,368242,211603,1
https://nbcnews.com/,news,cdn.taboola.com,ablation,1,ablated,third_party,5824003,5243796,368242,211965,1
https://nbcnews.com/,news,cdn.taboola.com,ablation,1,ablated,listed,2219159,1643452,368242,207465,1
https://nbcnews.com/,news,securepubads.g.doubleclick.net,ablation,0,control,page,8183038,7357859,256102,569077,1
https://nbcnews.com/,news,securepubads.g.doubleclick.net,ablation,0,control,third_party,5822637,4997476,256102,569059,1
https://nbcnews.com/,news,securepubads.g.doubleclick.net,ablation,0,control,listed,2218324,1395617,256102,566605,1
https://nbcnews.com/,news,securepubads.g.doubleclick.net,ablation,1,ablated,page,8187500,7364790,256107,566603,1
https://nbcnews.com/,news,securepubads.g.doubleclick.net,ablation,1,ablated,third_party,5827040,5004715,256107,566218,1
https://nbcnews.com/,news,securepubads.g.doubleclick.net,ablation,1,ablated,listed,2223222,1403053,256107,564062,1
https://nbcnews.com/,news,www.lightboxcdn.com,ablation,0,control,page,8188583,8037482,147063,4038,1
https://nbcnews.com/,news,www.lightboxcdn.com,ablation,0,control,third_party,5827837,5676745,147063,4029,1
https://nbcnews.com/,news,www.lightboxcdn.com,ablation,0,control,listed,2223834,2072906,147063,3865,1
https://nbcnews.com/,news,www.lightboxcdn.com,ablation,1,ablated,page,8181426,8026295,147078,8053,1
https://nbcnews.com/,news,www.lightboxcdn.com,ablation,1,ablated,third_party,5821209,5665767,147078,8364,1
https://nbcnews.com/,news,www.lightboxcdn.com,ablation,1,ablated,listed,2216498,2061832,147078,7588,1
https://networkadvertising.org/,reference,static.addtoany.com,ablation,0,control,page,24567695,24781833,30978,-245116,2
https://networkadvertising.org/,reference,static.addtoany.com,ablation,0,control,third_party,24567359,24781497,30978,-245116,2
https://networkadvertising.org/,reference,static.addtoany.com,ablation,0,control,listed,53543,22565,30978,0,2
https://networkadvertising.org/,reference,static.addtoany.com,ablation,1,ablated,page,24541764,24653347,30978,-142561,2
https://networkadvertising.org/,reference,static.addtoany.com,ablation,1,ablated,third_party,24541428,24653011,30978,-142561,2
https://networkadvertising.org/,reference,static.addtoany.com,ablation,1,ablated,listed,53543,22565,30978,0,2
https://networkadvertising.org/,reference,region1.google-analytics.com,ablation,0,control,page,24542683,24541127,833,723,1
https://networkadvertising.org/,reference,region1.google-analytics.com,ablation,0,control,third_party,24542347,24541127,833,387,1
https://networkadvertising.org/,reference,region1.google-analytics.com,ablation,0,control,listed,53543,52710,833,0,1
https://networkadvertising.org/,reference,region1.google-analytics.com,ablation,1,ablated,page,24812161,24541047,833,270281,1
https://networkadvertising.org/,reference,region1.google-analytics.com,ablation,1,ablated,third_party,24811825,24540711,833,270281,1
https://networkadvertising.org/,reference,region1.google-analytics.com,ablation,1,ablated,listed,53543,52710,833,0,1
https://nike.com/,shopping,js-agent.newrelic.com,ablation,0,control,page,3133648,3098110,35422,116,2
https://nike.com/,shopping,js-agent.newrelic.com,ablation,0,control,third_party,147893,108989,35422,3482,2
https://nike.com/,shopping,js-agent.newrelic.com,ablation,0,control,listed,74242,35364,35422,3456,2
https://nike.com/,shopping,js-agent.newrelic.com,ablation,1,ablated,page,3147930,3085665,35423,26842,2
https://nike.com/,shopping,js-agent.newrelic.com,ablation,1,ablated,third_party,148390,108989,35423,3978,2
https://nike.com/,shopping,js-agent.newrelic.com,ablation,1,ablated,listed,74238,35364,35423,3451,2
https://nike.com/,shopping,s.go-mpulse.net,ablation,0,control,page,3133452,3116064,35020,-17632,2
https://nike.com/,shopping,s.go-mpulse.net,ablation,0,control,third_party,147869,112504,35020,345,2
https://nike.com/,shopping,s.go-mpulse.net,ablation,0,control,listed,74243,38879,35020,344,2
https://nike.com/,shopping,s.go-mpulse.net,ablation,1,ablated,page,3145955,3108863,35020,2072,2
https://nike.com/,shopping,s.go-mpulse.net,ablation,1,ablated,third_party,148041,112452,35020,569,2
https://nike.com/,shopping,s.go-mpulse.net,ablation,1,ablated,listed,74238,38878,35020,340,2
https://nike.com/,shopping,bam.nr-data.net,ablation,0,control,page,3137973,3102408,3456,32109,2
https://nike.com/,shopping,bam.nr-data.net,ablation,0,control,third_party,148046,144590,3456,0,2
https://nike.com/,shopping,bam.nr-data.net,ablation,0,control,listed,74242,70787,3456,-1,2
https://nike.com/,shopping,bam.nr-data.net,ablation,1,ablated,page,3092672,3136128,3456,-46912,2
https://nike.com/,shopping,bam.nr-data.net,ablation,1,ablated,third_party,106012,144589,3456,-42033,2
https://nike.com/,shopping,bam.nr-data.net,ablation,1,ablated,listed,74242,70786,3456,0,2
https://nist.gov/,reference,js-agent.newrelic.com,ablation,0,control,page,6235638,6211705,22849,1084,2
https://nist.gov/,reference,js-agent.newrelic.com,ablation,0,control,third_party,5746364,5722452,22849,1063,2
https://nist.gov/,reference,js-agent.newrelic.com,ablation,0,control,listed,36096,12165,22849,1082,2
https://nist.gov/,reference,js-agent.newrelic.com,ablation,1,ablated,page,6235447,6212199,22849,399,2
https://nist.gov/,reference,js-agent.newrelic.com,ablation,1,ablated,third_party,5746330,5722401,22849,1080,2
https://nist.gov/,reference,js-agent.newrelic.com,ablation,1,ablated,listed,36096,12165,22849,1082,2
https://nist.gov/,reference,static.cloudflareinsights.com,ablation,0,control,page,6236368,6225745,10495,128,1
https://nist.gov/,reference,static.cloudflareinsights.com,ablation,0,control,third_party,5746463,5735941,10495,27,1
https://nist.gov/,reference,static.cloudflareinsights.com,ablation,0,control,listed,36096,25600,10495,1,1
https://nist.gov/,reference,static.cloudflareinsights.com,ablation,1,ablated,page,6235906,6225359,10495,52,1
https://nist.gov/,reference,static.cloudflareinsights.com,ablation,1,ablated,third_party,5746364,5735846,10495,23,1
https://nist.gov/,reference,static.cloudflareinsights.com,ablation,1,ablated,listed,36076,25601,10495,-20,1
https://nist.gov/,reference,region1.google-analytics.com,ablation,0,control,page,6236624,6234932,1670,22,2
https://nist.gov/,reference,region1.google-analytics.com,ablation,0,control,third_party,5746719,5745050,1670,-1,2
https://nist.gov/,reference,region1.google-analytics.com,ablation,0,control,listed,36095,34426,1670,-1,2
https://nist.gov/,reference,region1.google-analytics.com,ablation,1,ablated,page,6236551,6234196,1670,685,2
https://nist.gov/,reference,region1.google-analytics.com,ablation,1,ablated,third_party,5746737,5745050,1670,17,2
https://nist.gov/,reference,region1.google-analytics.com,ablation,1,ablated,listed,36096,34426,1670,0,2
https://no-ip.com/,infrastructure,us-assets.i.posthog.com,ablation,0,control,page,3030238,3013084,215187,-198033,1
https://no-ip.com/,infrastructure,us-assets.i.posthog.com,ablation,0,control,third_party,3029887,3012733,215187,-198033,1
https://no-ip.com/,infrastructure,us-assets.i.posthog.com,ablation,0,control,listed,421888,204218,215187,2483,1
https://no-ip.com/,infrastructure,us-assets.i.posthog.com,ablation,1,ablated,page,3030806,2813099,215199,2508,1
https://no-ip.com/,infrastructure,us-assets.i.posthog.com,ablation,1,ablated,third_party,3030455,2812748,215199,2508,1
https://no-ip.com/,infrastructure,us-assets.i.posthog.com,ablation,1,ablated,listed,421911,204210,215199,2502,1
https://no-ip.com/,infrastructure,www.googleadservices.com,ablation,0,control,page,3030400,3203836,27933,-201369,2
https://no-ip.com/,infrastructure,www.googleadservices.com,ablation,0,control,third_party,3030049,3203485,27933,-201369,2
https://no-ip.com/,infrastructure,www.googleadservices.com,ablation,0,control,listed,421921,393316,27933,672,2
https://no-ip.com/,infrastructure,www.googleadservices.com,ablation,1,ablated,page,3030305,2979983,27928,22394,2
https://no-ip.com/,infrastructure,www.googleadservices.com,ablation,1,ablated,third_party,3029954,2979632,27928,22394,2
https://no-ip.com/,infrastructure,www.googleadservices.com,ablation,1,ablated,listed,421821,371489,27928,22404,2
https://no-ip.com/,infrastructure,cdn.inspectlet.com,ablation,0,control,page,3230272,3204673,24630,969,1
https://no-ip.com/,infrastructure,cdn.inspectlet.com,ablation,0,control,third_party,3229921,3204322,24630,969,1
https://no-ip.com/,infrastructure,cdn.inspectlet.com,ablation,0,control,listed,421938,396356,24630,952,1
https://no-ip.com/,infrastructure,cdn.inspectlet.com,ablation,1,ablated,page,3230568,3205933,24618,17,1
https://no-ip.com/,infrastructure,cdn.inspectlet.com,ablation,1,ablated,third_party,3230217,3205582,24618,17,1
https://no-ip.com/,infrastructure,cdn.inspectlet.com,ablation,1,ablated,listed,421661,396403,24618,640,1
https://npr.org/,news,securepubads.g.doubleclick.net,ablation,0,control,page,6250026,6043487,255165,-48626,1
https://npr.org/,news,securepubads.g.doubleclick.net,ablation,0,control,third_party,4762664,4556261,255165,-48762,1
https://npr.org/,news,securepubads.g.doubleclick.net,ablation,0,control,listed,1051621,844660,255165,-48204,1
https://npr.org/,news,securepubads.g.doubleclick.net,ablation,1,ablated,page,6252435,5995509,257159,-233,1
https://npr.org/,news,securepubads.g.doubleclick.net,ablation,1,ablated,third_party,4765225,4507345,257159,721,1
https://npr.org/,news,securepubads.g.doubleclick.net,ablation,1,ablated,listed,1053626,795706,257159,761,1
https://npr.org/,news,cdn.optimizely.com,ablation,0,control,page,6251777,6108362,128568,14847,1
https://npr.org/,news,cdn.optimizely.com,ablation,0,control,third_party,4764589,4621526,128568,14495,1
https://npr.org/,news,cdn.optimizely.com,ablation,0,control,listed,1052995,924333,128568,94,1
https://npr.org/,news,cdn.optimizely.com,ablation,1,ablated,page,6237670,6110744,128568,-1642,1
https://npr.org/,news,cdn.optimizely.com,ablation,1,ablated,third_party,4750466,4622347,128568,-449,1
https://npr.org/,news,cdn.optimizely.com,ablation,1,ablated,listed,1053192,925197,128568,-573,1
https://npr.org/,news,script.crazyegg.com,ablation,0,control,page,6252279,6240201,70223,-58145,1
https://npr.org/,news,script.crazyegg.com,ablation,0,control,third_party,4764860,4752985,70223,-58348,1
https://npr.org/,news,script.crazyegg.com,ablation,0,control,listed,1053371,1041355,70223,-58207,1
https://npr.org/,news,script.crazyegg.com,ablation,1,ablated,page,6309000,6179807,70223,58970,1
https://npr.org/,news,script.crazyegg.com,ablation,1,ablated,third_party,4821800,4691648,70223,59929,1
https://npr.org/,news,script.crazyegg.com,ablation,1,ablated,listed,1110168,979995,70223,59950,1
https://ntp.org/,infrastructure,pagead2.googlesyndication.com,ablation,0,control,page,681884,658924,23315,-355,1
https://ntp.org/,infrastructure,pagead2.googlesyndication.com,ablation,0,control,third_party,531167,507756,23315,96,1
https://ntp.org/,infrastructure,pagead2.googlesyndication.com,ablation,0,control,listed,75245,51837,23315,93,1
https://ntp.org/,infrastructure,pagead2.googlesyndication.com,ablation,1,ablated,page,684442,658919,25223,300,1
https://ntp.org/,infrastructure,pagead2.googlesyndication.com,ablation,1,ablated,third_party,533274,507751,25223,300,1
https://ntp.org/,infrastructure,pagead2.googlesyndication.com,ablation,1,ablated,listed,77356,51832,25223,301,1
https://ntp.org/,infrastructure,ep1.adtrafficquality.google,ablation,0,control,page,682293,635461,8598,38234,1
https://ntp.org/,infrastructure,ep1.adtrafficquality.google,ablation,0,control,third_party,531125,484293,8598,38234,1
https://ntp.org/,infrastructure,ep1.adtrafficquality.google,ablation,0,control,listed,75205,28372,8598,38235,1
https://ntp.org/,infrastructure,ep1.adtrafficquality.google,ablation,1,ablated,page,682307,635464,8614,38229,1
https://ntp.org/,infrastructure,ep1.adtrafficquality.google,ablation,1,ablated,third_party,531139,484296,8614,38229,1
https://ntp.org/,infrastructure,ep1.adtrafficquality.google,ablation,1,ablated,listed,75221,28372,8614,38235,1
https://ntp.org/,infrastructure,www.clarity.ms,ablation,0,control,page,681982,654557,1153,26272,1
https://ntp.org/,infrastructure,www.clarity.ms,ablation,0,control,third_party,531265,503389,1153,26723,1
https://ntp.org/,infrastructure,www.clarity.ms,ablation,0,control,listed,75345,47470,1153,26722,1
https://ntp.org/,infrastructure,www.clarity.ms,ablation,1,ablated,page,682176,656088,1153,24935,1
https://ntp.org/,infrastructure,www.clarity.ms,ablation,1,ablated,third_party,531008,505371,1153,24484,1
https://ntp.org/,infrastructure,www.clarity.ms,ablation,1,ablated,listed,75294,49452,1153,24689,1
https://ok.ru/,social,mc.yandex.ru,ablation,0,control,page,7483735,7390549,92008,1178,1
https://ok.ru/,social,mc.yandex.ru,ablation,0,control,third_party,7186105,7090557,92008,3540,1
https://ok.ru/,social,mc.yandex.ru,ablation,0,control,listed,342124,244520,92008,5596,1
https://ok.ru/,social,mc.yandex.ru,ablation,1,ablated,page,7484320,7384514,92008,7798,1
https://ok.ru/,social,mc.yandex.ru,ablation,1,ablated,third_party,7186708,7086805,92008,7895,1
https://ok.ru/,social,mc.yandex.ru,ablation,1,ablated,listed,342375,244512,92008,5855,1
https://ok.ru/,social,top-fwz1.mail.ru,ablation,0,control,page,7492638,6901256,22622,568760,1
https://ok.ru/,social,top-fwz1.mail.ru,ablation,0,control,third_party,7192657,6603656,22622,566379,1
https://ok.ru/,social,top-fwz1.mail.ru,ablation,0,control,listed,342137,343652,22622,-24137,1
https://ok.ru/,social,top-fwz1.mail.ru,ablation,1,ablated,page,7455440,6847562,22622,585256,1
https://ok.ru/,social,top-fwz1.mail.ru,ablation,1,ablated,third_party,7155415,6547586,22622,585207,1
https://ok.ru/,social,top-fwz1.mail.ru,ablation,1,ablated,listed,341857,337630,22622,-18395,1
https://ok.ru/,social,www.google-analytics.com,ablation,0,control,page,7472390,6888620,22622,561148,1
https://ok.ru/,social,www.google-analytics.com,ablation,0,control,third_party,7174761,6590808,22622,561331,1
https://ok.ru/,social,www.google-analytics.com,ablation,0,control,listed,341760,368463,22622,-49325,1
https://ok.ru/,social,www.google-analytics.com,ablation,1,ablated,page,6935199,6887738,22642,24819,1
https://ok.ru/,social,www.google-analytics.com,ablation,1,ablated,third_party,6635166,6590078,22642,22446,1
https://ok.ru/,social,www.google-analytics.com,ablation,1,ablated,listed,386555,363843,22642,70,1
https://one.one/,infrastructure,pagead2.googlesyndication.com,ablation,0,control,page,7445163,7443121,1653,389,6
https://one.one/,infrastructure,pagead2.googlesyndication.com,ablation,0,control,third_party,7444960,7442918,1653,389,6
https://one.one/,infrastructure,pagead2.googlesyndication.com,ablation,0,control,listed,121895,120359,1653,-117,6
https://one.one/,infrastructure,pagead2.googlesyndication.com,ablation,1,ablated,page,7444731,7442958,1653,120,6
https://one.one/,infrastructure,pagead2.googlesyndication.com,ablation,1,ablated,third_party,7444528,7442755,1653,120,6
https://one.one/,infrastructure,pagead2.googlesyndication.com,ablation,1,ablated,listed,121524,120176,1653,-305,6
https://onlyfans.com/,entertainment,static.cloudflareinsights.com,ablation,0,control,page,1553718,1542241,10495,982,1
https://onlyfans.com/,entertainment,static.cloudflareinsights.com,ablation,0,control,third_party,11476,0,10495,981,1
https://onlyfans.com/,entertainment,static.cloudflareinsights.com,ablation,0,control,listed,11476,0,10495,981,1
https://onlyfans.com/,entertainment,static.cloudflareinsights.com,ablation,1,ablated,page,1553716,1542242,10495,979,1
https://onlyfans.com/,entertainment,static.cloudflareinsights.com,ablation,1,ablated,third_party,11476,0,10495,981,1
https://onlyfans.com/,entertainment,static.cloudflareinsights.com,ablation,1,ablated,listed,11476,0,10495,981,1
https://oxylabs.io/,productivity,connect.facebook.net,ablation,0,control,page,3918471,3702348,232453,-16330,1
https://oxylabs.io/,productivity,connect.facebook.net,ablation,0,control,third_party,1158161,931859,232453,-6151,1
https://oxylabs.io/,productivity,connect.facebook.net,ablation,0,control,listed,783585,557272,232453,-6140,1
https://oxylabs.io/,productivity,connect.facebook.net,ablation,1,ablated,page,13658302,998830,232432,12427040,0
https://oxylabs.io/,productivity,connect.facebook.net,ablation,1,ablated,third_party,1155404,829292,232432,93680,0
https://oxylabs.io/,productivity,connect.facebook.net,ablation,1,ablated,listed,781908,0,232432,549476,0
https://oxylabs.io/,productivity,us-assets.i.posthog.com,ablation,0,control,page,13662835,13514714,86755,61366,5
https://oxylabs.io/,productivity,us-assets.i.posthog.com,ablation,0,control,third_party,1159894,1014081,86755,59058,5
https://oxylabs.io/,productivity,us-assets.i.posthog.com,ablation,0,control,listed,781811,639494,86755,55562,5
https://oxylabs.io/,productivity,us-assets.i.posthog.com,ablation,1,ablated,page,980602,3774092,0,-2793490,5
https://oxylabs.io/,productivity,us-assets.i.posthog.com,ablation,1,ablated,third_party,810594,1013736,0,-203142,5
https://oxylabs.io/,productivity,us-assets.i.posthog.com,ablation,1,ablated,listed,0,639149,0,-639149,5
https://oxylabs.io/,productivity,snap.licdn.com,ablation,0,control,page,13663223,13605376,47783,10064,2
https://oxylabs.io/,productivity,snap.licdn.com,ablation,0,control,third_party,1160216,1105012,47783,7421,2
https://oxylabs.io/,productivity,snap.licdn.com,ablation,0,control,listed,782143,730425,47783,3935,2
https://oxylabs.io/,productivity,snap.licdn.com,ablation,1,ablated,page,3920687,3841260,47783,31644,2
https://oxylabs.io/,productivity,snap.licdn.com,ablation,1,ablated,third_party,1160247,1080473,47783,31991,2
https://oxylabs.io/,productivity,snap.licdn.com,ablation,1,ablated,listed,782174,703480,47783,30911,2
https://palmplaystore.com/,entertainment,pagead2.googlesyndication.com,ablation,0,control,page,3093950,1475204,291606,1327140,1
https://palmplaystore.com/,entertainment,pagead2.googlesyndication.com,ablation,0,control,third_party,1627385,8134,291606,1327645,1
https://palmplaystore.com/,entertainment,pagead2.googlesyndication.com,ablation,0,control,listed,320372,0,291606,28766,1
https://palmplaystore.com/,entertainment,pagead2.googlesyndication.com,ablation,1,ablated,page,2075625,1474634,260987,340004,1
https://palmplaystore.com/,entertainment,pagead2.googlesyndication.com,ablation,1,ablated,third_party,608413,8135,260987,339291,1
https://palmplaystore.com/,entertainment,pagead2.googlesyndication.com,ablation,1,ablated,listed,260987,0,260987,0,1
https://patreon.com/,social,static.cloudflareinsights.com,ablation,0,control,page,45031000,45021178,10495,-673,1
https://patreon.com/,social,static.cloudflareinsights.com,ablation,0,control,third_party,366951,355011,10495,1445,1
https://patreon.com/,social,static.cloudflareinsights.com,ablation,0,control,listed,13309,1332,10495,1482,1
https://patreon.com/,social,static.cloudflareinsights.com,ablation,1,ablated,page,45030694,45019700,10495,499,1
https://patreon.com/,social,static.cloudflareinsights.com,ablation,1,ablated,third_party,366941,354984,10495,1462,1
https://patreon.com/,social,static.cloudflareinsights.com,ablation,1,ablated,listed,13334,1332,10495,1507,1
https://patreon.com/,social,region1.google-analytics.com,ablation,0,control,page,45033420,45030238,838,2344,1
https://patreon.com/,social,region1.google-analytics.com,ablation,0,control,third_party,366851,366024,838,-11,1
https://patreon.com/,social,region1.google-analytics.com,ablation,0,control,listed,13309,12471,838,0,1
https://patreon.com/,social,region1.google-analytics.com,ablation,1,ablated,page,45033541,45030509,838,2194,1
https://patreon.com/,social,region1.google-analytics.com,ablation,1,ablated,third_party,367194,366022,838,334,1
https://patreon.com/,social,region1.google-analytics.com,ablation,1,ablated,listed,13309,12471,838,0,1
https://patreon.com/,social,o83571.ingest.sentry.io,ablation,0,control,page,45031871,45031454,519,-102,1
https://patreon.com/,social,o83571.ingest.sentry.io,ablation,0,control,third_party,367029,366315,519,195,1
https://patreon.com/,social,o83571.ingest.sentry.io,ablation,0,control,listed,13334,12815,519,0,1
https://patreon.com/,social,o83571.ingest.sentry.io,ablation,1,ablated,page,45031875,45032922,494,-1541,1
https://patreon.com/,social,o83571.ingest.sentry.io,ablation,1,ablated,third_party,366871,366441,494,-64,1
https://patreon.com/,social,o83571.ingest.sentry.io,ablation,1,ablated,listed,13309,12815,494,0,1
https://pikabu.ru/,social,yandex.ru,ablation,0,control,page,5388716,4121744,561379,705593,5
https://pikabu.ru/,social,yandex.ru,ablation,0,control,third_party,1331119,26794,561379,742946,5
https://pikabu.ru/,social,yandex.ru,ablation,0,control,listed,566682,0,561379,5303,5
https://pikabu.ru/,social,yandex.ru,ablation,1,ablated,page,5201298,4038307,369195,793796,5
https://pikabu.ru/,social,yandex.ru,ablation,1,ablated,third_party,1229800,26795,369195,833810,5
https://pikabu.ru/,social,yandex.ru,ablation,1,ablated,listed,384186,0,369195,14991,5
https://pikabu.ru/,social,mc.yandex.ru,ablation,0,control,page,5815062,5059469,92008,663585,2
https://pikabu.ru/,social,mc.yandex.ru,ablation,0,control,third_party,1781973,1064522,92008,625443,2
https://pikabu.ru/,social,mc.yandex.ru,ablation,0,control,listed,575840,401190,92008,82642,2
https://pikabu.ru/,social,mc.yandex.ru,ablation,1,ablated,page,5321127,6631783,92008,-1402664,3
https://pikabu.ru/,social,mc.yandex.ru,ablation,1,ablated,third_party,1256073,2649962,92008,-1485897,3
https://pikabu.ru/,social,mc.yandex.ru,ablation,1,ablated,listed,551924,418184,92008,41732,3
https://pikabu.ru/,social,mc.yandex.com,ablation,0,control,page,6065396,5633363,10583,421450,7
https://pikabu.ru/,social,mc.yandex.com,ablation,0,control,third_party,2040652,1586443,10583,443626,7
https://pikabu.ru/,social,mc.yandex.com,ablation,0,control,listed,701399,401250,10583,289566,7
https://pikabu.ru/,social,mc.yandex.com,ablation,1,ablated,page,5985305,5536057,10588,438660,7
https://pikabu.ru/,social,mc.yandex.com,ablation,1,ablated,third_party,1956007,1520050,10588,425369,7
https://pikabu.ru/,social,mc.yandex.com,ablation,1,ablated,listed,610091,429209,10588,170294,7
https://pornhub.com/,entertainment,region1.google-analytics.com,ablation,0,control,page,2920201,2602638,838,316725,1
https://pornhub.com/,entertainment,region1.google-analytics.com,ablation,0,control,third_party,2735876,2418998,838,316040,1
https://pornhub.com/,entertainment,region1.google-analytics.com,ablation,0,control,listed,230817,209249,838,20730,1
https://pornhub.com/,entertainment,region1.google-analytics.com,ablation,1,ablated,page,3096846,3181803,838,-85795,1
https://pornhub.com/,entertainment,region1.google-analytics.com,ablation,1,ablated,third_party,2912777,2998080,838,-86141,1
https://pornhub.com/,entertainment,region1.google-analytics.com,ablation,1,ablated,listed,236856,243376,838,-7358,1
https://pornhub.com/,entertainment,media.trafficjunky.net,ablation,0,control,page,2980543,2624015,484,356044,2
https://pornhub.com/,entertainment,media.trafficjunky.net,ablation,0,control,third_party,2797128,2440080,484,356564,2
https://pornhub.com/,entertainment,media.trafficjunky.net,ablation,0,control,listed,224577,242123,484,-18030,2
https://pornhub.com/,entertainment,media.trafficjunky.net,ablation,1,ablated,page,3087220,3018454,484,68282,2
https://pornhub.com/,entertainment,media.trafficjunky.net,ablation,1,ablated,third_party,2902964,2834333,484,68147,2
https://pornhub.com/,entertainment,media.trafficjunky.net,ablation,1,ablated,listed,239184,227797,484,10903,2
https://princeton.edu/,reference,region1.google-analytics.com,ablation,0,control,page,1132302,1131532,840,-70,1
https://princeton.edu/,reference,region1.google-analytics.com,ablation,0,control,third_party,279815,279018,840,-43,1
https://princeton.edu/,reference,region1.google-analytics.com,ablation,0,control,listed,840,0,840,0,1
https://princeton.edu/,reference,region1.google-analytics.com,ablation,1,ablated,page,1132369,1131508,840,21,1
https://princeton.edu/,reference,region1.google-analytics.com,ablation,1,ablated,third_party,279858,279018,840,0,1
https://princeton.edu/,reference,region1.google-analytics.com,ablation,1,ablated,listed,840,0,840,0,1
https://prnewswire.com/,news,js.qualified.com,ablation,0,control,page,5388931,3740465,364945,1283521,1
https://prnewswire.com/,news,js.qualified.com,ablation,0,control,third_party,3685693,2036599,364945,1284149,1
https://prnewswire.com/,news,js.qualified.com,ablation,0,control,listed,2238720,518498,364945,1355277,1
https://prnewswire.com/,news,js.qualified.com,ablation,1,ablated,page,5460988,3741161,364945,1354882,1
https://prnewswire.com/,news,js.qualified.com,ablation,1,ablated,third_party,3755965,2036221,364945,1354799,1
https://prnewswire.com/,news,js.qualified.com,ablation,1,ablated,listed,2237890,518504,364945,1354441,1
https://prnewswire.com/,news,connect.facebook.net,ablation,0,control,page,5496039,5225054,234651,36334,1
https://prnewswire.com/,news,connect.facebook.net,ablation,0,control,third_party,3792189,3521223,234651,36315,1
https://prnewswire.com/,news,connect.facebook.net,ablation,0,control,listed,2238341,2003127,234651,563,1
https://prnewswire.com/,news,connect.facebook.net,ablation,1,ablated,page,5429162,5224546,234628,-30012,1
https://prnewswire.com/,news,connect.facebook.net,ablation,1,ablated,third_party,3725012,3519524,234628,-29140,1
https://prnewswire.com/,news,connect.facebook.net,ablation,1,ablated,listed,2240060,2002311,234628,3121,1
https://prnewswire.com/,news,cdn.optimizely.com,ablation,0,control,page,5461249,5368844,93862,-1457,1
https://prnewswire.com/,news,cdn.optimizely.com,ablation,0,control,third_party,3756424,3664586,93862,-2024,1
https://prnewswire.com/,news,cdn.optimizely.com,ablation,0,control,listed,2238384,2147414,93862,-2892,1
https://prnewswire.com/,news,cdn.optimizely.com,ablation,1,ablated,page,5458888,5369692,93862,-4666,1
https://prnewswire.com/,news,cdn.optimizely.com,ablation,1,ablated,third_party,3755027,3665205,93862,-4040,1
https://prnewswire.com/,news,cdn.optimizely.com,ablation,1,ablated,listed,2237824,2144178,93862,-216,1
https://rakuten.com/,shopping,connect.facebook.net,ablation,0,control,page,3703455,3344543,355722,3190,2
https://rakuten.com/,shopping,connect.facebook.net,ablation,0,control,third_party,2133733,1775304,355722,2707,2
https://rakuten.com/,shopping,connect.facebook.net,ablation,0,control,listed,537940,179899,355722,2319,2
https://rakuten.com/,shopping,connect.facebook.net,ablation,1,ablated,page,3704296,3344742,355764,3790,2
https://rakuten.com/,shopping,connect.facebook.net,ablation,1,ablated,third_party,2134730,1775943,355764,3023,2
https://rakuten.com/,shopping,connect.facebook.net,ablation,1,ablated,listed,538938,178974,355764,4200,2
https://rakuten.com/,shopping,www.redditstatic.com,ablation,0,control,page,3704626,3676039,25252,3335,1
https://rakuten.com/,shopping,www.redditstatic.com,ablation,0,control,third_party,2135386,2107038,25252,3096,1
https://rakuten.com/,shopping,www.redditstatic.com,ablation,0,control,listed,538764,511246,25252,2266,1
https://rakuten.com/,shopping,www.redditstatic.com,ablation,1,ablated,page,3703846,3676149,25252,2445,1
https://rakuten.com/,shopping,www.redditstatic.com,ablation,1,ablated,third_party,2134844,2107112,25252,2480,1
https://rakuten.com/,shopping,www.redditstatic.com,ablation,1,ablated,listed,538859,511279,25252,2328,1
https://rakuten.com/,shopping,c.amazon-adsystem.com,ablation,0,control,page,3703583,3677197,24818,1568,1
https://rakuten.com/,shopping,c.amazon-adsystem.com,ablation,0,control,third_party,2135310,2108194,24818,2298,1
https://rakuten.com/,shopping,c.amazon-adsystem.com,ablation,0,control,listed,539146,512207,24818,2121,1
https://rakuten.com/,shopping,c.amazon-adsystem.com,ablation,1,ablated,page,3703650,3678312,24818,520,1
https://rakuten.com/,shopping,c.amazon-adsystem.com,ablation,1,ablated,third_party,2135414,2109069,24818,1527,1
https://rakuten.com/,shopping,c.amazon-adsystem.com,ablation,1,ablated,listed,538780,513083,24818,879,1
https://roblox.com/,entertainment,o293668.ingest.us.sentry.io,ablation,0,control,page,5164257,5163469,988,-200,3
https://roblox.com/,entertainment,o293668.ingest.us.sentry.io,ablation,0,control,third_party,5113614,5112669,988,-43,3
https://roblox.com/,entertainment,o293668.ingest.us.sentry.io,ablation,0,control,listed,104698,103714,988,-4,3
https://roblox.com/,entertainment,o293668.ingest.us.sentry.io,ablation,1,ablated,page,5164561,5163495,988,78,3
https://roblox.com/,entertainment,o293668.ingest.us.sentry.io,ablation,1,ablated,third_party,5113772,5112719,988,65,3
https://roblox.com/,entertainment,o293668.ingest.us.sentry.io,ablation,1,ablated,listed,104706,103764,988,-46,3
https://roku.com/,entertainment,js-agent.newrelic.com,ablation,0,control,page,2420923,2386600,32551,1772,1
https://roku.com/,entertainment,js-agent.newrelic.com,ablation,0,control,third_party,234445,200059,32551,1835,1
https://roku.com/,entertainment,js-agent.newrelic.com,ablation,0,control,listed,44881,10495,32551,1835,1
https://roku.com/,entertainment,js-agent.newrelic.com,ablation,1,ablated,page,2421111,2386429,32551,2131,1
https://roku.com/,entertainment,js-agent.newrelic.com,ablation,1,ablated,third_party,234605,200051,32551,2003,1
https://roku.com/,entertainment,js-agent.newrelic.com,ablation,1,ablated,listed,44881,10495,32551,1835,1
https://roku.com/,entertainment,static.cloudflareinsights.com,ablation,0,control,page,2420911,2408349,10495,2067,1
https://roku.com/,entertainment,static.cloudflareinsights.com,ablation,0,control,third_party,234436,223949,10495,-8,1
https://roku.com/,entertainment,static.cloudflareinsights.com,ablation,0,control,listed,44880,34385,10495,0,1
https://roku.com/,entertainment,static.cloudflareinsights.com,ablation,1,ablated,page,2421007,2408383,10495,2129,1
https://roku.com/,entertainment,static.cloudflareinsights.com,ablation,1,ablated,third_party,234444,223950,10495,-1,1
https://roku.com/,entertainment,static.cloudflareinsights.com,ablation,1,ablated,listed,44880,34386,10495,-1,1
https://roku.com/,entertainment,bam.nr-data.net,ablation,0,control,page,2419785,2419125,1835,-1175,2
https://roku.com/,entertainment,bam.nr-data.net,ablation,0,control,third_party,234605,232610,1835,160,2
https://roku.com/,entertainment,bam.nr-data.net,ablation,0,control,listed,44881,43046,1835,0,2
https://roku.com/,entertainment,bam.nr-data.net,ablation,1,ablated,page,2421005,2419272,1834,-101,2
https://roku.com/,entertainment,bam.nr-data.net,ablation,1,ablated,third_party,234436,232770,1834,-168,2
https://roku.com/,entertainment,bam.nr-data.net,ablation,1,ablated,listed,44880,43046,1834,0,2
https://sagepub.com/,reference,eu-assets.i.posthog.com,ablation,0,control,page,2145780,2022245,135506,-11971,1
https://sagepub.com/,reference,eu-assets.i.posthog.com,ablation,0,control,third_party,579274,454099,135506,-10331,1
https://sagepub.com/,reference,eu-assets.i.posthog.com,ablation,0,control,listed,365753,230247,135506,0,1
https://sagepub.com/,reference,eu-assets.i.posthog.com,ablation,1,ablated,page,2143828,2010831,135509,-2512,1
https://sagepub.com/,reference,eu-assets.i.posthog.com,ablation,1,ablated,third_party,579395,443768,135509,118,1
https://sagepub.com/,reference,eu-assets.i.posthog.com,ablation,1,ablated,listed,365866,230247,135509,110,1
https://sagepub.com/,reference,www.clarity.ms,ablation,0,control,page,2147996,2118874,2306,26816,2
https://sagepub.com/,reference,www.clarity.ms,ablation,0,control,third_party,579382,550255,2306,26821,2
https://sagepub.com/,reference,www.clarity.ms,ablation,0,control,listed,365866,336742,2306,26818,2
https://sagepub.com/,reference,www.clarity.ms,ablation,1,ablated,page,2145491,2116119,2306,27066,2
https://sagepub.com/,reference,www.clarity.ms,ablation,1,ablated,third_party,579424,550382,2306,26736,2
https://sagepub.com/,reference,www.clarity.ms,ablation,1,ablated,listed,365905,336852,2306,26747,2
https://scribd.com/,social,region1.google-analytics.com,ablation,0,control,page,2646301,2640095,4532,1674,6
https://scribd.com/,social,region1.google-analytics.com,ablation,0,control,third_party,1320259,1314046,4532,1681,6
https://scribd.com/,social,region1.google-analytics.com,ablation,0,control,listed,127018,120630,4532,1856,6
https://scribd.com/,social,region1.google-analytics.com,ablation,1,ablated,page,2645143,2641416,4532,-805,6
https://scribd.com/,social,region1.google-analytics.com,ablation,1,ablated,third_party,1319089,1315348,4532,-791,6
https://scribd.com/,social,region1.google-analytics.com,ablation,1,ablated,listed,125267,122526,4532,-1791,6
https://scribd.com/,social,pagead2.googlesyndication.com,ablation,0,control,page,2644629,2642941,2296,-608,8
https://scribd.com/,social,pagead2.googlesyndication.com,ablation,0,control,third_party,1318571,1316868,2296,-593,8
https://scribd.com/,social,pagead2.googlesyndication.com,ablation,0,control,listed,125242,122947,2296,-1,8
https://scribd.com/,social,pagead2.googlesyndication.com,ablation,1,ablated,page,2659098,2656346,2296,456,8
https://scribd.com/,social,pagead2.googlesyndication.com,ablation,1,ablated,third_party,1333048,1330292,2296,460,8
https://scribd.com/,social,pagead2.googlesyndication.com,ablation,1,ablated,listed,125243,122987,2296,-40,8
https://scribd.com/,social,o127091.ingest.us.sentry.io,ablation,0,control,page,2659493,2645610,494,13389,1
https://scribd.com/,social,o127091.ingest.us.sentry.io,ablation,0,control,third_party,1333444,1319559,494,13391,1
https://scribd.com/,social,o127091.ingest.us.sentry.io,ablation,0,control,listed,125243,124749,494,0,1
https://scribd.com/,social,o127091.ingest.us.sentry.io,ablation,1,ablated,page,2645086,2644615,519,-48,1
https://scribd.com/,social,o127091.ingest.us.sentry.io,ablation,1,ablated,third_party,1319024,1318562,519,-57,1
https://scribd.com/,social,o127091.ingest.us.sentry.io,ablation,1,ablated,listed,125268,124789,519,-40,1
https://sedo.com/,shopping,widget.trustpilot.com,ablation,0,control,page,3929073,3915609,8480,4984,2
https://sedo.com/,shopping,widget.trustpilot.com,ablation,0,control,third_party,240423,231919,8480,24,2
https://sedo.com/,shopping,widget.trustpilot.com,ablation,0,control,listed,8480,0,8480,0,2
https://sedo.com/,shopping,widget.trustpilot.com,ablation,1,ablated,page,3922684,1438651,8480,2475553,0
https://sedo.com/,shopping,widget.trustpilot.com,ablation,1,ablated,third_party,240425,0,8480,231945,0
https://sedo.com/,shopping,widget.trustpilot.com,ablation,1,ablated,listed,8480,0,8480,0,0
https://shopee.co.id/,shopping,connect.facebook.net,ablation,0,control,page,3464801,3385889,207620,-128708,1
https://shopee.co.id/,shopping,connect.facebook.net,ablation,0,control,third_party,3331372,3251931,207620,-128179,1
https://shopee.co.id/,shopping,connect.facebook.net,ablation,0,control,listed,220508,10098,207620,2790,1
https://shopee.co.id/,shopping,connect.facebook.net,ablation,1,ablated,page,3127868,3339531,207621,-419284,1
https://shopee.co.id/,shopping,connect.facebook.net,ablation,1,ablated,third_party,3036823,3206309,207621,-377107,1
https://shopee.co.id/,shopping,connect.facebook.net,ablation,1,ablated,listed,220532,11423,207621,1488,1
https://shopee.co.id/,shopping,region1.analytics.google.com,ablation,0,control,page,3599945,3597967,6353,-4375,14
https://shopee.co.id/,shopping,region1.analytics.google.com,ablation,0,control,third_party,3465648,3449201,6353,10094,14
https://shopee.co.id/,shopping,region1.analytics.google.com,ablation,0,control,listed,220483,214126,6353,4,14
https://shopee.co.id/,shopping,region1.analytics.google.com,ablation,1,ablated,page,3597294,3524954,6355,65985,14
https://shopee.co.id/,shopping,region1.analytics.google.com,ablation,1,ablated,third_party,3463861,3391958,6355,65548,14
https://shopee.co.id/,shopping,region1.analytics.google.com,ablation,1,ablated,listed,220494,214131,6355,8,14
https://shopee.co.id/,shopping,ad.doubleclick.net,ablation,0,control,page,4257588,3265071,1831,990686,5
https://shopee.co.id/,shopping,ad.doubleclick.net,ablation,0,control,third_party,4108959,3131513,1831,975615,5
https://shopee.co.id/,shopping,ad.doubleclick.net,ablation,0,control,listed,220542,218677,1831,34,5
https://shopee.co.id/,shopping,ad.doubleclick.net,ablation,1,ablated,page,3526764,3263798,1821,261145,5
https://shopee.co.id/,shopping,ad.doubleclick.net,ablation,1,ablated,third_party,3392774,3130563,1821,260390,5
https://shopee.co.id/,shopping,ad.doubleclick.net,ablation,1,ablated,listed,219136,218668,1821,-1353,5
https://slideshare.net/,social,survey.survicate.com,ablation,0,control,page,1569486,1345838,0,223648,1
https://slideshare.net/,social,survey.survicate.com,ablation,0,control,third_party,1356542,1211836,0,144706,1
https://slideshare.net/,social,survey.survicate.com,ablation,0,control,listed,100590,100590,0,0,1
https://slideshare.net/,social,survey.survicate.com,ablation,1,ablated,page,1639784,1441367,5654,192763,1
https://slideshare.net/,social,survey.survicate.com,ablation,1,ablated,third_party,1505784,1307362,5654,192768,1
https://slideshare.net/,social,survey.survicate.com,ablation,1,ablated,listed,106219,98996,5654,1569,1
https://slideshare.net/,social,pagead2.googlesyndication.com,ablation,0,control,page,1640870,1640281,558,31,2
https://slideshare.net/,social,pagead2.googlesyndication.com,ablation,0,control,third_party,1506862,1506269,558,35,2
https://slideshare.net/,social,pagead2.googlesyndication.com,ablation,0,control,listed,106219,105669,558,-8,2
https://slideshare.net/,social,pagead2.googlesyndication.com,ablation,1,ablated,page,1639382,1640251,558,-1427,2
https://slideshare.net/,social,pagead2.googlesyndication.com,ablation,1,ablated,third_party,1505377,1506243,558,-1424,2
https://slideshare.net/,social,pagead2.googlesyndication.com,ablation,1,ablated,listed,104658,105661,558,-1561,2
https://slideshare.net/,social,o127091.ingest.sentry.io,ablation,0,control,page,1641212,1640692,519,1,1
https://slideshare.net/,social,o127091.ingest.sentry.io,ablation,0,control,third_party,1507202,1506691,519,-8,1
https://slideshare.net/,social,o127091.ingest.sentry.io,ablation,0,control,listed,106244,105725,519,0,1
https://slideshare.net/,social,o127091.ingest.sentry.io,ablation,1,ablated,page,1642089,1640658,494,937,1
https://slideshare.net/,social,o127091.ingest.sentry.io,ablation,1,ablated,third_party,1508077,1506645,494,938,1
https://slideshare.net/,social,o127091.ingest.sentry.io,ablation,1,ablated,listed,106219,105745,494,-20,1
https://smartthings.com/,productivity,connect.facebook.net,ablation,0,control,page,7250693,6902578,307646,40469,1
https://smartthings.com/,productivity,connect.facebook.net,ablation,0,control,third_party,7249845,6901730,307646,40469,1
https://smartthings.com/,productivity,connect.facebook.net,ablation,0,control,listed,1546168,1232892,307646,5630,1
https://smartthings.com/,productivity,connect.facebook.net,ablation,1,ablated,page,7210170,6902465,307665,40,1
https://smartthings.com/,productivity,connect.facebook.net,ablation,1,ablated,third_party,7209322,6901617,307665,40,1
https://smartthings.com/,productivity,connect.facebook.net,ablation,1,ablated,listed,1544348,1236148,307665,535,1
https://smartthings.com/,productivity,analytics.tiktok.com,ablation,0,control,page,7211207,7052237,161626,-2656,1
https://smartthings.com/,productivity,analytics.tiktok.com,ablation,0,control,third_party,7210359,7051389,161626,-2656,1
https://smartthings.com/,productivity,analytics.tiktok.com,ablation,0,control,listed,1544407,1383544,161626,-763,1
https://smartthings.com/,productivity,analytics.tiktok.com,ablation,1,ablated,page,7209336,7047614,160098,1624,1
https://smartthings.com/,productivity,analytics.tiktok.com,ablation,1,ablated,third_party,7208916,7046766,160098,2052,1
https://smartthings.com/,productivity,analytics.tiktok.com,ablation,1,ablated,listed,1543676,1383210,160098,368,1
https://smartthings.com/,productivity,samsungusa.api.useinsider.com,ablation,0,control,page,7195124,7072562,124603,-2041,1
https://smartthings.com/,productivity,samsungusa.api.useinsider.com,ablation,0,control,third_party,7194276,7071714,124603,-2041,1
https://smartthings.com/,productivity,samsungusa.api.useinsider.com,ablation,0,control,listed,1530045,1406470,124603,-1028,1
https://smartthings.com/,productivity,samsungusa.api.useinsider.com,ablation,1,ablated,page,7208432,7074614,124603,9215,1
https://smartthings.com/,productivity,samsungusa.api.useinsider.com,ablation,1,ablated,third_party,7208032,7073766,124603,9663,1
https://smartthings.com/,productivity,samsungusa.api.useinsider.com,ablation,1,ablated,listed,1542925,1407306,124603,11016,1
https://soundcloud.com/,entertainment,securepubads.g.doubleclick.net,ablation,0,control,page,5878086,5440806,296580,140700,2
https://soundcloud.com/,entertainment,securepubads.g.doubleclick.net,ablation,0,control,third_party,5689815,5251708,296580,141527,2
https://soundcloud.com/,entertainment,securepubads.g.doubleclick.net,ablation,0,control,listed,716640,419166,296580,894,2
https://soundcloud.com/,entertainment,securepubads.g.doubleclick.net,ablation,1,ablated,page,5304810,5048211,256724,-125,1
https://soundcloud.com/,entertainment,securepubads.g.doubleclick.net,ablation,1,ablated,third_party,5116714,4859934,256724,56,1
https://soundcloud.com/,entertainment,securepubads.g.doubleclick.net,ablation,1,ablated,listed,676794,420045,256724,25,1
https://soundcloud.com/,entertainment,sb.scorecardresearch.com,ablation,0,control,page,5967722,5574131,7575,386016,1
https://soundcloud.com/,entertainment,sb.scorecardresearch.com,ablation,0,control,third_party,5779276,5383364,7575,388337,1
https://soundcloud.com/,entertainment,sb.scorecardresearch.com,ablation,0,control,listed,811631,669852,7575,134204,1
https://soundcloud.com/,entertainment,sb.scorecardresearch.com,ablation,1,ablated,page,5305368,5748539,7575,-450746,1
https://soundcloud.com/,entertainment,sb.scorecardresearch.com,ablation,1,ablated,third_party,5117212,5560261,7575,-450624,1
https://soundcloud.com/,entertainment,sb.scorecardresearch.com,ablation,1,ablated,listed,677268,708729,7575,-39036,1
https://soundcloud.com/,entertainment,htlbid.com,ablation,0,control,page,4985696,4966930,5630,13136,1
https://soundcloud.com/,entertainment,htlbid.com,ablation,0,control,third_party,4797485,4778784,5630,13071,1
https://soundcloud.com/,entertainment,htlbid.com,ablation,0,control,listed,459784,449660,5630,4494,1
https://soundcloud.com/,entertainment,htlbid.com,ablation,1,ablated,page,5578074,5183260,5630,389184,1
https://soundcloud.com/,entertainment,htlbid.com,ablation,1,ablated,third_party,5389537,4995174,5630,388733,1
https://soundcloud.com/,entertainment,htlbid.com,ablation,1,ablated,listed,675476,666050,5630,3796,1
https://stanford.edu/,reference,t.contentsquare.net,ablation,0,control,page,4300881,4114522,187227,-868,2
https://stanford.edu/,reference,t.contentsquare.net,ablation,0,control,third_party,3065001,2878855,187227,-1081,2
https://stanford.edu/,reference,t.contentsquare.net,ablation,0,control,listed,190451,3224,187227,0,2
https://stanford.edu/,reference,t.contentsquare.net,ablation,1,ablated,page,4776246,4114661,187228,474357,2
https://stanford.edu/,reference,t.contentsquare.net,ablation,1,ablated,third_party,3539578,2878458,187228,473892,2
https://stanford.edu/,reference,t.contentsquare.net,ablation,1,ablated,listed,189713,3224,187228,-739,2
https://stanford.edu/,reference,googleads.g.doubleclick.net,ablation,0,control,page,4543603,4310609,1616,231378,1
https://stanford.edu/,reference,googleads.g.doubleclick.net,ablation,0,control,third_party,3307622,3074277,1616,231729,1
https://stanford.edu/,reference,googleads.g.doubleclick.net,ablation,0,control,listed,190452,188836,1616,0,1
https://stanford.edu/,reference,googleads.g.doubleclick.net,ablation,1,ablated,page,3918913,3918446,877,-410,1
https://stanford.edu/,reference,googleads.g.doubleclick.net,ablation,1,ablated,third_party,2682514,2681672,877,-35,1
https://stanford.edu/,reference,googleads.g.doubleclick.net,ablation,1,ablated,listed,189712,188835,877,0,1
https://stanford.edu/,reference,region1.google-analytics.com,ablation,0,control,page,7426633,3917584,839,3508210,1
https://stanford.edu/,reference,region1.google-analytics.com,ablation,0,control,third_party,6190600,2681510,839,3508251,1
https://stanford.edu/,reference,region1.google-analytics.com,ablation,0,control,listed,190452,188874,839,739,1
https://stanford.edu/,reference,region1.google-analytics.com,ablation,1,ablated,page,4926086,4702245,839,223002,1
https://stanford.edu/,reference,region1.google-analytics.com,ablation,1,ablated,third_party,3689904,3465898,839,223167,1
https://stanford.edu/,reference,region1.google-analytics.com,ablation,1,ablated,listed,190452,189613,839,0,1
https://substack.com/,social,o350427.ingest.sentry.io,ablation,0,control,page,41292957,41289916,494,2547,1
https://substack.com/,social,o350427.ingest.sentry.io,ablation,0,control,third_party,41232748,41232256,494,-2,1
https://substack.com/,social,o350427.ingest.sentry.io,ablation,0,control,listed,494,0,494,0,1
https://substack.com/,social,o350427.ingest.sentry.io,ablation,1,ablated,page,31721062,62526173,494,-30805605,1
https://substack.com/,social,o350427.ingest.sentry.io,ablation,1,ablated,third_party,31663784,62468453,494,-30805163,1
https://substack.com/,social,o350427.ingest.sentry.io,ablation,1,ablated,listed,494,0,494,0,1
https://supercell.com/,entertainment,o315582.ingest.sentry.io,ablation,0,control,page,6853247,6851714,1532,1,3
https://supercell.com/,entertainment,o315582.ingest.sentry.io,ablation,0,control,third_party,218316,216784,1532,0,3
https://supercell.com/,entertainment,o315582.ingest.sentry.io,ablation,0,control,listed,218316,216784,1532,0,3
https://supercell.com/,entertainment,o315582.ingest.sentry.io,ablation,1,ablated,page,6854081,6852599,1482,0,3
https://supercell.com/,entertainment,o315582.ingest.sentry.io,ablation,1,ablated,third_party,218266,216784,1482,0,3
https://supercell.com/,entertainment,o315582.ingest.sentry.io,ablation,1,ablated,listed,218266,216784,1482,0,3
https://techcrunch.com/,news,public.servenobid.com,ablation,0,control,page,4417024,3303493,453975,659556,2
https://techcrunch.com/,news,public.servenobid.com,ablation,0,control,third_party,3758202,2643656,453975,660571,2
https://techcrunch.com/,news,public.servenobid.com,ablation,0,control,listed,1275858,478658,453975,343225,2
https://techcrunch.com/,news,public.servenobid.com,ablation,1,ablated,page,4470432,3307494,453975,708963,2
https://techcrunch.com/,news,public.servenobid.com,ablation,1,ablated,third_party,3766262,2649015,453975,663272,2
https://techcrunch.com/,news,public.servenobid.com,ablation,1,ablated,listed,1283819,478636,453975,351208,2
https://techcrunch.com/,news,securepubads.g.doubleclick.net,ablation,0,control,page,4479702,3796988,218013,464701,1
https://techcrunch.com/,news,securepubads.g.doubleclick.net,ablation,0,control,third_party,3775532,3136764,218013,420755,1
https://techcrunch.com/,news,securepubads.g.doubleclick.net,ablation,0,control,listed,1268982,969898,218013,81071,1
https://techcrunch.com/,news,securepubads.g.doubleclick.net,ablation,1,ablated,page,4454822,3859556,215927,379339,1
https://techcrunch.com/,news,securepubads.g.doubleclick.net,ablation,1,ablated,third_party,3750610,3153641,215927,381042,1
https://techcrunch.com/,news,securepubads.g.doubleclick.net,ablation,1,ablated,listed,1267515,969863,215927,81725,1
https://techcrunch.com/,news,connect.facebook.net,ablation,0,control,page,4417923,4228144,203781,-14002,1
https://techcrunch.com/,news,connect.facebook.net,ablation,0,control,third_party,3759402,3568264,203781,-12643,1
https://techcrunch.com/,news,connect.facebook.net,ablation,0,control,listed,1267916,1064631,203781,-496,1
https://techcrunch.com/,news,connect.facebook.net,ablation,1,ablated,page,4476643,4201751,203762,71130,1
https://techcrunch.com/,news,connect.facebook.net,ablation,1,ablated,third_party,3772087,3542887,203762,25438,1
https://techcrunch.com/,news,connect.facebook.net,ablation,1,ablated,listed,1267511,1059823,203762,3926,1
https://ted.com/,entertainment,securepubads.g.doubleclick.net,ablation,0,control,page,4616815,4348099,256392,12324,1
https://ted.com/,entertainment,securepubads.g.doubleclick.net,ablation,0,control,third_party,2445347,2177636,256392,11319,1
https://ted.com/,entertainment,securepubads.g.doubleclick.net,ablation,0,control,listed,520850,263950,256392,508,1
https://ted.com/,entertainment,securepubads.g.doubleclick.net,ablation,1,ablated,page,4617902,4350169,256949,10784,1
https://ted.com/,entertainment,securepubads.g.doubleclick.net,ablation,1,ablated,third_party,2446566,2177479,256949,12138,1
https://ted.com/,entertainment,securepubads.g.doubleclick.net,ablation,1,ablated,listed,521839,263952,256949,938,1
https://ted.com/,entertainment,api.sail-personalize.com,ablation,0,control,page,4616513,4407880,104823,103810,9
https://ted.com/,entertainment,api.sail-personalize.com,ablation,0,control,third_party,2443899,2339249,104823,-173,9
https://ted.com/,entertainment,api.sail-personalize.com,ablation,0,control,listed,519601,415209,104823,-431,9
https://ted.com/,entertainment,api.sail-personalize.com,ablation,1,ablated,page,4619210,4410024,104823,104363,9
https://ted.com/,entertainment,api.sail-personalize.com,ablation,1,ablated,third_party,2443971,2341162,104823,-2014,9
https://ted.com/,entertainment,api.sail-personalize.com,ablation,1,ablated,listed,519835,417019,104823,-2007,9
https://ted.com/,entertainment,ak.sail-horizon.com,ablation,0,control,page,4617365,4567042,49611,712,1
https://ted.com/,entertainment,ak.sail-horizon.com,ablation,0,control,third_party,2445606,2392494,49611,3501,1
https://ted.com/,entertainment,ak.sail-horizon.com,ablation,0,control,listed,521284,468200,49611,3473,1
https://ted.com/,entertainment,ak.sail-horizon.com,ablation,1,ablated,page,4619970,4564456,49611,5903,1
https://ted.com/,entertainment,ak.sail-horizon.com,ablation,1,ablated,third_party,2444771,2391779,49611,3381,1
https://ted.com/,entertainment,ak.sail-horizon.com,ablation,1,ablated,listed,520281,467549,49611,3121,1
https://time.com/,news,warp.media.net,ablation,0,control,page,6337939,5638206,272433,427300,1
https://time.com/,news,warp.media.net,ablation,0,control,third_party,4998453,4298700,272433,427320,1
https://time.com/,news,warp.media.net,ablation,0,control,listed,1161362,468947,272433,419982,1
https://time.com/,news,warp.media.net,ablation,1,ablated,page,6310186,5638495,272519,399172,1
https://time.com/,news,warp.media.net,ablation,1,ablated,third_party,4970691,4298998,272519,399174,1
https://time.com/,news,warp.media.net,ablation,1,ablated,listed,1139855,469458,272519,397878,1
https://time.com/,news,securepubads.g.doubleclick.net,ablation,0,control,page,6327766,5949757,256936,121073,1
https://time.com/,news,securepubads.g.doubleclick.net,ablation,0,control,third_party,4988281,4610264,256936,121081,1
https://time.com/,news,securepubads.g.doubleclick.net,ablation,0,control,listed,1157643,743234,256936,157473,1
https://time.com/,news,securepubads.g.doubleclick.net,ablation,1,ablated,page,6334778,5923954,255696,155128,1
https://time.com/,news,securepubads.g.doubleclick.net,ablation,1,ablated,third_party,4995697,4584468,255696,155533,1
https://time.com/,news,securepubads.g.doubleclick.net,ablation,1,ablated,listed,1158361,747351,255696,155314,1
https://time.com/,news,c.amazon-adsystem.com,ablation,0,control,page,6366120,6136494,98824,130802,1
https://time.com/,news,c.amazon-adsystem.com,ablation,0,control,third_party,5026634,4796995,98824,130815,1
https://time.com/,news,c.amazon-adsystem.com,ablation,0,control,listed,1159415,924154,98824,136437,1
https://time.com/,news,c.amazon-adsystem.com,ablation,1,ablated,page,6369138,6126847,98824,143467,1
https://time.com/,news,c.amazon-adsystem.com,ablation,1,ablated,third_party,5029653,4787341,98824,143488,1
https://time.com/,news,c.amazon-adsystem.com,ablation,1,ablated,listed,1162272,950731,98824,112717,1
https://tumblr.com/,social,o248881.ingest.sentry.io,ablation,0,control,page,2458244,2457700,494,50,1
https://tumblr.com/,social,o248881.ingest.sentry.io,ablation,0,control,third_party,6389,5895,494,0,1
https://tumblr.com/,social,o248881.ingest.sentry.io,ablation,0,control,listed,494,0,494,0,1
https://tumblr.com/,social,o248881.ingest.sentry.io,ablation,1,ablated,page,2587358,2458223,494,128641,1
https://tumblr.com/,social,o248881.ingest.sentry.io,ablation,1,ablated,third_party,6389,5895,494,0,1
https://tumblr.com/,social,o248881.ingest.sentry.io,ablation,1,ablated,listed,494,0,494,0,1
https://twitter.com/,social,o30969.ingest.us.sentry.io,ablation,0,control,page,3638002,3637029,494,479,1
https://twitter.com/,social,o30969.ingest.us.sentry.io,ablation,0,control,third_party,3633898,3632923,494,481,1
https://twitter.com/,social,o30969.ingest.us.sentry.io,ablation,0,control,listed,114665,113707,494,464,1
https://twitter.com/,social,o30969.ingest.us.sentry.io,ablation,1,ablated,page,3638026,3637330,494,202,1
https://twitter.com/,social,o30969.ingest.us.sentry.io,ablation,1,ablated,third_party,3633922,3633225,494,203,1
https://twitter.com/,social,o30969.ingest.us.sentry.io,ablation,1,ablated,listed,114680,113994,494,192,1
https://un.org/,reference,region1.google-analytics.com,ablation,0,control,page,5658715,5660058,2499,-3842,6
https://un.org/,reference,region1.google-analytics.com,ablation,0,control,third_party,769927,767408,2499,20,6
https://un.org/,reference,region1.google-analytics.com,ablation,0,control,listed,20648,18149,2499,0,6
https://un.org/,reference,region1.google-analytics.com,ablation,1,ablated,page,5662580,5656201,2499,3880,6
https://un.org/,reference,region1.google-analytics.com,ablation,1,ablated,third_party,769928,767410,2499,19,6
https://un.org/,reference,region1.google-analytics.com,ablation,1,ablated,listed,20648,18149,2499,0,6
https://unesco.org/,reference,tag.aticdn.net,ablation,0,control,page,2217871,2190626,27432,-187,1
https://unesco.org/,reference,tag.aticdn.net,ablation,0,control,third_party,698022,670850,27432,-260,1
https://unesco.org/,reference,tag.aticdn.net,ablation,0,control,listed,29106,1674,27432,0,1
https://unesco.org/,reference,tag.aticdn.net,ablation,1,ablated,page,2216344,2188600,27432,312,1
https://unesco.org/,reference,tag.aticdn.net,ablation,1,ablated,third_party,697848,670123,27432,293,1
https://unesco.org/,reference,tag.aticdn.net,ablation,1,ablated,listed,29106,1674,27432,0,1
https://unesco.org/,reference,region1.google-analytics.com,ablation,0,control,page,2217583,2215612,1674,297,2
https://unesco.org/,reference,region1.google-analytics.com,ablation,0,control,third_party,698029,696355,1674,0,2
https://unesco.org/,reference,region1.google-analytics.com,ablation,0,control,listed,29106,27432,1674,0,2
https://unesco.org/,reference,region1.google-analytics.com,ablation,1,ablated,page,2216918,2215399,1674,-155,2
https://unesco.org/,reference,region1.google-analytics.com,ablation,1,ablated,third_party,698029,696355,1674,0,2
https://unesco.org/,reference,region1.google-analytics.com,ablation,1,ablated,listed,29106,27432,1674,0,2
https://uol.com.br/,news,securepubads.g.doubleclick.net,ablation,0,control,page,4591270,5545595,255277,-1209602,2
https://uol.com.br/,news,securepubads.g.doubleclick.net,ablation,0,control,third_party,3876153,3528328,255277,92548,2
https://uol.com.br/,news,securepubads.g.doubleclick.net,ablation,0,control,listed,925321,645157,255277,24887,2
https://uol.com.br/,news,securepubads.g.doubleclick.net,ablation,1,ablated,page,5547214,4605988,256552,684674,2
https://uol.com.br/,news,securepubads.g.doubleclick.net,ablation,1,ablated,third_party,3875028,3522120,256552,96356,2
https://uol.com.br/,news,securepubads.g.doubleclick.net,ablation,1,ablated,listed,924750,645690,256552,22508,2
https://uol.com.br/,news,4b91477e-f67b-4d81-86db-a9742bd41e9c.edge.permutive.app,ablation,0,control,page,4615384,4797976,150233,-332825,2
https://uol.com.br/,news,4b91477e-f67b-4d81-86db-a9742bd41e9c.edge.permutive.app,ablation,0,control,third_party,2950404,2737289,150233,62882,2
https://uol.com.br/,news,4b91477e-f67b-4d81-86db-a9742bd41e9c.edge.permutive.app,ablation,0,control,listed,743111,530142,150233,62736,2
https://uol.com.br/,news,4b91477e-f67b-4d81-86db-a9742bd41e9c.edge.permutive.app,ablation,1,ablated,page,9439533,8423758,150233,865542,2
https://uol.com.br/,news,4b91477e-f67b-4d81-86db-a9742bd41e9c.edge.permutive.app,ablation,1,ablated,third_party,3761351,2710018,150233,901100,2
https://uol.com.br/,news,4b91477e-f67b-4d81-86db-a9742bd41e9c.edge.permutive.app,ablation,1,ablated,listed,928085,533668,150233,244184,2
https://uol.com.br/,news,c.amazon-adsystem.com,ablation,0,control,page,5029794,5866651,0,-836857,0
https://uol.com.br/,news,c.amazon-adsystem.com,ablation,0,control,third_party,2949555,2953467,0,-3912,0
https://uol.com.br/,news,c.amazon-adsystem.com,ablation,0,control,listed,744192,746269,0,-2077,0
https://uol.com.br/,news,c.amazon-adsystem.com,ablation,1,ablated,page,6227325,5218117,98823,910385,1
https://uol.com.br/,news,c.amazon-adsystem.com,ablation,1,ablated,third_party,3875397,3768071,98823,8503,1
https://uol.com.br/,news,c.amazon-adsystem.com,ablation,1,ablated,listed,931495,822900,98823,9772,1
https://usps.com/,productivity,connect.facebook.net,ablation,0,control,page,3609709,3349071,259258,1380,1
https://usps.com/,productivity,connect.facebook.net,ablation,0,control,third_party,1244194,983706,259258,1230,1
https://usps.com/,productivity,connect.facebook.net,ablation,0,control,listed,485016,225050,259258,708,1
https://usps.com/,productivity,connect.facebook.net,ablation,1,ablated,page,3606815,3349876,259259,-2320,1
https://usps.com/,productivity,connect.facebook.net,ablation,1,ablated,third_party,1241318,984379,259259,-2320,1
https://usps.com/,productivity,connect.facebook.net,ablation,1,ablated,listed,482137,225706,259259,-2828,1
https://usps.com/,productivity,c.tvpixel.com,ablation,0,control,page,3609367,3575824,32473,1070,1
https://usps.com/,productivity,c.tvpixel.com,ablation,0,control,third_party,1243858,1210309,32473,1076,1
https://usps.com/,productivity,c.tvpixel.com,ablation,0,control,listed,484678,451127,32473,1078,1
https://usps.com/,productivity,c.tvpixel.com,ablation,1,ablated,page,3613206,3573951,32473,6782,1
https://usps.com/,productivity,c.tvpixel.com,ablation,1,ablated,third_party,1247679,1208598,32473,6608,1
https://usps.com/,productivity,c.tvpixel.com,ablation,1,ablated,listed,485235,449438,32473,3324,1
https://usps.com/,productivity,sc-static.net,ablation,0,control,page,3606284,3580606,25611,67,1
https://usps.com/,productivity,sc-static.net,ablation,0,control,third_party,1240923,1215097,25611,215,1
https://usps.com/,productivity,sc-static.net,ablation,0,control,listed,481870,455916,25611,343,1
https://usps.com/,productivity,sc-static.net,ablation,1,ablated,page,3607134,3581178,25611,345,1
https://usps.com/,productivity,sc-static.net,ablation,1,ablated,third_party,1241781,1215675,25611,495,1
https://usps.com/,productivity,sc-static.net,ablation,1,ablated,listed,482599,455304,25611,1684,1
https://viber.com/,social,s.go-mpulse.net,ablation,0,control,page,13613091,13558708,58847,-4464,1
https://viber.com/,social,s.go-mpulse.net,ablation,0,control,third_party,728535,674157,58847,-4469,1
https://viber.com/,social,s.go-mpulse.net,ablation,0,control,listed,229384,170168,58847,369,1
https://viber.com/,social,s.go-mpulse.net,ablation,1,ablated,page,13614110,13553224,58847,2039,1
https://viber.com/,social,s.go-mpulse.net,ablation,1,ablated,third_party,729558,669359,58847,1352,1
https://viber.com/,social,s.go-mpulse.net,ablation,1,ablated,listed,229968,170193,58847,928,1
https://viber.com/,social,cdn.mxpnl.com,ablation,0,control,page,13613092,13578797,34292,3,1
https://viber.com/,social,cdn.mxpnl.com,ablation,0,control,third_party,728525,694233,34292,0,1
https://viber.com/,social,cdn.mxpnl.com,ablation,0,control,listed,229359,195067,34292,0,1
https://viber.com/,social,cdn.mxpnl.com,ablation,1,ablated,page,13613090,13578774,34292,24,1
https://viber.com/,social,cdn.mxpnl.com,ablation,1,ablated,third_party,728525,694218,34292,15,1
https://viber.com/,social,cdn.mxpnl.com,ablation,1,ablated,listed,229359,195067,34292,0,1
https://viber.com/,social,region1.analytics.google.com,ablation,0,control,page,13613128,13612259,836,33,1
https://viber.com/,social,region1.analytics.google.com,ablation,0,control,third_party,728550,727674,836,40,1
https://viber.com/,social,region1.analytics.google.com,ablation,0,control,listed,229384,228523,836,25,1
https://viber.com/,social,region1.analytics.google.com,ablation,1,ablated,page,13613102,13612262,836,4,1
https://viber.com/,social,region1.analytics.google.com,ablation,1,ablated,third_party,728530,727674,836,20,1
https://viber.com/,social,region1.analytics.google.com,ablation,1,ablated,listed,229364,228523,836,5,1
https://x.com/,social,o30969.ingest.us.sentry.io,ablation,0,control,page,3633859,3632974,494,391,1
https://x.com/,social,o30969.ingest.us.sentry.io,ablation,0,control,third_party,3519750,3519263,494,-7,1
https://x.com/,social,o30969.ingest.us.sentry.io,ablation,0,control,listed,494,0,494,0,1
https://x.com/,social,o30969.ingest.us.sentry.io,ablation,1,ablated,page,3633412,3632963,494,-45,1
https://x.com/,social,o30969.ingest.us.sentry.io,ablation,1,ablated,third_party,3519762,3519241,494,27,1
https://x.com/,social,o30969.ingest.us.sentry.io,ablation,1,ablated,listed,494,0,494,0,1
https://zillow.com/,shopping,cdn.pubnub.com,ablation,0,control,page,946896,1025108,0,-78212,0
https://zillow.com/,shopping,cdn.pubnub.com,ablation,0,control,third_party,682173,760385,0,-78212,0
https://zillow.com/,shopping,cdn.pubnub.com,ablation,0,control,listed,321048,321648,0,-600,0
https://zillow.com/,shopping,cdn.pubnub.com,ablation,1,ablated,page,946846,946874,0,-28,0
https://zillow.com/,shopping,cdn.pubnub.com,ablation,1,ablated,third_party,682122,682150,0,-28,0
https://zillow.com/,shopping,cdn.pubnub.com,ablation,1,ablated,listed,321022,321050,0,-28,0
https://zillow.com/,shopping,pagead2.googlesyndication.com,ablation,0,control,page,946886,946912,0,-26,0
https://zillow.com/,shopping,pagead2.googlesyndication.com,ablation,0,control,third_party,682162,682187,0,-25,0
https://zillow.com/,shopping,pagead2.googlesyndication.com,ablation,0,control,listed,321022,321022,0,0,0
https://zillow.com/,shopping,pagead2.googlesyndication.com,ablation,1,ablated,page,947606,946888,0,718,0
https://zillow.com/,shopping,pagead2.googlesyndication.com,ablation,1,ablated,third_party,682883,682164,0,719,0
https://zillow.com/,shopping,pagead2.googlesyndication.com,ablation,1,ablated,listed,321716,321022,0,694,0
https://zillow.com/,shopping,www.google-analytics.com,ablation,0,control,page,946886,946886,0,0,0
https://zillow.com/,shopping,www.google-analytics.com,ablation,0,control,third_party,682162,682163,0,-1,0
https://zillow.com/,shopping,www.google-analytics.com,ablation,0,control,listed,321022,321022,0,0,0
https://zillow.com/,shopping,www.google-analytics.com,ablation,1,ablated,page,946889,946887,0,2,0
https://zillow.com/,shopping,www.google-analytics.com,ablation,1,ablated,third_party,682163,682161,0,2,0
https://zillow.com/,shopping,www.google-analytics.com,ablation,1,ablated,listed,321022,321018,0,4,0
