page,category,host,kind,rep,first_arm,width,control_bytes,ablated_bytes,own_bytes,diff_bytes,n_aborted,n_aborted_casc
https://3lift.com/,infrastructure,js.adsrvr.org,ablation,0,control,page,3861775,3822767,34388,4620,3,3
https://3lift.com/,infrastructure,js.adsrvr.org,ablation,0,control,third_party,3861118,3822110,34388,4620,3,3
https://3lift.com/,infrastructure,js.adsrvr.org,ablation,0,control,listed,2605745,2566696,34388,4661,3,3
https://3lift.com/,infrastructure,js.adsrvr.org,ablation,1,ablated,page,3860069,3822968,33370,3731,3,3
https://3lift.com/,infrastructure,js.adsrvr.org,ablation,1,ablated,third_party,3859412,3822311,33370,3731,3,3
https://3lift.com/,infrastructure,js.adsrvr.org,ablation,1,ablated,listed,2603728,2566824,33370,3534,3,3
https://3lift.com/,infrastructure,insight.adsrvr.org,ablation,0,control,page,3861835,3852734,2443,6658,9,8
https://3lift.com/,infrastructure,insight.adsrvr.org,ablation,0,control,third_party,3861178,3852077,2443,6658,9,8
https://3lift.com/,infrastructure,insight.adsrvr.org,ablation,0,control,listed,2605932,2596654,2443,6835,9,8
https://3lift.com/,infrastructure,insight.adsrvr.org,ablation,1,ablated,page,3861907,3853240,2443,6224,9,8
https://3lift.com/,infrastructure,insight.adsrvr.org,ablation,1,ablated,third_party,3861250,3852583,2443,6224,9,8
https://3lift.com/,infrastructure,insight.adsrvr.org,ablation,1,ablated,listed,2605791,2596914,2443,6434,9,8
https://3lift.com/,infrastructure,match.adsrvr.org,ablation,0,control,page,3862209,3861970,2512,-2273,0,0
https://3lift.com/,infrastructure,match.adsrvr.org,ablation,0,control,third_party,3861552,3861313,2512,-2273,0,0
https://3lift.com/,infrastructure,match.adsrvr.org,ablation,0,control,listed,2605809,2605978,2512,-2681,0,0
https://3lift.com/,infrastructure,match.adsrvr.org,ablation,1,ablated,page,3862122,3861855,2512,-2245,0,0
https://3lift.com/,infrastructure,match.adsrvr.org,ablation,1,ablated,third_party,3861465,3861198,2512,-2245,0,0
https://3lift.com/,infrastructure,match.adsrvr.org,ablation,1,ablated,listed,2605731,2605698,2512,-2479,0,0
https://aboutads.info/,reference,www.google-analytics.com,ablation,0,control,page,575605,553332,22634,-361,1,1
https://aboutads.info/,reference,www.google-analytics.com,ablation,0,control,third_party,575605,552631,22634,340,1,1
https://aboutads.info/,reference,www.google-analytics.com,ablation,0,control,listed,24853,2219,22634,0,1,1
https://aboutads.info/,reference,www.google-analytics.com,ablation,1,ablated,page,575993,553350,22654,-11,1,1
https://aboutads.info/,reference,www.google-analytics.com,ablation,1,ablated,third_party,575286,552647,22654,-15,1,1
https://aboutads.info/,reference,www.google-analytics.com,ablation,1,ablated,listed,24873,2219,22654,0,1,1
https://aboutads.info/,reference,region1.analytics.google.com,ablation,0,control,page,575604,574617,1379,-392,2,2
https://aboutads.info/,reference,region1.analytics.google.com,ablation,0,control,third_party,575604,573906,1379,319,2,2
https://aboutads.info/,reference,region1.analytics.google.com,ablation,0,control,listed,24873,23494,1379,0,2,2
https://aboutads.info/,reference,region1.analytics.google.com,ablation,1,ablated,page,575988,574607,1379,2,2,2
https://aboutads.info/,reference,region1.analytics.google.com,ablation,1,ablated,third_party,575287,573906,1379,2,2,2
https://aboutads.info/,reference,region1.analytics.google.com,ablation,1,ablated,listed,24873,23494,1379,0,2,2
https://abovedomains.com/,infrastructure,connect.facebook.net,ablation,0,control,page,4692715,4491097,202437,-819,1,1
https://abovedomains.com/,infrastructure,connect.facebook.net,ablation,0,control,third_party,4692529,4490911,202437,-819,1,1
https://abovedomains.com/,infrastructure,connect.facebook.net,ablation,0,control,listed,317521,114912,202437,172,1,1
https://abovedomains.com/,infrastructure,connect.facebook.net,ablation,1,ablated,page,4692965,4488043,202413,2509,1,1
https://abovedomains.com/,infrastructure,connect.facebook.net,ablation,1,ablated,third_party,4692965,4487857,202413,2695,1,1
https://abovedomains.com/,infrastructure,connect.facebook.net,ablation,1,ablated,listed,317496,114595,202413,488,1,1
https://abovedomains.com/,infrastructure,js.hs-analytics.net,ablation,0,control,page,4691480,4647323,43890,267,1,1
https://abovedomains.com/,infrastructure,js.hs-analytics.net,ablation,0,control,third_party,4691294,4647137,43890,267,1,1
https://abovedomains.com/,infrastructure,js.hs-analytics.net,ablation,0,control,listed,317842,272622,43890,1330,1,1
https://abovedomains.com/,infrastructure,js.hs-analytics.net,ablation,1,ablated,page,4691514,4646234,43888,1392,1,1
https://abovedomains.com/,infrastructure,js.hs-analytics.net,ablation,1,ablated,third_party,4691328,4646048,43888,1392,1,1
https://abovedomains.com/,infrastructure,js.hs-analytics.net,ablation,1,ablated,listed,317529,272598,43888,1043,1,1
https://abovedomains.com/,infrastructure,js.hubspot.com,ablation,0,control,page,4693109,4660980,29640,2489,1,1
https://abovedomains.com/,infrastructure,js.hubspot.com,ablation,0,control,third_party,4693109,4660794,29640,2675,1,1
https://abovedomains.com/,infrastructure,js.hubspot.com,ablation,0,control,listed,317523,286593,29640,1290,1,1
https://abovedomains.com/,infrastructure,js.hubspot.com,ablation,1,ablated,page,4690872,4658848,29636,2388,1,1
https://abovedomains.com/,infrastructure,js.hubspot.com,ablation,1,ablated,third_party,4690872,4658662,29636,2574,1,1
https://abovedomains.com/,infrastructure,js.hubspot.com,ablation,1,ablated,listed,317521,286257,29636,1628,1,1
https://adsrvr.org/,infrastructure,js-agent.newrelic.com,ablation,0,control,page,463345,427787,34184,1374,2,2
https://adsrvr.org/,infrastructure,js-agent.newrelic.com,ablation,0,control,third_party,320905,285347,34184,1374,2,2
https://adsrvr.org/,infrastructure,js-agent.newrelic.com,ablation,0,control,listed,289935,254377,34184,1374,2,2
https://adsrvr.org/,infrastructure,js-agent.newrelic.com,ablation,1,ablated,page,462813,427785,34010,1018,2,2
https://adsrvr.org/,infrastructure,js-agent.newrelic.com,ablation,1,ablated,third_party,320373,285345,34010,1018,2,2
https://adsrvr.org/,infrastructure,js-agent.newrelic.com,ablation,1,ablated,listed,289403,254375,34010,1018,2,2
https://adsrvr.org/,infrastructure,bam.nr-data.net,ablation,0,control,page,462813,461797,1018,-2,1,1
https://adsrvr.org/,infrastructure,bam.nr-data.net,ablation,0,control,third_party,320373,319357,1018,-2,1,1
https://adsrvr.org/,infrastructure,bam.nr-data.net,ablation,0,control,listed,289403,288387,1018,-2,1,1
https://adsrvr.org/,infrastructure,bam.nr-data.net,ablation,1,ablated,page,463353,461771,1376,206,1,1
https://adsrvr.org/,infrastructure,bam.nr-data.net,ablation,1,ablated,third_party,320907,319355,1376,176,1,1
https://adsrvr.org/,infrastructure,bam.nr-data.net,ablation,1,ablated,listed,289937,288385,1376,176,1,1
https://airbnb.com/,shopping,ad.doubleclick.net,ablation,0,control,page,4959100,5496782,553,-538235,2,1
https://airbnb.com/,shopping,ad.doubleclick.net,ablation,0,control,third_party,4255137,4795884,553,-541300,2,1
https://airbnb.com/,shopping,ad.doubleclick.net,ablation,0,control,listed,4253340,4794087,553,-541300,2,1
https://airbnb.com/,shopping,ad.doubleclick.net,ablation,1,ablated,page,4964364,5498415,553,-534604,2,1
https://airbnb.com/,shopping,ad.doubleclick.net,ablation,1,ablated,third_party,4264670,4794932,553,-530815,2,1
https://airbnb.com/,shopping,ad.doubleclick.net,ablation,1,ablated,listed,4262873,4793135,553,-530815,2,1
https://aliexpress.com/,shopping,pagead2.googlesyndication.com,ablation,0,control,page,5154184,5027837,116369,9978,2,2
https://aliexpress.com/,shopping,pagead2.googlesyndication.com,ablation,0,control,third_party,5014740,4888411,116369,9960,2,2
https://aliexpress.com/,shopping,pagead2.googlesyndication.com,ablation,0,control,listed,856021,739652,116369,0,2,2
https://aliexpress.com/,shopping,pagead2.googlesyndication.com,ablation,1,ablated,page,5126431,5007876,116361,2194,2,2
https://aliexpress.com/,shopping,pagead2.googlesyndication.com,ablation,1,ablated,third_party,4988082,4867902,116361,3819,2,2
https://aliexpress.com/,shopping,pagead2.googlesyndication.com,ablation,1,ablated,listed,833851,717489,116361,1,2,2
https://amazon.ca/,shopping,s.amazon-adsystem.com,ablation,0,control,page,7626788,5581193,23951,2021644,1,1
https://amazon.ca/,shopping,s.amazon-adsystem.com,ablation,0,control,third_party,7106635,5085248,23951,1997436,1,1
https://amazon.ca/,shopping,s.amazon-adsystem.com,ablation,0,control,listed,56615,8887,23951,23777,1,1
https://amazon.ca/,shopping,s.amazon-adsystem.com,ablation,1,ablated,page,5778855,7028043,23951,-1273139,1,1
https://amazon.ca/,shopping,s.amazon-adsystem.com,ablation,1,ablated,third_party,5211577,6497273,23951,-1309647,1,1
https://amazon.ca/,shopping,s.amazon-adsystem.com,ablation,1,ablated,listed,57589,8888,23951,24750,1,1
https://amazon.com.br/,shopping,s.amazon-adsystem.com,ablation,0,control,page,11945852,7758700,23955,4163197,1,1
https://amazon.com.br/,shopping,s.amazon-adsystem.com,ablation,0,control,third_party,11277780,7119025,23955,4134800,1,1
https://amazon.com.br/,shopping,s.amazon-adsystem.com,ablation,0,control,listed,57804,9738,23955,24111,1,1
https://amazon.com.br/,shopping,s.amazon-adsystem.com,ablation,1,ablated,page,7930757,7950868,23955,-44066,1,1
https://amazon.com.br/,shopping,s.amazon-adsystem.com,ablation,1,ablated,third_party,7270850,7334426,23955,-87531,1,1
https://amazon.com.br/,shopping,s.amazon-adsystem.com,ablation,1,ablated,listed,56904,9481,23955,23468,1,1
https://amazonalexa.com/,productivity,s.amazon-adsystem.com,ablation,0,control,page,7372095,7316918,23952,31225,1,1
https://amazonalexa.com/,productivity,s.amazon-adsystem.com,ablation,0,control,third_party,7371780,7316603,23952,31225,1,1
https://amazonalexa.com/,productivity,s.amazon-adsystem.com,ablation,0,control,listed,57362,4177,23952,29233,1,1
https://amazonalexa.com/,productivity,s.amazon-adsystem.com,ablation,1,ablated,page,7366955,7318428,23952,24575,1,1
https://amazonalexa.com/,productivity,s.amazon-adsystem.com,ablation,1,ablated,third_party,7366640,7318428,23952,24260,1,1
https://amazonalexa.com/,productivity,s.amazon-adsystem.com,ablation,1,ablated,listed,54511,4453,23952,26106,1,1
https://amazonaws.com/,productivity,amazonwebservicesinc.tt.omtrdc.net,ablation,0,control,page,18058942,18056511,1270,1161,1,1
https://amazonaws.com/,productivity,amazonwebservicesinc.tt.omtrdc.net,ablation,0,control,third_party,18058632,18056511,1270,851,1,1
https://amazonaws.com/,productivity,amazonwebservicesinc.tt.omtrdc.net,ablation,0,control,listed,8956,7686,1270,0,1,1
https://amazonaws.com/,productivity,amazonwebservicesinc.tt.omtrdc.net,ablation,1,ablated,page,18060289,18056919,1271,2099,1,1
https://amazonaws.com/,productivity,amazonwebservicesinc.tt.omtrdc.net,ablation,1,ablated,third_party,18059979,18056919,1271,1789,1,1
https://amazonaws.com/,productivity,amazonwebservicesinc.tt.omtrdc.net,ablation,1,ablated,listed,8957,7686,1271,0,1,1
https://ameblo.jp/,social,region1.analytics.google.com,ablation,0,control,page,1481373,1480664,832,-123,1,1
https://ameblo.jp/,social,region1.analytics.google.com,ablation,0,control,third_party,1449593,1449049,832,-288,1,1
https://ameblo.jp/,social,region1.analytics.google.com,ablation,0,control,listed,2233,1401,832,0,1,1
https://ameblo.jp/,social,region1.analytics.google.com,ablation,1,ablated,page,1480479,1480389,832,-742,1,1
https://ameblo.jp/,social,region1.analytics.google.com,ablation,1,ablated,third_party,1449796,1448912,832,52,1,1
https://ameblo.jp/,social,region1.analytics.google.com,ablation,1,ablated,listed,2233,1401,832,0,1,1
https://ameblo.jp/,social,googleads.g.doubleclick.net,ablation,0,control,page,1481458,1480120,569,769,2,1
https://ameblo.jp/,social,googleads.g.doubleclick.net,ablation,0,control,third_party,1449770,1449304,569,-103,2,1
https://ameblo.jp/,social,googleads.g.doubleclick.net,ablation,0,control,listed,2233,1664,569,0,2,1
https://ameblo.jp/,social,googleads.g.doubleclick.net,ablation,1,ablated,page,1479818,1478325,569,924,2,1
https://ameblo.jp/,social,googleads.g.doubleclick.net,ablation,1,ablated,third_party,1449762,1448283,569,910,2,1
https://ameblo.jp/,social,googleads.g.doubleclick.net,ablation,1,ablated,listed,2233,832,569,832,2,1
https://amzn.to/,infrastructure,s.amazon-adsystem.com,ablation,0,control,page,2619922,2566150,23952,29820,1,1
https://amzn.to/,infrastructure,s.amazon-adsystem.com,ablation,0,control,third_party,2619476,2565704,23952,29820,1,1
https://amzn.to/,infrastructure,s.amazon-adsystem.com,ablation,0,control,listed,57181,8890,23952,24339,1,1
https://amzn.to/,infrastructure,s.amazon-adsystem.com,ablation,1,ablated,page,2614062,2564752,23952,25358,1,1
https://amzn.to/,infrastructure,s.amazon-adsystem.com,ablation,1,ablated,third_party,2613616,2564281,23952,25383,1,1
https://amzn.to/,infrastructure,s.amazon-adsystem.com,ablation,1,ablated,listed,57745,8644,23952,25149,1,1
https://applovin.com/,productivity,connect.facebook.net,ablation,0,control,page,20153554,19895513,258854,-813,1,1
https://applovin.com/,productivity,connect.facebook.net,ablation,0,control,third_party,13804853,13546780,258854,-781,1,1
https://applovin.com/,productivity,connect.facebook.net,ablation,0,control,listed,2183938,1925872,258854,-788,1,1
https://applovin.com/,productivity,connect.facebook.net,ablation,1,ablated,page,18105321,19894310,0,-1788989,1,1
https://applovin.com/,productivity,connect.facebook.net,ablation,1,ablated,third_party,11986246,13546400,0,-1560154,1,1
https://applovin.com/,productivity,connect.facebook.net,ablation,1,ablated,listed,1451921,1925978,0,-474057,1,1
https://applovin.com/,productivity,snap.licdn.com,ablation,0,control,page,20156518,20103732,47842,4944,2,2
https://applovin.com/,productivity,snap.licdn.com,ablation,0,control,third_party,13806466,13755080,47842,3544,2,2
https://applovin.com/,productivity,snap.licdn.com,ablation,0,control,listed,2185835,2134144,47842,3849,2,2
https://applovin.com/,productivity,snap.licdn.com,ablation,1,ablated,page,20155488,18113923,47842,1993723,0,0
https://applovin.com/,productivity,snap.licdn.com,ablation,1,ablated,third_party,13806786,11986147,47842,1772797,0,0
https://applovin.com/,productivity,snap.licdn.com,ablation,1,ablated,listed,2185644,1451871,47842,685931,0,0
https://applovin.com/,productivity,js.hs-analytics.net,ablation,0,control,page,20154401,18283026,43905,1827470,0,0
https://applovin.com/,productivity,js.hs-analytics.net,ablation,0,control,third_party,13805771,11986641,43905,1775225,0,0
https://applovin.com/,productivity,js.hs-analytics.net,ablation,0,control,listed,2184966,1452365,43905,688696,0,0
https://applovin.com/,productivity,js.hs-analytics.net,ablation,1,ablated,page,20155810,20111671,43906,233,1,1
https://applovin.com/,productivity,js.hs-analytics.net,ablation,1,ablated,third_party,13807182,13763019,43906,257,1,1
https://applovin.com/,productivity,js.hs-analytics.net,ablation,1,ablated,listed,2185962,2141581,43906,475,1,1
https://att.com/,productivity,cdn.quantummetric.com,ablation,0,control,page,7112449,6917492,206108,-11151,2,2
https://att.com/,productivity,cdn.quantummetric.com,ablation,0,control,third_party,1087884,883748,206108,-1972,2,2
https://att.com/,productivity,cdn.quantummetric.com,ablation,0,control,listed,850654,646975,206108,-2429,2,2
https://att.com/,productivity,cdn.quantummetric.com,ablation,1,ablated,page,7111891,6905722,206109,60,2,2
https://att.com/,productivity,cdn.quantummetric.com,ablation,1,ablated,third_party,1080660,881111,206109,-6560,2,2
https://att.com/,productivity,cdn.quantummetric.com,ablation,1,ablated,listed,843311,643533,206109,-6331,2,2
https://att.com/,productivity,connect.facebook.net,ablation,0,control,page,7446326,6930550,178383,337393,1,1
https://att.com/,productivity,connect.facebook.net,ablation,0,control,third_party,1094913,904016,178383,12514,1,1
https://att.com/,productivity,connect.facebook.net,ablation,0,control,listed,857473,670875,178383,8215,1,1
https://att.com/,productivity,connect.facebook.net,ablation,1,ablated,page,7439095,7277276,178382,-16563,1,1
https://att.com/,productivity,connect.facebook.net,ablation,1,ablated,third_party,1087812,910850,178382,-1420,1,1
https://att.com/,productivity,connect.facebook.net,ablation,1,ablated,listed,851716,674321,178382,-987,1,1
https://att.com/,productivity,s2.go-mpulse.net,ablation,0,control,page,7103152,6999204,118330,-14382,4,4
https://att.com/,productivity,s2.go-mpulse.net,ablation,0,control,third_party,1081008,958521,118330,4157,4,4
https://att.com/,productivity,s2.go-mpulse.net,ablation,0,control,listed,846803,721776,118330,6697,4,4
https://att.com/,productivity,s2.go-mpulse.net,ablation,1,ablated,page,7441655,6970799,118330,352526,4,4
https://att.com/,productivity,s2.go-mpulse.net,ablation,1,ablated,third_party,1080978,962040,118330,608,4,4
https://att.com/,productivity,s2.go-mpulse.net,ablation,1,ablated,listed,846422,727318,118330,774,4,4
https://auvik.com/,productivity,dev.visualwebsiteoptimizer.com,ablation,0,control,page,16455697,15673183,232529,549985,2,1
https://auvik.com/,productivity,dev.visualwebsiteoptimizer.com,ablation,0,control,third_party,2446974,2178790,232529,35655,2,1
https://auvik.com/,productivity,dev.visualwebsiteoptimizer.com,ablation,0,control,listed,665904,433289,232529,86,2,1
https://auvik.com/,productivity,dev.visualwebsiteoptimizer.com,ablation,1,ablated,page,13429303,14100402,232440,-903539,2,1
https://auvik.com/,productivity,dev.visualwebsiteoptimizer.com,ablation,1,ablated,third_party,2413130,2179254,232440,1436,2,1
https://auvik.com/,productivity,dev.visualwebsiteoptimizer.com,ablation,1,ablated,listed,667668,433839,232440,1389,2,1
https://auvik.com/,productivity,connect.facebook.net,ablation,0,control,page,15050056,14284827,204915,560314,1,1
https://auvik.com/,productivity,connect.facebook.net,ablation,0,control,third_party,2447017,2206179,204915,35923,1,1
https://auvik.com/,productivity,connect.facebook.net,ablation,0,control,listed,666054,460781,204915,358,1,1
https://auvik.com/,productivity,connect.facebook.net,ablation,1,ablated,page,15919332,14651326,204916,1063090,1,1
https://auvik.com/,productivity,connect.facebook.net,ablation,1,ablated,third_party,2411178,2205797,204916,465,1,1
https://auvik.com/,productivity,connect.facebook.net,ablation,1,ablated,listed,665961,461156,204916,-111,1,1
https://auvik.com/,productivity,browser.sentry-cdn.com,ablation,0,control,page,17408651,16022236,25688,1360727,1,1
https://auvik.com/,productivity,browser.sentry-cdn.com,ablation,0,control,third_party,2411882,2384507,25688,1687,1,1
https://auvik.com/,productivity,browser.sentry-cdn.com,ablation,0,control,listed,665841,639220,25688,933,1,1
https://auvik.com/,productivity,browser.sentry-cdn.com,ablation,1,ablated,page,11820940,12877523,25689,-1082272,1,1
https://auvik.com/,productivity,browser.sentry-cdn.com,ablation,1,ablated,third_party,2410497,2383828,25689,980,1,1
https://auvik.com/,productivity,browser.sentry-cdn.com,ablation,1,ablated,listed,665731,638404,25689,1638,1,1
https://avito.ru/,shopping,yandex.ru,ablation,0,control,page,8862573,9577745,566598,-1281770,6,4
https://avito.ru/,shopping,yandex.ru,ablation,0,control,third_party,8514803,9123659,566598,-1175454,6,4
https://avito.ru/,shopping,yandex.ru,ablation,0,control,listed,7078106,8425231,566598,-1913723,6,4
https://avito.ru/,shopping,yandex.ru,ablation,1,ablated,page,10933216,7870096,558830,2504290,11,4
https://avito.ru/,shopping,yandex.ru,ablation,1,ablated,third_party,10567179,7544435,558830,2463914,11,4
https://avito.ru/,shopping,yandex.ru,ablation,1,ablated,listed,7243953,6823103,558830,-137980,11,4
https://avito.ru/,shopping,static.a.mts.ru,ablation,0,control,page,8840749,10425802,170368,-1755421,2,2
https://avito.ru/,shopping,static.a.mts.ru,ablation,0,control,third_party,8503514,10029350,170368,-1696204,2,2
https://avito.ru/,shopping,static.a.mts.ru,ablation,0,control,listed,6875314,8304726,170368,-1599780,2,2
https://avito.ru/,shopping,static.a.mts.ru,ablation,1,ablated,page,9723731,9330294,170368,223069,2,2
https://avito.ru/,shopping,static.a.mts.ru,ablation,1,ablated,third_party,9369859,8958785,170368,240706,2,2
https://avito.ru/,shopping,static.a.mts.ru,ablation,1,ablated,listed,7998412,7253718,170368,574326,2,2
https://avito.ru/,shopping,mc.yandex.ru,ablation,0,control,page,10698425,9243048,165877,1289500,2,2
https://avito.ru/,shopping,mc.yandex.ru,ablation,0,control,third_party,10237988,8896076,165877,1176035,2,2
https://avito.ru/,shopping,mc.yandex.ru,ablation,0,control,listed,8588320,7279422,165877,1143021,2,2
https://avito.ru/,shopping,mc.yandex.ru,ablation,1,ablated,page,9098785,9022984,165912,-90111,2,2
https://avito.ru/,shopping,mc.yandex.ru,ablation,1,ablated,third_party,8757494,8672850,165912,-81268,2,2
https://avito.ru/,shopping,mc.yandex.ru,ablation,1,ablated,listed,7356222,7277724,165912,-87414,2,2
https://b-cdn.net/,infrastructure,widget.trustpilot.com,ablation,0,control,page,4947805,4871347,76434,24,2,2
https://b-cdn.net/,infrastructure,widget.trustpilot.com,ablation,0,control,third_party,2082902,2006444,76434,24,2,2
https://b-cdn.net/,infrastructure,widget.trustpilot.com,ablation,0,control,listed,515803,439344,76434,25,2,2
https://b-cdn.net/,infrastructure,widget.trustpilot.com,ablation,1,ablated,page,4947743,4871347,76434,-38,2,2
https://b-cdn.net/,infrastructure,widget.trustpilot.com,ablation,1,ablated,third_party,2082840,2006444,76434,-38,2,2
https://b-cdn.net/,infrastructure,widget.trustpilot.com,ablation,1,ablated,listed,515780,439344,76434,2,2,2
https://bandcamp.com/,entertainment,region1.google-analytics.com,ablation,0,control,page,4519160,4458004,835,60321,1,1
https://bandcamp.com/,entertainment,region1.google-analytics.com,ablation,0,control,third_party,4463074,4401886,835,60353,1,1
https://bandcamp.com/,entertainment,region1.google-analytics.com,ablation,0,control,listed,56794,55805,835,154,1,1
https://bandcamp.com/,entertainment,region1.google-analytics.com,ablation,1,ablated,page,4474164,4474248,835,-919,1,1
https://bandcamp.com/,entertainment,region1.google-analytics.com,ablation,1,ablated,third_party,4418530,4418470,835,-775,1,1
https://bandcamp.com/,entertainment,region1.google-analytics.com,ablation,1,ablated,listed,53839,52868,835,136,1,1
https://bandcamp.com/,entertainment,o363271.ingest.us.sentry.io,ablation,0,control,page,4454151,4381532,494,72125,1,1
https://bandcamp.com/,entertainment,o363271.ingest.us.sentry.io,ablation,0,control,third_party,4398688,4326899,494,71295,1,1
https://bandcamp.com/,entertainment,o363271.ingest.us.sentry.io,ablation,0,control,listed,53816,53439,494,-117,1,1
https://bandcamp.com/,entertainment,o363271.ingest.us.sentry.io,ablation,1,ablated,page,4308161,4380198,494,-72531,1,1
https://bandcamp.com/,entertainment,o363271.ingest.us.sentry.io,ablation,1,ablated,third_party,4254647,4326002,494,-71849,1,1
https://bandcamp.com/,entertainment,o363271.ingest.us.sentry.io,ablation,1,ablated,listed,56731,56294,494,-57,1,1
https://base.org/,productivity,browser-intake-datadoghq.com,ablation,0,control,page,5448852,5444513,2320,2019,10,10
https://base.org/,productivity,browser-intake-datadoghq.com,ablation,0,control,third_party,440974,436573,2320,2081,10,10
https://base.org/,productivity,browser-intake-datadoghq.com,ablation,0,control,listed,228852,226531,2320,1,10,10
https://base.org/,productivity,browser-intake-datadoghq.com,ablation,1,ablated,page,5446783,5444870,2320,-407,10,10
https://base.org/,productivity,browser-intake-datadoghq.com,ablation,1,ablated,third_party,438944,437041,2320,-417,10,10
https://base.org/,productivity,browser-intake-datadoghq.com,ablation,1,ablated,listed,228851,226531,2320,0,10,10
https://base.org/,productivity,region1.google-analytics.com,ablation,0,control,page,5449458,5446000,835,2623,1,1
https://base.org/,productivity,region1.google-analytics.com,ablation,0,control,third_party,441391,438096,835,2460,1,1
https://base.org/,productivity,region1.google-analytics.com,ablation,0,control,listed,228852,228017,835,0,1,1
https://base.org/,productivity,region1.google-analytics.com,ablation,1,ablated,page,5446881,5447338,835,-1292,1,1
https://base.org/,productivity,region1.google-analytics.com,ablation,1,ablated,third_party,438948,439539,835,-1426,1,1
https://base.org/,productivity,region1.google-analytics.com,ablation,1,ablated,listed,228851,229409,835,-1393,1,1
https://base.org/,productivity,api.lab.amplitude.com,ablation,0,control,page,5455928,5446236,689,9003,4,4
https://base.org/,productivity,api.lab.amplitude.com,ablation,0,control,third_party,440742,438300,689,1753,4,4
https://base.org/,productivity,api.lab.amplitude.com,ablation,0,control,listed,230707,228162,689,1856,4,4
https://base.org/,productivity,api.lab.amplitude.com,ablation,1,ablated,page,5445920,5446087,689,-856,4,4
https://base.org/,productivity,api.lab.amplitude.com,ablation,1,ablated,third_party,438930,438250,689,-9,4,4
https://base.org/,productivity,api.lab.amplitude.com,ablation,1,ablated,listed,228851,228162,689,0,4,4
https://behance.net/,social,js-agent.newrelic.com,ablation,0,control,page,6438450,6403312,32552,2586,1,1
https://behance.net/,social,js-agent.newrelic.com,ablation,0,control,third_party,2034478,2000071,32552,1855,1,1
https://behance.net/,social,js-agent.newrelic.com,ablation,0,control,listed,384405,349994,32552,1859,1,1
https://behance.net/,social,js-agent.newrelic.com,ablation,1,ablated,page,6438732,6403975,32551,2206,1,1
https://behance.net/,social,js-agent.newrelic.com,ablation,1,ablated,third_party,2034814,2000084,32551,2179,1,1
https://behance.net/,social,js-agent.newrelic.com,ablation,1,ablated,listed,384729,350002,32551,2176,1,1
https://behance.net/,social,bam.nr-data.net,ablation,0,control,page,6438400,6438621,1852,-2073,2,2
https://behance.net/,social,bam.nr-data.net,ablation,0,control,third_party,2034472,2034667,1852,-2047,2,2
https://behance.net/,social,bam.nr-data.net,ablation,0,control,listed,384400,384597,1852,-2049,2,2
https://behance.net/,social,bam.nr-data.net,ablation,1,ablated,page,6440466,6438946,1852,-332,2,2
https://behance.net/,social,bam.nr-data.net,ablation,1,ablated,third_party,2036512,2035020,1852,-360,2,2
https://behance.net/,social,bam.nr-data.net,ablation,1,ablated,listed,386454,384608,1852,-6,2,2
https://berkeley.edu/,reference,siteimproveanalytics.com,ablation,0,control,page,14541191,14529347,9898,1946,2,2
https://berkeley.edu/,reference,siteimproveanalytics.com,ablation,0,control,third_party,372822,360978,9898,1946,2,2
https://berkeley.edu/,reference,siteimproveanalytics.com,ablation,0,control,listed,11877,1678,9898,301,2,2
https://berkeley.edu/,reference,siteimproveanalytics.com,ablation,1,ablated,page,14539582,14530982,9896,-1296,2,2
https://berkeley.edu/,reference,siteimproveanalytics.com,ablation,1,ablated,third_party,371213,362612,9896,-1295,2,2
https://berkeley.edu/,reference,siteimproveanalytics.com,ablation,1,ablated,listed,11875,1678,9896,301,2,2
https://berkeley.edu/,reference,region1.analytics.google.com,ablation,0,control,page,14539543,14538729,839,-25,1,1
https://berkeley.edu/,reference,region1.analytics.google.com,ablation,0,control,third_party,371173,370360,839,-26,1,1
https://berkeley.edu/,reference,region1.analytics.google.com,ablation,0,control,listed,11875,11040,839,-4,1,1
https://berkeley.edu/,reference,region1.analytics.google.com,ablation,1,ablated,page,14539587,14538733,839,15,1,1
https://berkeley.edu/,reference,region1.analytics.google.com,ablation,1,ablated,third_party,371217,370363,839,15,1,1
https://berkeley.edu/,reference,region1.analytics.google.com,ablation,1,ablated,listed,11881,11038,839,4,1,1
https://bit.ly/,infrastructure,cdn.optimizely.com,ablation,0,control,page,5954867,5829547,123146,2174,2,2
https://bit.ly/,infrastructure,cdn.optimizely.com,ablation,0,control,third_party,5954477,5829182,123146,2149,2,2
https://bit.ly/,infrastructure,cdn.optimizely.com,ablation,0,control,listed,354155,228653,123146,2356,2,2
https://bit.ly/,infrastructure,cdn.optimizely.com,ablation,1,ablated,page,5899243,5774695,123145,1403,2,2
https://bit.ly/,infrastructure,cdn.optimizely.com,ablation,1,ablated,third_party,5898878,5774330,123145,1403,2,2
https://bit.ly/,infrastructure,cdn.optimizely.com,ablation,1,ablated,listed,354118,229489,123145,1484,2,2
https://bit.ly/,infrastructure,bat.bing.com,ablation,0,control,page,5899561,5863368,35118,1075,1,1
https://bit.ly/,infrastructure,bat.bing.com,ablation,0,control,third_party,5899196,5863003,35118,1075,1,1
https://bit.ly/,infrastructure,bat.bing.com,ablation,0,control,listed,354950,318188,35118,1644,1,1
https://bit.ly/,infrastructure,bat.bing.com,ablation,1,ablated,page,5898892,5862886,35118,888,1,1
https://bit.ly/,infrastructure,bat.bing.com,ablation,1,ablated,third_party,5898892,5862521,35118,1253,1,1
https://bit.ly/,infrastructure,bat.bing.com,ablation,1,ablated,listed,354118,318238,35118,762,1,1
https://bit.ly/,infrastructure,region1.google-analytics.com,ablation,0,control,page,5898067,5898109,1664,-1706,4,4
https://bit.ly/,infrastructure,region1.google-analytics.com,ablation,0,control,third_party,5897702,5897719,1664,-1681,4,4
https://bit.ly/,infrastructure,region1.google-analytics.com,ablation,0,control,listed,353306,351642,1664,0,4,4
https://bit.ly/,infrastructure,region1.google-analytics.com,ablation,1,ablated,page,5898385,5897492,2476,-1583,3,3
https://bit.ly/,infrastructure,region1.google-analytics.com,ablation,1,ablated,third_party,5897995,5897127,2476,-1608,3,3
https://bit.ly/,infrastructure,region1.google-analytics.com,ablation,1,ablated,listed,354118,351642,2476,0,3,3
https://box.com/,productivity,js.qualified.com,ablation,0,control,page,3492349,3395601,98361,-1613,4,4
https://box.com/,productivity,js.qualified.com,ablation,0,control,third_party,1984009,1887014,98361,-1366,4,4
https://box.com/,productivity,js.qualified.com,ablation,0,control,listed,1871058,1774066,98361,-1369,4,4
https://box.com/,productivity,js.qualified.com,ablation,1,ablated,page,3492826,3394694,98361,-229,4,4
https://box.com/,productivity,js.qualified.com,ablation,1,ablated,third_party,1984125,1886017,98361,-253,4,4
https://box.com/,productivity,js.qualified.com,ablation,1,ablated,listed,1871175,1773068,98361,-254,4,4
https://box.com/,productivity,cdn.segment.com,ablation,0,control,page,3491631,3454725,37678,-772,1,1
https://box.com/,productivity,cdn.segment.com,ablation,0,control,third_party,1983189,1946453,37678,-942,1,1
https://box.com/,productivity,cdn.segment.com,ablation,0,control,listed,1870241,1833501,37678,-938,1,1
https://box.com/,productivity,cdn.segment.com,ablation,1,ablated,page,3490465,3454790,37678,-2003,1,1
https://box.com/,productivity,cdn.segment.com,ablation,1,ablated,third_party,1982222,1945913,37678,-1369,1,1
https://box.com/,productivity,cdn.segment.com,ablation,1,ablated,listed,1869271,1832962,37678,-1369,1,1
https://box.com/,productivity,js-agent.newrelic.com,ablation,0,control,page,3490864,3461641,28743,480,2,2
https://box.com/,productivity,js-agent.newrelic.com,ablation,0,control,third_party,1982953,1952734,28743,1476,2,2
https://box.com/,productivity,js-agent.newrelic.com,ablation,0,control,listed,1870003,1839783,28743,1477,2,2
https://box.com/,productivity,js-agent.newrelic.com,ablation,1,ablated,page,3492217,3460638,28743,2836,2,2
https://box.com/,productivity,js-agent.newrelic.com,ablation,1,ablated,third_party,1983493,1951360,28743,3390,2,2
https://box.com/,productivity,js-agent.newrelic.com,ablation,1,ablated,listed,1870544,1838408,28743,3393,2,2
https://branch.io/,infrastructure,bat.bing.com,ablation,0,control,page,1145589,1109098,35511,980,1,1
https://branch.io/,infrastructure,bat.bing.com,ablation,0,control,third_party,459398,422906,35511,981,1,1
https://branch.io/,infrastructure,bat.bing.com,ablation,0,control,listed,259491,224027,35511,-47,1,1
https://branch.io/,infrastructure,bat.bing.com,ablation,1,ablated,page,1145613,1109123,35511,979,1,1
https://branch.io/,infrastructure,bat.bing.com,ablation,1,ablated,third_party,459421,422931,35511,979,1,1
https://branch.io/,infrastructure,bat.bing.com,ablation,1,ablated,listed,259514,224052,35511,-49,1,1
https://branch.io/,infrastructure,sc-static.net,ablation,0,control,page,1145611,1117221,25611,2779,1,1
https://branch.io/,infrastructure,sc-static.net,ablation,0,control,third_party,459419,431029,25611,2779,1,1
https://branch.io/,infrastructure,sc-static.net,ablation,0,control,listed,259512,231105,25611,2796,1,1
https://branch.io/,infrastructure,sc-static.net,ablation,1,ablated,page,1145661,1117135,25611,2915,1,1
https://branch.io/,infrastructure,sc-static.net,ablation,1,ablated,third_party,459470,430944,25611,2915,1,1
https://branch.io/,infrastructure,sc-static.net,ablation,1,ablated,listed,259563,231041,25611,2911,1,1
https://branch.io/,infrastructure,dev.visualwebsiteoptimizer.com,ablation,0,control,page,1145744,1139889,5702,153,2,1
https://branch.io/,infrastructure,dev.visualwebsiteoptimizer.com,ablation,0,control,third_party,459552,453697,5702,153,2,1
https://branch.io/,infrastructure,dev.visualwebsiteoptimizer.com,ablation,0,control,listed,259487,253790,5702,-5,2,1
https://branch.io/,infrastructure,dev.visualwebsiteoptimizer.com,ablation,1,ablated,page,1145609,1139474,5700,435,2,1
https://branch.io/,infrastructure,dev.visualwebsiteoptimizer.com,ablation,1,ablated,third_party,459417,453767,5700,-50,2,1
https://branch.io/,infrastructure,dev.visualwebsiteoptimizer.com,ablation,1,ablated,listed,259510,253860,5700,-50,2,1
https://braze.com/,productivity,js.qualified.com,ablation,0,control,page,6999718,5853100,466600,680018,1,1
https://braze.com/,productivity,js.qualified.com,ablation,0,control,third_party,4510058,2936333,466600,1107125,1,1
https://braze.com/,productivity,js.qualified.com,ablation,0,control,listed,2077465,503864,466600,1107001,1,1
https://braze.com/,productivity,js.qualified.com,ablation,1,ablated,page,5950070,4254120,466600,1229350,1,1
https://braze.com/,productivity,js.qualified.com,ablation,1,ablated,third_party,4624218,2935866,466600,1221752,1,1
https://braze.com/,productivity,js.qualified.com,ablation,1,ablated,listed,2191803,503612,466600,1221591,1,1
https://braze.com/,productivity,dev.visualwebsiteoptimizer.com,ablation,0,control,page,6452210,6712519,221448,-481757,2,1
https://braze.com/,productivity,dev.visualwebsiteoptimizer.com,ablation,0,control,third_party,4501368,3931191,221448,348729,2,1
https://braze.com/,productivity,dev.visualwebsiteoptimizer.com,ablation,0,control,listed,2068621,1498706,221448,348467,2,1
https://braze.com/,productivity,dev.visualwebsiteoptimizer.com,ablation,1,ablated,page,7900975,7416986,219062,264927,2,1
https://braze.com/,productivity,dev.visualwebsiteoptimizer.com,ablation,1,ablated,third_party,4624514,4289301,219062,116151,2,1
https://braze.com/,productivity,dev.visualwebsiteoptimizer.com,ablation,1,ablated,listed,2192208,1855946,219062,117200,2,1
https://braze.com/,productivity,app.qualified.com,ablation,0,control,page,8029174,6598684,16859,1413631,11,11
https://braze.com/,productivity,app.qualified.com,ablation,0,control,third_party,4637113,3206743,16859,1413511,11,11
https://braze.com/,productivity,app.qualified.com,ablation,0,control,listed,2204476,774329,16859,1413288,11,11
https://braze.com/,productivity,app.qualified.com,ablation,1,ablated,page,8016574,6456301,16861,1543412,11,11
https://braze.com/,productivity,app.qualified.com,ablation,1,ablated,third_party,4624646,3199639,16861,1408146,11,11
https://braze.com/,productivity,app.qualified.com,ablation,1,ablated,listed,2190928,767229,16861,1406838,11,11
https://ca.gov/,reference,region1.google-analytics.com,ablation,0,control,page,590919,565512,1646,23761,2,2
https://ca.gov/,reference,region1.google-analytics.com,ablation,0,control,third_party,360417,357864,1646,907,2,2
https://ca.gov/,reference,region1.google-analytics.com,ablation,0,control,listed,1646,0,1646,0,2,2
https://ca.gov/,reference,region1.google-analytics.com,ablation,1,ablated,page,567152,567887,1646,-2381,2,2
https://ca.gov/,reference,region1.google-analytics.com,ablation,1,ablated,third_party,359504,357845,1646,13,2,2
https://ca.gov/,reference,region1.google-analytics.com,ablation,1,ablated,listed,1646,0,1646,0,2,2
https://cdnvideo.ru/,infrastructure,mc.yandex.ru,ablation,0,control,page,13496908,13400924,92008,3976,1,1
https://cdnvideo.ru/,infrastructure,mc.yandex.ru,ablation,0,control,third_party,2490690,2392962,92008,5720,1,1
https://cdnvideo.ru/,infrastructure,mc.yandex.ru,ablation,0,control,listed,176329,78812,92008,5509,1,1
https://cdnvideo.ru/,infrastructure,mc.yandex.ru,ablation,1,ablated,page,13497986,13400781,92008,5197,1,1
https://cdnvideo.ru/,infrastructure,mc.yandex.ru,ablation,1,ablated,third_party,2490550,2392993,92008,5549,1,1
https://cdnvideo.ru/,infrastructure,mc.yandex.ru,ablation,1,ablated,listed,176269,78814,92008,5447,1,1
https://cdnvideo.ru/,infrastructure,top-fwz1.mail.ru,ablation,0,control,page,13498453,13419313,55058,24082,2,2
https://cdnvideo.ru/,infrastructure,top-fwz1.mail.ru,ablation,0,control,third_party,2490403,2411443,55058,23902,2,2
https://cdnvideo.ru/,infrastructure,top-fwz1.mail.ru,ablation,0,control,listed,176288,97415,55058,23815,2,2
https://cdnvideo.ru/,infrastructure,top-fwz1.mail.ru,ablation,1,ablated,page,13497665,13419626,55058,22981,2,2
https://cdnvideo.ru/,infrastructure,top-fwz1.mail.ru,ablation,1,ablated,third_party,2490425,2411745,55058,23622,2,2
https://cdnvideo.ru/,infrastructure,top-fwz1.mail.ru,ablation,1,ablated,listed,176246,97616,55058,23572,2,2
https://cdnvideo.ru/,infrastructure,mc.yandex.com,ablation,0,control,page,13498289,13497746,5416,-4873,4,3
https://cdnvideo.ru/,infrastructure,mc.yandex.com,ablation,0,control,third_party,2490294,2489710,5416,-4832,4,3
https://cdnvideo.ru/,infrastructure,mc.yandex.com,ablation,0,control,listed,176237,170821,5416,0,4,3
https://cdnvideo.ru/,infrastructure,mc.yandex.com,ablation,1,ablated,page,13498534,13492312,5693,529,4,3
https://cdnvideo.ru/,infrastructure,mc.yandex.com,ablation,1,ablated,third_party,2490698,2485080,5693,-75,4,3
https://cdnvideo.ru/,infrastructure,mc.yandex.com,ablation,1,ablated,listed,176514,170821,5693,0,4,3
https://chess.com/,entertainment,o90235.ingest.sentry.io,ablation,0,control,page,2943230,2939827,494,2909,1,1
https://chess.com/,entertainment,o90235.ingest.sentry.io,ablation,0,control,third_party,609016,608132,494,390,1,1
https://chess.com/,entertainment,o90235.ingest.sentry.io,ablation,0,control,listed,549570,549076,494,0,1,1
https://chess.com/,entertainment,o90235.ingest.sentry.io,ablation,1,ablated,page,2943387,2941842,494,1051,1,1
https://chess.com/,entertainment,o90235.ingest.sentry.io,ablation,1,ablated,third_party,608570,608524,494,-448,1,1
https://chess.com/,entertainment,o90235.ingest.sentry.io,ablation,1,ablated,listed,549570,549076,494,0,1,1
https://cloudflare.net/,infrastructure,static.cloudflareinsights.com,ablation,0,control,page,11310918,9302661,17726,1990531,3,3
https://cloudflare.net/,infrastructure,static.cloudflareinsights.com,ablation,0,control,third_party,1354371,1336625,17726,20,3,3
https://cloudflare.net/,infrastructure,static.cloudflareinsights.com,ablation,0,control,listed,209901,192175,17726,0,3,3
https://cloudflare.net/,infrastructure,static.cloudflareinsights.com,ablation,1,ablated,page,10317174,11620580,17726,-1321132,3,3
https://cloudflare.net/,infrastructure,static.cloudflareinsights.com,ablation,1,ablated,third_party,1354351,1336209,17726,416,3,3
https://cloudflare.net/,infrastructure,static.cloudflareinsights.com,ablation,1,ablated,listed,209901,192175,17726,0,3,3
https://cnet.com/,news,securepubads.g.doubleclick.net,ablation,0,control,page,3315960,3059145,256691,124,2,2
https://cnet.com/,news,securepubads.g.doubleclick.net,ablation,0,control,third_party,1794270,1537018,256691,561,2,2
https://cnet.com/,news,securepubads.g.doubleclick.net,ablation,0,control,listed,672724,415416,256691,617,2,2
https://cnet.com/,news,securepubads.g.doubleclick.net,ablation,1,ablated,page,3262176,3058866,256611,-53301,2,2
https://cnet.com/,news,securepubads.g.doubleclick.net,ablation,1,ablated,third_party,1794049,1537176,256611,262,2,2
https://cnet.com/,news,securepubads.g.doubleclick.net,ablation,1,ablated,listed,672513,415432,256611,470,2,2
https://cnet.com/,news,client.aps.amazon-adsystem.com,ablation,0,control,page,3316613,3225164,87899,3550,2,2
https://cnet.com/,news,client.aps.amazon-adsystem.com,ablation,0,control,third_party,1794486,1703037,87899,3550,2,2
https://cnet.com/,news,client.aps.amazon-adsystem.com,ablation,0,control,listed,672986,581293,87899,3794,2,2
https://cnet.com/,news,client.aps.amazon-adsystem.com,ablation,1,ablated,page,3316645,3224371,87899,4375,2,2
https://cnet.com/,news,client.aps.amazon-adsystem.com,ablation,1,ablated,third_party,1794518,1702244,87899,4375,2,2
https://cnet.com/,news,client.aps.amazon-adsystem.com,ablation,1,ablated,listed,672952,580621,87899,4432,2,2
https://cnet.com/,news,frugalfiestas.com,ablation,0,control,page,3316514,3267705,48166,643,1,1
https://cnet.com/,news,frugalfiestas.com,ablation,0,control,third_party,1794831,1745578,48166,1087,1,1
https://cnet.com/,news,frugalfiestas.com,ablation,0,control,listed,673087,623955,48166,966,1,1
https://cnet.com/,news,frugalfiestas.com,ablation,1,ablated,page,3316723,3268075,48183,465,1,1
https://cnet.com/,news,frugalfiestas.com,ablation,1,ablated,third_party,1794596,1746385,48183,28,1,1
https://cnet.com/,news,frugalfiestas.com,ablation,1,ablated,listed,673107,624830,48183,94,1,1
https://consultant.ru/,reference,mc.yandex.ru,ablation,0,control,page,450228,295430,147738,7060,2,2
https://consultant.ru/,reference,mc.yandex.ru,ablation,0,control,third_party,206470,50732,147738,8000,2,2
https://consultant.ru/,reference,mc.yandex.ru,ablation,0,control,listed,206470,50732,147738,8000,2,2
https://consultant.ru/,reference,mc.yandex.ru,ablation,1,ablated,page,450081,371057,147738,-68714,2,2
https://consultant.ru/,reference,mc.yandex.ru,ablation,1,ablated,third_party,206593,50732,147738,8123,2,2
https://consultant.ru/,reference,mc.yandex.ru,ablation,1,ablated,listed,206593,50732,147738,8123,2,2
https://consultant.ru/,reference,top-fwz1.mail.ru,ablation,0,control,page,452411,400239,26971,25201,1,1
https://consultant.ru/,reference,top-fwz1.mail.ru,ablation,0,control,third_party,208642,156467,26971,25204,1,1
https://consultant.ru/,reference,top-fwz1.mail.ru,ablation,0,control,listed,208642,156467,26971,25204,1,1
https://consultant.ru/,reference,top-fwz1.mail.ru,ablation,1,ablated,page,449756,400219,26971,22566,1,1
https://consultant.ru/,reference,top-fwz1.mail.ru,ablation,1,ablated,third_party,206594,156448,26971,23175,1,1
https://consultant.ru/,reference,top-fwz1.mail.ru,ablation,1,ablated,listed,206594,156448,26971,23175,1,1
https://consultant.ru/,reference,mc.yandex.com,ablation,0,control,page,450561,443158,8309,-906,7,6
https://consultant.ru/,reference,mc.yandex.com,ablation,0,control,third_party,206779,198470,8309,0,7,6
https://consultant.ru/,reference,mc.yandex.com,ablation,0,control,listed,206779,198470,8309,0,7,6
https://consultant.ru/,reference,mc.yandex.com,ablation,1,ablated,page,450857,519272,8171,-76586,7,6
https://consultant.ru/,reference,mc.yandex.com,ablation,1,ablated,third_party,206641,198469,8171,1,7,6
https://consultant.ru/,reference,mc.yandex.com,ablation,1,ablated,listed,206641,198469,8171,1,7,6
https://cornell.edu/,reference,siteimproveanalytics.com,ablation,0,control,page,25244976,25230047,13969,960,1,1
https://cornell.edu/,reference,siteimproveanalytics.com,ablation,0,control,third_party,21327961,21313693,13969,299,1,1
https://cornell.edu/,reference,siteimproveanalytics.com,ablation,0,control,listed,34945,20695,13969,281,1,1
https://cornell.edu/,reference,siteimproveanalytics.com,ablation,1,ablated,page,25421227,25229562,13963,177702,1,1
https://cornell.edu/,reference,siteimproveanalytics.com,ablation,1,ablated,third_party,21504212,21313721,13963,176528,1,1
https://cornell.edu/,reference,siteimproveanalytics.com,ablation,1,ablated,listed,34939,20695,13963,281,1,1
https://cornell.edu/,reference,region1.google-analytics.com,ablation,0,control,page,25245332,25241756,1656,1920,2,2
https://cornell.edu/,reference,region1.google-analytics.com,ablation,0,control,third_party,21328318,21326153,1656,509,2,2
https://cornell.edu/,reference,region1.google-analytics.com,ablation,0,control,listed,34915,33242,1656,17,2,2
https://cornell.edu/,reference,region1.google-analytics.com,ablation,1,ablated,page,25420765,25419870,1676,-781,2,2
https://cornell.edu/,reference,region1.google-analytics.com,ablation,1,ablated,third_party,21503737,21502857,1676,-796,2,2
https://cornell.edu/,reference,region1.google-analytics.com,ablation,1,ablated,listed,34916,33236,1676,4,2,2
https://creativecommons.org/,reference,region1.analytics.google.com,ablation,0,control,page,20661731,20659748,1920,63,3,3
https://creativecommons.org/,reference,region1.analytics.google.com,ablation,0,control,third_party,184175,182216,1920,39,3,3
https://creativecommons.org/,reference,region1.analytics.google.com,ablation,0,control,listed,3320,1400,1920,0,3,3
https://creativecommons.org/,reference,region1.analytics.google.com,ablation,1,ablated,page,20661661,20659851,1920,-110,3,3
https://creativecommons.org/,reference,region1.analytics.google.com,ablation,1,ablated,third_party,184175,182255,1920,0,3,3
https://creativecommons.org/,reference,region1.analytics.google.com,ablation,1,ablated,listed,3320,1400,1920,0,3,3
https://creativecommons.org/,reference,ad.doubleclick.net,ablation,0,control,page,20661676,20661084,558,34,2,1
https://creativecommons.org/,reference,ad.doubleclick.net,ablation,0,control,third_party,184175,183617,558,0,2,1
https://creativecommons.org/,reference,ad.doubleclick.net,ablation,0,control,listed,3320,2762,558,0,2,1
https://creativecommons.org/,reference,ad.doubleclick.net,ablation,1,ablated,page,20661598,20661083,558,-43,2,1
https://creativecommons.org/,reference,ad.doubleclick.net,ablation,1,ablated,third_party,184175,183578,558,39,2,1
https://creativecommons.org/,reference,ad.doubleclick.net,ablation,1,ablated,listed,3320,2762,558,0,2,1
https://dailymail.co.uk/,news,scripts.webcontentassessor.com,ablation,0,control,page,6656526,6543356,118609,-5439,1,1
https://dailymail.co.uk/,news,scripts.webcontentassessor.com,ablation,0,control,third_party,6611380,6498038,118609,-5267,1,1
https://dailymail.co.uk/,news,scripts.webcontentassessor.com,ablation,0,control,listed,227267,111779,118609,-3121,1,1
https://dailymail.co.uk/,news,scripts.webcontentassessor.com,ablation,1,ablated,page,6572746,6538576,118609,-84439,1,1
https://dailymail.co.uk/,news,scripts.webcontentassessor.com,ablation,1,ablated,third_party,6527428,6493258,118609,-84439,1,1
https://dailymail.co.uk/,news,scripts.webcontentassessor.com,ablation,1,ablated,listed,227332,108661,118609,62,1,1
https://dailymail.co.uk/,news,s.go-mpulse.net,ablation,0,control,page,6407988,6593822,60873,-246707,2,2
https://dailymail.co.uk/,news,s.go-mpulse.net,ablation,0,control,third_party,6362670,6548502,60873,-246705,2,2
https://dailymail.co.uk/,news,s.go-mpulse.net,ablation,0,control,listed,226635,163868,60873,1894,2,2
https://dailymail.co.uk/,news,s.go-mpulse.net,ablation,1,ablated,page,6671472,6597319,60873,13280,2,2
https://dailymail.co.uk/,news,s.go-mpulse.net,ablation,1,ablated,third_party,6626153,6551999,60873,13281,2,2
https://dailymail.co.uk/,news,s.go-mpulse.net,ablation,1,ablated,listed,226629,166921,60873,-1165,2,2
https://dailymail.co.uk/,news,pagead2.googlesyndication.com,ablation,0,control,page,6833134,6623129,17909,192096,1,1
https://dailymail.co.uk/,news,pagead2.googlesyndication.com,ablation,0,control,third_party,6787816,6577811,17909,192096,1,1
https://dailymail.co.uk/,news,pagead2.googlesyndication.com,ablation,0,control,listed,229626,208656,17909,3061,1,1
https://dailymail.co.uk/,news,pagead2.googlesyndication.com,ablation,1,ablated,page,6833723,6569170,17909,246644,1,1
https://dailymail.co.uk/,news,pagead2.googlesyndication.com,ablation,1,ablated,third_party,6788405,6523852,17909,246644,1,1
https://dailymail.co.uk/,news,pagead2.googlesyndication.com,ablation,1,ablated,listed,229693,208646,17909,3138,1,1
https://dailymail.com/,news,scripts.webcontentassessor.com,ablation,0,control,page,6674360,6372662,118609,183089,1,1
https://dailymail.com/,news,scripts.webcontentassessor.com,ablation,0,control,third_party,1623246,1504291,118609,346,1,1
https://dailymail.com/,news,scripts.webcontentassessor.com,ablation,0,control,listed,229690,111792,118609,-711,1,1
https://dailymail.com/,news,scripts.webcontentassessor.com,ablation,1,ablated,page,6492181,6530888,118609,-157316,1,1
https://dailymail.com/,news,scripts.webcontentassessor.com,ablation,1,ablated,third_party,1623978,1664995,118609,-159626,1,1
https://dailymail.com/,news,scripts.webcontentassessor.com,ablation,1,ablated,listed,231144,112537,118609,-2,1,1
https://dailymail.com/,news,s.go-mpulse.net,ablation,0,control,page,6477491,6414590,60873,2028,2,2
https://dailymail.com/,news,s.go-mpulse.net,ablation,0,control,third_party,1609222,1546527,60873,1822,2,2
https://dailymail.com/,news,s.go-mpulse.net,ablation,0,control,listed,230451,167735,60873,1843,2,2
https://dailymail.com/,news,s.go-mpulse.net,ablation,1,ablated,page,6478192,6414792,61574,1826,2,2
https://dailymail.com/,news,s.go-mpulse.net,ablation,1,ablated,third_party,1609937,1546518,61574,1845,2,2
https://dailymail.com/,news,s.go-mpulse.net,ablation,1,ablated,listed,231147,167748,61574,1825,2,2
https://dailymail.com/,news,pagead2.googlesyndication.com,ablation,0,control,page,6478257,6461706,17910,-1359,1,1
https://dailymail.com/,news,pagead2.googlesyndication.com,ablation,0,control,third_party,1609942,1593257,17910,-1225,1,1
https://dailymail.com/,news,pagead2.googlesyndication.com,ablation,0,control,listed,231154,213300,17910,-56,1,1
https://dailymail.com/,news,pagead2.googlesyndication.com,ablation,1,ablated,page,6649932,6474977,17910,157045,6,2
https://dailymail.com/,news,pagead2.googlesyndication.com,ablation,1,ablated,third_party,1781660,1606752,17910,156998,6,2
https://dailymail.com/,news,pagead2.googlesyndication.com,ablation,1,ablated,listed,230447,213304,17910,-767,6,2
https://dailymotion.com/,entertainment,pagead2.googlesyndication.com,ablation,0,control,page,3540083,3522158,17910,15,1,1
https://dailymotion.com/,entertainment,pagead2.googlesyndication.com,ablation,0,control,third_party,1473845,1455935,17910,0,1,1
https://dailymotion.com/,entertainment,pagead2.googlesyndication.com,ablation,0,control,listed,37220,19309,17910,1,1,1
https://dailymotion.com/,entertainment,pagead2.googlesyndication.com,ablation,1,ablated,page,3540085,3522224,17910,-49,1,1
https://dailymotion.com/,entertainment,pagead2.googlesyndication.com,ablation,1,ablated,third_party,1473869,1455932,17910,27,1,1
https://dailymotion.com/,entertainment,pagead2.googlesyndication.com,ablation,1,ablated,listed,37219,19310,17910,-1,1,1
https://dailymotion.com/,entertainment,s0.2mdn.net,ablation,0,control,page,3540428,3522690,17425,313,1,1
https://dailymotion.com/,entertainment,s0.2mdn.net,ablation,0,control,third_party,1474210,1456421,17425,364,1,1
https://dailymotion.com/,entertainment,s0.2mdn.net,ablation,0,control,listed,37223,19796,17425,2,1,1
https://dailymotion.com/,entertainment,s0.2mdn.net,ablation,1,ablated,page,3540096,3522693,17425,-22,1,1
https://dailymotion.com/,entertainment,s0.2mdn.net,ablation,1,ablated,third_party,1473872,1456424,17425,23,1,1
https://dailymotion.com/,entertainment,s0.2mdn.net,ablation,1,ablated,listed,37220,19795,17425,0,1,1
https://dailymotion.com/,entertainment,securepubads.g.doubleclick.net,ablation,0,control,page,3540091,3538233,1886,-28,1,1
https://dailymotion.com/,entertainment,securepubads.g.doubleclick.net,ablation,0,control,third_party,1473842,1471958,1886,-2,1,1
https://dailymotion.com/,entertainment,securepubads.g.doubleclick.net,ablation,0,control,listed,37221,35335,1886,0,1,1
https://dailymotion.com/,entertainment,securepubads.g.doubleclick.net,ablation,1,ablated,page,3064174,3538231,1886,-475943,1,1
https://dailymotion.com/,entertainment,securepubads.g.doubleclick.net,ablation,1,ablated,third_party,1097295,1471988,1886,-376579,1,1
https://dailymotion.com/,entertainment,securepubads.g.doubleclick.net,ablation,1,ablated,listed,1886,35335,1886,-35335,1,1
https://datadoghq.com/,productivity,connect.facebook.net,ablation,0,control,page,5899477,4366329,115369,1417779,1,1
https://datadoghq.com/,productivity,connect.facebook.net,ablation,0,control,third_party,4643707,3110227,115369,1418111,1,1
https://datadoghq.com/,productivity,connect.facebook.net,ablation,0,control,listed,268890,153508,115369,13,1,1
https://datadoghq.com/,productivity,connect.facebook.net,ablation,1,ablated,page,5907935,5797764,115369,-5198,1,1
https://datadoghq.com/,productivity,connect.facebook.net,ablation,1,ablated,third_party,4651489,4542163,115369,-6043,1,1
https://datadoghq.com/,productivity,connect.facebook.net,ablation,1,ablated,listed,268880,152315,115369,1196,1,1
https://datadoghq.com/,productivity,www.redditstatic.com,ablation,0,control,page,5904849,4453771,25252,1425826,1,1
https://datadoghq.com/,productivity,www.redditstatic.com,ablation,0,control,third_party,4649921,3198141,25252,1426528,1,1
https://datadoghq.com/,productivity,www.redditstatic.com,ablation,0,control,listed,268880,243650,25252,-22,1,1
https://datadoghq.com/,productivity,www.redditstatic.com,ablation,1,ablated,page,5899451,4452511,25252,1421688,1,1
https://datadoghq.com/,productivity,www.redditstatic.com,ablation,1,ablated,third_party,4643848,3196906,25252,1421690,1,1
https://datadoghq.com/,productivity,www.redditstatic.com,ablation,1,ablated,listed,268831,242382,25252,1197,1,1
https://datadoghq.com/,productivity,www.google-analytics.com,ablation,0,control,page,5897598,4463428,21732,1412438,1,1
https://datadoghq.com/,productivity,www.google-analytics.com,ablation,0,control,third_party,4650823,3207825,21732,1421266,1,1
https://datadoghq.com/,productivity,www.google-analytics.com,ablation,0,control,listed,268900,247161,21732,7,1,1
https://datadoghq.com/,productivity,www.google-analytics.com,ablation,1,ablated,page,5904809,5877333,21732,5744,1,1
https://datadoghq.com/,productivity,www.google-analytics.com,ablation,1,ablated,third_party,4649879,4630537,21732,-2390,1,1
https://datadoghq.com/,productivity,www.google-analytics.com,ablation,1,ablated,listed,268906,247146,21732,28,1,1
https://dell.com/,shopping,s.go-mpulse.net,ablation,0,control,page,2715631,2651223,60873,3535,2,2
https://dell.com/,shopping,s.go-mpulse.net,ablation,0,control,third_party,736823,673237,60873,2713,2,2
https://dell.com/,shopping,s.go-mpulse.net,ablation,0,control,listed,617445,555027,60873,1545,2,2
https://dell.com/,shopping,s.go-mpulse.net,ablation,1,ablated,page,2710587,2649252,60873,462,2,2
https://dell.com/,shopping,s.go-mpulse.net,ablation,1,ablated,third_party,732968,672829,60873,-734,2,2
https://dell.com/,shopping,s.go-mpulse.net,ablation,1,ablated,listed,614758,554927,60873,-1042,2,2
https://dell.com/,shopping,nexus.ensighten.com,ablation,0,control,page,2710958,2432485,36689,241784,1,1
https://dell.com/,shopping,nexus.ensighten.com,ablation,0,control,third_party,732014,556096,36689,139229,1,1
https://dell.com/,shopping,nexus.ensighten.com,ablation,0,control,listed,613804,476745,36689,100370,1,1
https://dell.com/,shopping,nexus.ensighten.com,ablation,1,ablated,page,2712557,2432283,36690,243584,1,1
https://dell.com/,shopping,nexus.ensighten.com,ablation,1,ablated,third_party,733968,555952,36690,141326,1,1
https://dell.com/,shopping,nexus.ensighten.com,ablation,1,ablated,listed,614868,476746,36690,101432,1,1
https://dell.com/,shopping,cdn.taboola.com,ablation,0,control,page,2712306,2683804,28025,477,1,1
https://dell.com/,shopping,cdn.taboola.com,ablation,0,control,third_party,733741,704697,28025,1019,1,1
https://dell.com/,shopping,cdn.taboola.com,ablation,0,control,listed,614881,585863,28025,993,1,1
https://dell.com/,shopping,cdn.taboola.com,ablation,1,ablated,page,2713472,2681828,28025,3619,1,1
https://dell.com/,shopping,cdn.taboola.com,ablation,1,ablated,third_party,734580,702777,28025,3778,1,1
https://dell.com/,shopping,cdn.taboola.com,ablation,1,ablated,listed,615746,583651,28025,4070,1,1
https://disneyplus.com/,entertainment,browser-intake-datadoghq.com,ablation,0,control,page,5627809,5490969,1856,134984,6,6
https://disneyplus.com/,entertainment,browser-intake-datadoghq.com,ablation,0,control,third_party,5387424,5382547,1856,3021,6,6
https://disneyplus.com/,entertainment,browser-intake-datadoghq.com,ablation,0,control,listed,362350,360494,1856,0,6,6
https://disneyplus.com/,entertainment,browser-intake-datadoghq.com,ablation,1,ablated,page,5498998,6033541,1856,-536399,8,8
https://disneyplus.com/,entertainment,browser-intake-datadoghq.com,ablation,1,ablated,third_party,5390576,5705267,1856,-316547,8,8
https://disneyplus.com/,entertainment,browser-intake-datadoghq.com,ablation,1,ablated,listed,362350,360494,1856,0,8,8
https://disqus.com/,social,js.hs-scripts.com,ablation,0,control,page,2512032,2508634,3400,-2,2,2
https://disqus.com/,social,js.hs-scripts.com,ablation,0,control,third_party,2482804,2479405,3400,-1,2,2
https://disqus.com/,social,js.hs-scripts.com,ablation,0,control,listed,2335883,2332484,3400,-1,2,2
https://disqus.com/,social,js.hs-scripts.com,ablation,1,ablated,page,2512034,2508635,3399,0,2,2
https://disqus.com/,social,js.hs-scripts.com,ablation,1,ablated,third_party,2482805,2479406,3399,0,2,2
https://disqus.com/,social,js.hs-scripts.com,ablation,1,ablated,listed,2335884,2332485,3399,0,2,2
https://dnsmadeeasy.com/,infrastructure,dpm.demdex.net,ablation,0,control,page,2669158,2665055,1151,2952,2,2
https://dnsmadeeasy.com/,infrastructure,dpm.demdex.net,ablation,0,control,third_party,827457,822874,1151,3432,2,2
https://dnsmadeeasy.com/,infrastructure,dpm.demdex.net,ablation,0,control,listed,4701,0,1151,3550,2,2
https://dnsmadeeasy.com/,infrastructure,dpm.demdex.net,ablation,1,ablated,page,2671256,2664584,2110,4562,2,2
https://dnsmadeeasy.com/,infrastructure,dpm.demdex.net,ablation,1,ablated,third_party,828942,822739,2110,4093,2,2
https://dnsmadeeasy.com/,infrastructure,dpm.demdex.net,ablation,1,ablated,listed,6150,0,2110,4040,2,2
https://docker.io/,infrastructure,dpm.demdex.net,ablation,0,control,page,3272910,3598448,2107,-327645,2,2
https://docker.io/,infrastructure,dpm.demdex.net,ablation,0,control,third_party,3272740,3598278,2107,-327645,2,2
https://docker.io/,infrastructure,dpm.demdex.net,ablation,0,control,listed,186644,180497,2107,4040,2,2
https://docker.io/,infrastructure,dpm.demdex.net,ablation,1,ablated,page,3604469,3598593,2106,3770,2,2
https://docker.io/,infrastructure,dpm.demdex.net,ablation,1,ablated,third_party,3604299,3598423,2106,3770,2,2
https://docker.io/,infrastructure,dpm.demdex.net,ablation,1,ablated,listed,186643,180497,2106,4040,2,2
https://dropcatch.com/,shopping,o4510675591430144.ingest.us.sentry.io,ablation,0,control,page,2773113,2770542,1482,1089,3,3
https://dropcatch.com/,shopping,o4510675591430144.ingest.us.sentry.io,ablation,0,control,third_party,1595931,1593258,1482,1191,3,3
https://dropcatch.com/,shopping,o4510675591430144.ingest.us.sentry.io,ablation,0,control,listed,2322,840,1482,0,3,3
https://dropcatch.com/,shopping,o4510675591430144.ingest.us.sentry.io,ablation,1,ablated,page,2771946,2769912,1482,552,3,3
https://dropcatch.com/,shopping,o4510675591430144.ingest.us.sentry.io,ablation,1,ablated,third_party,1594731,1593158,1482,91,3,3
https://dropcatch.com/,shopping,o4510675591430144.ingest.us.sentry.io,ablation,1,ablated,listed,2322,840,1482,0,3,3
https://dyndns.org/,infrastructure,dpm.demdex.net,ablation,0,control,page,563732,562689,1037,6,3,3
https://dyndns.org/,infrastructure,dpm.demdex.net,ablation,0,control,third_party,563219,562176,1037,6,3,3
https://dyndns.org/,infrastructure,dpm.demdex.net,ablation,0,control,listed,212293,211251,1037,5,3,3
https://dyndns.org/,infrastructure,dpm.demdex.net,ablation,1,ablated,page,563707,562695,1040,-28,3,3
https://dyndns.org/,infrastructure,dpm.demdex.net,ablation,1,ablated,third_party,563194,562182,1040,-28,3,3
https://dyndns.org/,infrastructure,dpm.demdex.net,ablation,1,ablated,listed,212294,211254,1040,0,3,3
https://dyndns.org/,infrastructure,oracle.sc.omtrdc.net,ablation,0,control,page,563190,562721,987,-518,2,1
https://dyndns.org/,infrastructure,oracle.sc.omtrdc.net,ablation,0,control,third_party,563190,562208,987,-5,2,1
https://dyndns.org/,infrastructure,oracle.sc.omtrdc.net,ablation,0,control,listed,212291,211311,987,-7,2,1
https://dyndns.org/,infrastructure,oracle.sc.omtrdc.net,ablation,1,ablated,page,563829,562722,987,120,2,1
https://dyndns.org/,infrastructure,oracle.sc.omtrdc.net,ablation,1,ablated,third_party,563316,562209,987,120,2,1
https://dyndns.org/,infrastructure,oracle.sc.omtrdc.net,ablation,1,ablated,listed,212296,211310,987,-1,2,1
https://dzen.ru/,news,yandex.ru,ablation,0,control,page,6199366,4180960,441826,1576580,26,22
https://dzen.ru/,news,yandex.ru,ablation,0,control,third_party,5703035,3682587,441826,1578622,26,22
https://dzen.ru/,news,yandex.ru,ablation,0,control,listed,505404,107402,441826,-43824,26,22
https://dzen.ru/,news,yandex.ru,ablation,1,ablated,page,6095049,3903389,480107,1711553,30,26
https://dzen.ru/,news,yandex.ru,ablation,1,ablated,third_party,5596697,3409292,480107,1707298,30,26
https://dzen.ru/,news,yandex.ru,ablation,1,ablated,listed,565099,107421,480107,-22429,30,26
https://dzen.ru/,news,mc.yandex.ru,ablation,0,control,page,4271392,4649695,154186,-532489,6,3
https://dzen.ru/,news,mc.yandex.ru,ablation,0,control,third_party,3751290,4154149,154186,-557045,6,3
https://dzen.ru/,news,mc.yandex.ru,ablation,0,control,listed,554894,363472,154186,37236,6,3
https://dzen.ru/,news,mc.yandex.ru,ablation,1,ablated,page,4322180,4898053,154186,-730059,6,3
https://dzen.ru/,news,mc.yandex.ru,ablation,1,ablated,third_party,3828652,4400949,154186,-726483,6,3
https://dzen.ru/,news,mc.yandex.ru,ablation,1,ablated,listed,533766,229549,154186,150031,6,3
https://dzen.ru/,news,top-fwz1.mail.ru,ablation,0,control,page,4410416,5811518,34181,-1435283,1,1
https://dzen.ru/,news,top-fwz1.mail.ru,ablation,0,control,third_party,3897354,5319012,34181,-1455839,1,1
https://dzen.ru/,news,top-fwz1.mail.ru,ablation,0,control,listed,550346,503002,34181,13163,1,1
https://dzen.ru/,news,top-fwz1.mail.ru,ablation,1,ablated,page,4345134,4379651,32436,-66953,1,1
https://dzen.ru/,news,top-fwz1.mail.ru,ablation,1,ablated,third_party,3851831,3888134,32436,-68739,1,1
https://dzen.ru/,news,top-fwz1.mail.ru,ablation,1,ablated,listed,535916,505296,32436,-1816,1,1
https://ebay.co.uk/,shopping,cas.avalon.perfdrive.com,ablation,0,control,page,2648435,4059733,998,-1412296,2,2
https://ebay.co.uk/,shopping,cas.avalon.perfdrive.com,ablation,0,control,third_party,1946294,3326108,998,-1380812,2,2
https://ebay.co.uk/,shopping,cas.avalon.perfdrive.com,ablation,0,control,listed,1076147,2456606,998,-1381457,2,2
https://ebay.co.uk/,shopping,cas.avalon.perfdrive.com,ablation,1,ablated,page,4059800,4059996,998,-1194,2,2
https://ebay.co.uk/,shopping,cas.avalon.perfdrive.com,ablation,1,ablated,third_party,3326533,3327009,998,-1474,2,2
https://ebay.co.uk/,shopping,cas.avalon.perfdrive.com,ablation,1,ablated,listed,2456153,2456590,998,-1435,2,2
https://elpais.com/,news,sdk.mrf.io,ablation,0,control,page,2174831,2100171,73765,895,1,1
https://elpais.com/,news,sdk.mrf.io,ablation,0,control,third_party,1083448,1008801,73765,882,1,1
https://elpais.com/,news,sdk.mrf.io,ablation,0,control,listed,373975,298673,73765,1537,1,1
https://elpais.com/,news,sdk.mrf.io,ablation,1,ablated,page,2165467,2098172,73765,-6470,1,1
https://elpais.com/,news,sdk.mrf.io,ablation,1,ablated,third_party,1074103,1006806,73765,-6468,1,1
https://elpais.com/,news,sdk.mrf.io,ablation,1,ablated,listed,374786,297373,73765,3648,1,1
https://elpais.com/,news,es-config.sensic.net,ablation,0,control,page,2163484,2098432,64401,651,1,1
https://elpais.com/,news,es-config.sensic.net,ablation,0,control,third_party,1072120,1007064,64401,655,1,1
https://elpais.com/,news,es-config.sensic.net,ablation,0,control,listed,372765,307751,64401,613,1,1
https://elpais.com/,news,es-config.sensic.net,ablation,1,ablated,page,2163399,2098425,64401,573,1,1
https://elpais.com/,news,es-config.sensic.net,ablation,1,ablated,third_party,1072031,1007063,64401,567,1,1
https://elpais.com/,news,es-config.sensic.net,ablation,1,ablated,listed,372687,307727,64401,559,1,1
https://elpais.com/,news,dpm.demdex.net,ablation,0,control,page,2162417,2151207,5946,5264,3,3
https://elpais.com/,news,dpm.demdex.net,ablation,0,control,third_party,1071049,1059837,5946,5266,3,3
https://elpais.com/,news,dpm.demdex.net,ablation,0,control,listed,371733,360501,5946,5286,3,3
https://elpais.com/,news,dpm.demdex.net,ablation,1,ablated,page,2162878,2150355,5959,6564,3,3
https://elpais.com/,news,dpm.demdex.net,ablation,1,ablated,third_party,1072377,1059811,5959,6607,3,3
https://elpais.com/,news,dpm.demdex.net,ablation,1,ablated,listed,373060,360477,5959,6624,3,3
https://erome.com/,entertainment,a.magsrv.com,ablation,0,control,page,407804,346795,61013,-4,1,1
https://erome.com/,entertainment,a.magsrv.com,ablation,0,control,third_party,268152,207139,61013,0,1,1
https://erome.com/,entertainment,a.magsrv.com,ablation,0,control,listed,86245,25232,61013,0,1,1
https://erome.com/,entertainment,a.magsrv.com,ablation,1,ablated,page,407840,346821,61013,6,1,1
https://erome.com/,entertainment,a.magsrv.com,ablation,1,ablated,third_party,268182,207162,61013,7,1,1
https://erome.com/,entertainment,a.magsrv.com,ablation,1,ablated,listed,86275,25262,61013,0,1,1
https://erome.com/,entertainment,cdn.tsyndicate.com,ablation,0,control,page,407911,382989,24426,496,2,2
https://erome.com/,entertainment,cdn.tsyndicate.com,ablation,0,control,third_party,268181,243756,24426,-1,2,2
https://erome.com/,entertainment,cdn.tsyndicate.com,ablation,0,control,listed,86274,61849,24426,-1,2,2
https://erome.com/,entertainment,cdn.tsyndicate.com,ablation,1,ablated,page,407802,383410,24419,-27,2,2
https://erome.com/,entertainment,cdn.tsyndicate.com,ablation,1,ablated,third_party,268144,243749,24419,-24,2,2
https://erome.com/,entertainment,cdn.tsyndicate.com,ablation,1,ablated,listed,86268,61849,24419,0,2,2
https://erome.com/,entertainment,region1.google-analytics.com,ablation,0,control,page,407841,407025,836,-20,1,1
https://erome.com/,entertainment,region1.google-analytics.com,ablation,0,control,third_party,268182,267364,836,-18,1,1
https://erome.com/,entertainment,region1.google-analytics.com,ablation,0,control,listed,86275,85439,836,0,1,1
https://erome.com/,entertainment,region1.google-analytics.com,ablation,1,ablated,page,407840,406997,836,7,1,1
https://erome.com/,entertainment,region1.google-analytics.com,ablation,1,ablated,third_party,268182,267339,836,7,1,1
https://erome.com/,entertainment,region1.google-analytics.com,ablation,1,ablated,listed,86275,85432,836,7,1,1
https://eset.com/,productivity,bat.bing.com,ablation,0,control,page,5943338,5888528,52195,2615,2,2
https://eset.com/,productivity,bat.bing.com,ablation,0,control,third_party,1748112,1692713,52195,3204,2,2
https://eset.com/,productivity,bat.bing.com,ablation,0,control,listed,107951,57965,52195,-2209,2,2
https://eset.com/,productivity,bat.bing.com,ablation,1,ablated,page,5945110,5878404,52195,14511,2,2
https://eset.com/,productivity,bat.bing.com,ablation,1,ablated,third_party,1747547,1692396,52195,2956,2,2
https://eset.com/,productivity,bat.bing.com,ablation,1,ablated,listed,110159,57965,52195,-1,2,2
https://eset.com/,productivity,pagead2.googlesyndication.com,ablation,0,control,page,5936471,5931994,3312,1165,6,3
https://eset.com/,productivity,pagead2.googlesyndication.com,ablation,0,control,third_party,1748692,1746413,3312,-1033,6,3
https://eset.com/,productivity,pagead2.googlesyndication.com,ablation,0,control,listed,109056,106294,3312,-550,6,3
https://eset.com/,productivity,pagead2.googlesyndication.com,ablation,1,ablated,page,5942230,5941574,1656,-1000,6,3
https://eset.com/,productivity,pagead2.googlesyndication.com,ablation,1,ablated,third_party,1747858,1746464,1656,-262,6,3
https://eset.com/,productivity,pagead2.googlesyndication.com,ablation,1,ablated,listed,107951,106294,1656,1,6,3
https://eset.com/,productivity,bd89567e8d1d4727932403fd80578a58.js.ubembed.com,ablation,0,control,page,5943120,5880800,1045,61275,1,1
https://eset.com/,productivity,bd89567e8d1d4727932403fd80578a58.js.ubembed.com,ablation,0,control,third_party,1748084,1694311,1045,52728,1,1
https://eset.com/,productivity,bd89567e8d1d4727932403fd80578a58.js.ubembed.com,ablation,0,control,listed,107951,57178,1045,49728,1,1
https://eset.com/,productivity,bd89567e8d1d4727932403fd80578a58.js.ubembed.com,ablation,1,ablated,page,5944354,5881943,1045,61366,1,1
https://eset.com/,productivity,bd89567e8d1d4727932403fd80578a58.js.ubembed.com,ablation,1,ablated,third_party,1748211,1694503,1045,52663,1,1
https://eset.com/,productivity,bd89567e8d1d4727932403fd80578a58.js.ubembed.com,ablation,1,ablated,listed,110160,57178,1045,51937,1,1
https://eventbrite.com/,shopping,js.zi-scripts.com,ablation,0,control,page,3887354,3872884,7080,7390,1,1
https://eventbrite.com/,shopping,js.zi-scripts.com,ablation,0,control,third_party,1040504,1031196,7080,2228,1,1
https://eventbrite.com/,shopping,js.zi-scripts.com,ablation,0,control,listed,9351,0,7080,2271,1,1
https://eventbrite.com/,shopping,js.zi-scripts.com,ablation,1,ablated,page,3893783,3865449,7080,21254,1,1
https://eventbrite.com/,shopping,js.zi-scripts.com,ablation,1,ablated,third_party,1047317,1023705,7080,16532,1,1
https://eventbrite.com/,shopping,js.zi-scripts.com,ablation,1,ablated,listed,9351,4176,7080,-1905,1,1
https://fiverr.com/,shopping,connect.facebook.net,ablation,0,control,page,1202970,1202996,0,-26,0,0
https://fiverr.com/,shopping,connect.facebook.net,ablation,0,control,third_party,1186919,1186917,0,2,0,0
https://fiverr.com/,shopping,connect.facebook.net,ablation,0,control,listed,935336,935336,0,0,0,0
https://fiverr.com/,shopping,connect.facebook.net,ablation,1,ablated,page,893881,1203073,0,-309192,0,0
https://fiverr.com/,shopping,connect.facebook.net,ablation,1,ablated,third_party,877802,1186994,0,-309192,0,0
https://fiverr.com/,shopping,connect.facebook.net,ablation,1,ablated,listed,626221,935411,0,-309190,0,0
https://fiverr.com/,shopping,bat.bing.com,ablation,0,control,page,1202237,893844,0,308393,0,0
https://fiverr.com/,shopping,bat.bing.com,ablation,0,control,third_party,1186946,877754,0,309192,0,0
https://fiverr.com/,shopping,bat.bing.com,ablation,0,control,listed,935365,626171,0,309194,0,0
https://fiverr.com/,shopping,bat.bing.com,ablation,1,ablated,page,1202262,1203026,0,-764,0,0
https://fiverr.com/,shopping,bat.bing.com,ablation,1,ablated,third_party,1186974,1186958,0,16,0,0
https://fiverr.com/,shopping,bat.bing.com,ablation,1,ablated,listed,935391,935373,0,18,0,0
https://fiverr.com/,shopping,cdn.pdst.fm,ablation,0,control,page,893863,1202993,0,-309130,0,0
https://fiverr.com/,shopping,cdn.pdst.fm,ablation,0,control,third_party,877779,1186925,0,-309146,0,0
https://fiverr.com/,shopping,cdn.pdst.fm,ablation,0,control,listed,626196,935344,0,-309148,0,0
https://fiverr.com/,shopping,cdn.pdst.fm,ablation,1,ablated,page,1203006,893846,0,309160,0,0
https://fiverr.com/,shopping,cdn.pdst.fm,ablation,1,ablated,third_party,1186923,877798,0,309125,0,0
https://fiverr.com/,shopping,cdn.pdst.fm,ablation,1,ablated,listed,935340,626217,0,309123,0,0
https://foxnews.com/,news,c.amazon-adsystem.com,ablation,0,control,page,4626604,4531245,95431,-72,1,1
https://foxnews.com/,news,c.amazon-adsystem.com,ablation,0,control,third_party,2290197,2194861,95431,-95,1,1
https://foxnews.com/,news,c.amazon-adsystem.com,ablation,0,control,listed,252631,157201,95431,-1,1,1
https://foxnews.com/,news,c.amazon-adsystem.com,ablation,1,ablated,page,4589153,4532488,95431,-38766,1,1
https://foxnews.com/,news,c.amazon-adsystem.com,ablation,1,ablated,third_party,2291222,2195982,95431,-191,1,1
https://foxnews.com/,news,c.amazon-adsystem.com,ablation,1,ablated,listed,252651,157200,95431,20,1,1
https://foxnews.com/,news,client.aps.amazon-adsystem.com,ablation,0,control,page,4589565,4539634,87899,-37968,1,1
https://foxnews.com/,news,client.aps.amazon-adsystem.com,ablation,0,control,third_party,2291242,2203364,87899,-21,1,1
https://foxnews.com/,news,client.aps.amazon-adsystem.com,ablation,0,control,listed,252651,164734,87899,18,1,1
https://foxnews.com/,news,client.aps.amazon-adsystem.com,ablation,1,ablated,page,4627841,4540038,87900,-97,1,1
https://foxnews.com/,news,client.aps.amazon-adsystem.com,ablation,1,ablated,third_party,2291583,2203615,87900,68,1,1
https://foxnews.com/,news,client.aps.amazon-adsystem.com,ablation,1,ablated,listed,252634,164752,87900,-18,1,1
https://foxnews.com/,news,js.appboycdn.com,ablation,0,control,page,4628642,4553668,64735,10239,1,1
https://foxnews.com/,news,js.appboycdn.com,ablation,0,control,third_party,2291270,2216239,64735,10296,1,1
https://foxnews.com/,news,js.appboycdn.com,ablation,0,control,listed,252633,186218,64735,1680,1,1
https://foxnews.com/,news,js.appboycdn.com,ablation,1,ablated,page,4629459,4553423,64735,11301,1,1
https://foxnews.com/,news,js.appboycdn.com,ablation,1,ablated,third_party,2291516,2216075,64735,10706,1,1
https://foxnews.com/,news,js.appboycdn.com,ablation,1,ablated,listed,252652,186218,64735,1699,1,1
https://frontiersin.org/,reference,js-agent.newrelic.com,ablation,0,control,page,3694605,3688660,35422,-29477,2,2
https://frontiersin.org/,reference,js-agent.newrelic.com,ablation,0,control,third_party,1544573,1580993,35422,-71842,2,2
https://frontiersin.org/,reference,js-agent.newrelic.com,ablation,0,control,listed,229677,192603,35422,1652,2,2
https://frontiersin.org/,reference,js-agent.newrelic.com,ablation,1,ablated,page,3801514,3688168,35422,77924,2,2
https://frontiersin.org/,reference,js-agent.newrelic.com,ablation,1,ablated,third_party,1619095,1580653,35422,3020,2,2
https://frontiersin.org/,reference,js-agent.newrelic.com,ablation,1,ablated,listed,230833,192603,35422,2808,2,2
https://frontiersin.org/,reference,bam.nr-data.net,ablation,0,control,page,3726104,3723248,2807,49,2,2
https://frontiersin.org/,reference,bam.nr-data.net,ablation,0,control,third_party,1618593,1615814,2807,-28,2,2
https://frontiersin.org/,reference,bam.nr-data.net,ablation,0,control,listed,230094,227288,2807,-1,2,2
https://frontiersin.org/,reference,bam.nr-data.net,ablation,1,ablated,page,3726515,3772844,2807,-49136,2,2
https://frontiersin.org/,reference,bam.nr-data.net,ablation,1,ablated,third_party,1618767,1616580,2807,-620,2,2
https://frontiersin.org/,reference,bam.nr-data.net,ablation,1,ablated,listed,230095,228026,2807,-738,2,2
https://frontiersin.org/,reference,googleads.g.doubleclick.net,ablation,0,control,page,3725863,3727591,1616,-3344,1,1
https://frontiersin.org/,reference,googleads.g.doubleclick.net,ablation,0,control,third_party,1618398,1617286,1616,-504,1,1
https://frontiersin.org/,reference,googleads.g.doubleclick.net,ablation,0,control,listed,230417,229218,1616,-417,1,1
https://frontiersin.org/,reference,googleads.g.doubleclick.net,ablation,1,ablated,page,3726093,3728547,877,-3331,1,1
https://frontiersin.org/,reference,googleads.g.doubleclick.net,ablation,1,ablated,third_party,1618539,1620997,877,-3335,1,1
https://frontiersin.org/,reference,googleads.g.doubleclick.net,ablation,1,ablated,listed,230095,229218,877,0,1,1
https://fwmrm.net/,infrastructure,connect.facebook.net,ablation,0,control,page,2756340,2534520,221659,161,1,1
https://fwmrm.net/,infrastructure,connect.facebook.net,ablation,0,control,third_party,2756031,2534520,221659,-148,1,1
https://fwmrm.net/,infrastructure,connect.facebook.net,ablation,0,control,listed,773004,550407,221659,938,1,1
https://fwmrm.net/,infrastructure,connect.facebook.net,ablation,1,ablated,page,2755326,2531665,221633,2028,1,1
https://fwmrm.net/,infrastructure,connect.facebook.net,ablation,1,ablated,third_party,2755326,2531356,221633,2337,1,1
https://fwmrm.net/,infrastructure,connect.facebook.net,ablation,1,ablated,listed,772987,549486,221633,1868,1,1
https://fwmrm.net/,infrastructure,snap.licdn.com,ablation,0,control,page,2759318,2585780,166931,6607,7,7
https://fwmrm.net/,infrastructure,snap.licdn.com,ablation,0,control,third_party,2759318,2585471,166931,6916,7,7
https://fwmrm.net/,infrastructure,snap.licdn.com,ablation,0,control,listed,773252,602944,166931,3377,7,7
https://fwmrm.net/,infrastructure,snap.licdn.com,ablation,1,ablated,page,2755250,2590803,167108,-2661,7,7
https://fwmrm.net/,infrastructure,snap.licdn.com,ablation,1,ablated,third_party,2754941,2590494,167108,-2661,7,7
https://fwmrm.net/,infrastructure,snap.licdn.com,ablation,1,ablated,listed,772423,608308,167108,-2993,7,7
https://fwmrm.net/,infrastructure,js.hubspot.com,ablation,0,control,page,2755653,2398567,43895,313191,1,1
https://fwmrm.net/,infrastructure,js.hubspot.com,ablation,0,control,third_party,2755653,2398258,43895,313500,1,1
https://fwmrm.net/,infrastructure,js.hubspot.com,ablation,0,control,listed,773068,725937,43895,3236,1,1
https://fwmrm.net/,infrastructure,js.hubspot.com,ablation,1,ablated,page,2757540,2399889,43885,313766,1,1
https://fwmrm.net/,infrastructure,js.hubspot.com,ablation,1,ablated,third_party,2757231,2399580,43885,313766,1,1
https://fwmrm.net/,infrastructure,js.hubspot.com,ablation,1,ablated,listed,773388,726464,43885,3039,1,1
https://genius.com/,entertainment,securepubads.g.doubleclick.net,ablation,0,control,page,2216996,1961304,255332,360,1,1
https://genius.com/,entertainment,securepubads.g.doubleclick.net,ablation,0,control,third_party,1419029,1163225,255332,472,1,1
https://genius.com/,entertainment,securepubads.g.doubleclick.net,ablation,0,control,listed,593079,337264,255332,483,1,1
https://genius.com/,entertainment,securepubads.g.doubleclick.net,ablation,1,ablated,page,2217313,1961153,255285,875,1,1
https://genius.com/,entertainment,securepubads.g.doubleclick.net,ablation,1,ablated,third_party,1419409,1163138,255285,986,1,1
https://genius.com/,entertainment,securepubads.g.doubleclick.net,ablation,1,ablated,listed,592681,337214,255285,182,1,1
https://genius.com/,entertainment,c.amazon-adsystem.com,ablation,0,control,page,2217882,2115640,98924,3318,1,1
https://genius.com/,entertainment,c.amazon-adsystem.com,ablation,0,control,third_party,1420259,1318952,98924,2383,1,1
https://genius.com/,entertainment,c.amazon-adsystem.com,ablation,0,control,listed,594333,493026,98924,2383,1,1
https://genius.com/,entertainment,c.amazon-adsystem.com,ablation,1,ablated,page,2219977,2117366,98924,3687,1,1
https://genius.com/,entertainment,c.amazon-adsystem.com,ablation,1,ablated,third_party,1422543,1319449,98924,4170,1,1
https://genius.com/,entertainment,c.amazon-adsystem.com,ablation,1,ablated,listed,596619,493499,98924,4196,1,1
https://genius.com/,entertainment,static.chartbeat.com,ablation,0,control,page,2219508,2200085,17099,2324,1,1
https://genius.com/,entertainment,static.chartbeat.com,ablation,0,control,third_party,1421574,1402567,17099,1908,1,1
https://genius.com/,entertainment,static.chartbeat.com,ablation,0,control,listed,595247,576618,17099,1530,1,1
https://genius.com/,entertainment,static.chartbeat.com,ablation,1,ablated,page,2218042,2200787,17099,156,1,1
https://genius.com/,entertainment,static.chartbeat.com,ablation,1,ablated,third_party,1420960,1403353,17099,508,1,1
https://genius.com/,entertainment,static.chartbeat.com,ablation,1,ablated,listed,594639,577445,17099,95,1,1
https://globo.com/,news,d39f98ec-9259-4f8b-896d-7ab58be1f900.edge.permutive.app,ablation,0,control,page,10209454,8985655,807775,416024,1,1
https://globo.com/,news,d39f98ec-9259-4f8b-896d-7ab58be1f900.edge.permutive.app,ablation,0,control,third_party,9715711,8490820,807775,417116,1,1
https://globo.com/,news,d39f98ec-9259-4f8b-896d-7ab58be1f900.edge.permutive.app,ablation,0,control,listed,2436414,1369051,807775,259588,1,1
https://globo.com/,news,d39f98ec-9259-4f8b-896d-7ab58be1f900.edge.permutive.app,ablation,1,ablated,page,9976180,9005731,807817,162632,1,1
https://globo.com/,news,d39f98ec-9259-4f8b-896d-7ab58be1f900.edge.permutive.app,ablation,1,ablated,third_party,9481493,8511952,807817,161724,1,1
https://globo.com/,news,d39f98ec-9259-4f8b-896d-7ab58be1f900.edge.permutive.app,ablation,1,ablated,listed,2549427,1582528,807817,159082,1,1
https://globo.com/,news,securepubads.g.doubleclick.net,ablation,0,control,page,10030557,9421252,255876,353429,1,1
https://globo.com/,news,securepubads.g.doubleclick.net,ablation,0,control,third_party,9534284,8925906,255876,352502,1,1
https://globo.com/,news,securepubads.g.doubleclick.net,ablation,0,control,listed,2603602,1924754,255876,422972,1,1
https://globo.com/,news,securepubads.g.doubleclick.net,ablation,1,ablated,page,10077515,9421569,255923,400023,1,1
https://globo.com/,news,securepubads.g.doubleclick.net,ablation,1,ablated,third_party,9583378,8927591,255923,399864,1,1
https://globo.com/,news,securepubads.g.doubleclick.net,ablation,1,ablated,listed,2654073,1923529,255923,474621,1,1
https://globo.com/,news,connect.facebook.net,ablation,0,control,page,10296621,10096104,203952,-3435,1,1
https://globo.com/,news,connect.facebook.net,ablation,0,control,third_party,9803158,9601001,203952,-1795,1,1
https://globo.com/,news,connect.facebook.net,ablation,0,control,listed,2716421,2512311,203952,158,1,1
https://globo.com/,news,connect.facebook.net,ablation,1,ablated,page,10268181,9770953,203952,293276,1,1
https://globo.com/,news,connect.facebook.net,ablation,1,ablated,third_party,9774293,9275905,203952,294436,1,1
https://globo.com/,news,connect.facebook.net,ablation,1,ablated,listed,2686893,2357139,203952,125802,1,1
https://go.com/,entertainment,sb.scorecardresearch.com,ablation,0,control,page,1849643,1842701,7889,-947,1,1
https://go.com/,entertainment,sb.scorecardresearch.com,ablation,0,control,third_party,1790047,1783105,7889,-947,1,1
https://go.com/,entertainment,sb.scorecardresearch.com,ablation,0,control,listed,248884,241942,7889,-947,1,1
https://go.com/,entertainment,sb.scorecardresearch.com,ablation,1,ablated,page,1850582,1842702,7889,-9,1,1
https://go.com/,entertainment,sb.scorecardresearch.com,ablation,1,ablated,third_party,1790986,1783106,7889,-9,1,1
https://go.com/,entertainment,sb.scorecardresearch.com,ablation,1,ablated,listed,249823,241943,7889,-9,1,1
https://go.com/,entertainment,disney.demdex.net,ablation,0,control,page,1850590,1848601,1989,0,3,3
https://go.com/,entertainment,disney.demdex.net,ablation,0,control,third_party,1790994,1789005,1989,0,3,3
https://go.com/,entertainment,disney.demdex.net,ablation,0,control,listed,249831,247842,1989,0,3,3
https://go.com/,entertainment,disney.demdex.net,ablation,1,ablated,page,1850585,1848601,1984,0,3,3
https://go.com/,entertainment,disney.demdex.net,ablation,1,ablated,third_party,1790989,1789005,1984,0,3,3
https://go.com/,entertainment,disney.demdex.net,ablation,1,ablated,listed,249826,247842,1984,0,3,3
https://harvard.edu/,reference,connect.facebook.net,ablation,0,control,page,3135902,2978122,161611,-3831,1,1
https://harvard.edu/,reference,connect.facebook.net,ablation,0,control,third_party,681294,523514,161611,-3831,1,1
https://harvard.edu/,reference,connect.facebook.net,ablation,0,control,listed,207596,45511,161611,474,1,1
https://harvard.edu/,reference,connect.facebook.net,ablation,1,ablated,page,3136001,2973827,161545,629,1,1
https://harvard.edu/,reference,connect.facebook.net,ablation,1,ablated,third_party,681393,519219,161545,629,1,1
https://harvard.edu/,reference,connect.facebook.net,ablation,1,ablated,listed,207530,45511,161545,474,1,1
https://harvard.edu/,reference,www.google-analytics.com,ablation,0,control,page,3140200,3112310,23572,4318,1,1
https://harvard.edu/,reference,www.google-analytics.com,ablation,0,control,third_party,685592,657702,23572,4318,1,1
https://harvard.edu/,reference,www.google-analytics.com,ablation,0,control,listed,207602,184006,23572,24,1,1
https://harvard.edu/,reference,www.google-analytics.com,ablation,1,ablated,page,3135918,3112284,23572,62,1,1
https://harvard.edu/,reference,www.google-analytics.com,ablation,1,ablated,third_party,681310,657676,23572,62,1,1
https://harvard.edu/,reference,www.google-analytics.com,ablation,1,ablated,listed,207578,184006,23572,0,1,1
https://harvard.edu/,reference,cdn.parsely.com,ablation,0,control,page,3135922,3115643,20034,245,2,2
https://harvard.edu/,reference,cdn.parsely.com,ablation,0,control,third_party,681314,661035,20034,245,2,2
https://harvard.edu/,reference,cdn.parsely.com,ablation,0,control,listed,207597,187314,20034,249,2,2
https://harvard.edu/,reference,cdn.parsely.com,ablation,1,ablated,page,3135722,3115619,20034,69,2,2
https://harvard.edu/,reference,cdn.parsely.com,ablation,1,ablated,third_party,681312,661011,20034,267,2,2
https://harvard.edu/,reference,cdn.parsely.com,ablation,1,ablated,listed,207578,187292,20034,252,2,2
https://hbr.org/,news,securepubads.g.doubleclick.net,ablation,0,control,page,3636275,6734108,254681,-3352514,1,1
https://hbr.org/,news,securepubads.g.doubleclick.net,ablation,0,control,third_party,2585037,2076457,254681,253899,1,1
https://hbr.org/,news,securepubads.g.doubleclick.net,ablation,0,control,listed,529000,271849,254681,2470,1,1
https://hbr.org/,news,securepubads.g.doubleclick.net,ablation,1,ablated,page,7245252,6734896,256006,254350,1,1
https://hbr.org/,news,securepubads.g.doubleclick.net,ablation,1,ablated,third_party,2587604,2077246,256006,254352,1,1
https://hbr.org/,news,securepubads.g.doubleclick.net,ablation,1,ablated,listed,530480,272571,256006,1903,1,1
https://hbr.org/,news,b-code.liadm.com,ablation,0,control,page,7244524,7190378,52939,1207,1,1
https://hbr.org/,news,b-code.liadm.com,ablation,0,control,third_party,2586881,2532729,52939,1213,1,1
https://hbr.org/,news,b-code.liadm.com,ablation,0,control,listed,530739,476293,52939,1507,1,1
https://hbr.org/,news,b-code.liadm.com,ablation,1,ablated,page,3639180,3585582,52939,659,1,1
https://hbr.org/,news,b-code.liadm.com,ablation,1,ablated,third_party,2587939,2534356,52939,644,1,1
https://hbr.org/,news,b-code.liadm.com,ablation,1,ablated,listed,530637,478030,52939,-332,1,1
https://hbr.org/,news,ak.sail-horizon.com,ablation,0,control,page,7246258,7197141,49610,-493,1,1
https://hbr.org/,news,ak.sail-horizon.com,ablation,0,control,third_party,2588612,2539500,49610,-498,1,1
https://hbr.org/,news,ak.sail-horizon.com,ablation,0,control,listed,532344,483441,49610,-707,1,1
https://hbr.org/,news,ak.sail-horizon.com,ablation,1,ablated,page,7245018,3588578,49611,3606829,1,1
https://hbr.org/,news,ak.sail-horizon.com,ablation,1,ablated,third_party,2587371,2537344,49611,416,1,1
https://hbr.org/,news,ak.sail-horizon.com,ablation,1,ablated,listed,531016,480880,49611,525,1,1
https://hosting24.com/,productivity,cdn.amplitude.com,ablation,0,control,page,7270487,7057663,212997,-173,4,4
https://hosting24.com/,productivity,cdn.amplitude.com,ablation,0,control,third_party,7269775,7056953,212997,-175,4,4
https://hosting24.com/,productivity,cdn.amplitude.com,ablation,0,control,listed,271976,58552,212997,427,4,4
https://hosting24.com/,productivity,cdn.amplitude.com,ablation,1,ablated,page,7271024,7056846,212997,1181,4,4
https://hosting24.com/,productivity,cdn.amplitude.com,ablation,1,ablated,third_party,7269946,7055769,212997,1180,4,4
https://hosting24.com/,productivity,cdn.amplitude.com,ablation,1,ablated,listed,271976,58552,212997,427,4,4
https://hosting24.com/,productivity,widget.trustpilot.com,ablation,0,control,page,7270428,7231683,38361,384,1,1
https://hosting24.com/,productivity,widget.trustpilot.com,ablation,0,control,third_party,7269350,7230605,38361,384,1,1
https://hosting24.com/,productivity,widget.trustpilot.com,ablation,0,control,listed,271942,233581,38361,0,1,1
https://hosting24.com/,productivity,widget.trustpilot.com,ablation,1,ablated,page,7272017,7232569,38361,1087,1,1
https://hosting24.com/,productivity,widget.trustpilot.com,ablation,1,ablated,third_party,7270939,7231491,38361,1087,1,1
https://hosting24.com/,productivity,widget.trustpilot.com,ablation,1,ablated,listed,271939,233581,38361,-3,1,1
https://hosting24.com/,productivity,static.cloudflareinsights.com,ablation,0,control,page,7270071,7257640,10495,1936,1,1
https://hosting24.com/,productivity,static.cloudflareinsights.com,ablation,0,control,third_party,7268993,7256928,10495,1570,1,1
https://hosting24.com/,productivity,static.cloudflareinsights.com,ablation,0,control,listed,271939,259123,10495,2321,1,1
https://hosting24.com/,productivity,static.cloudflareinsights.com,ablation,1,ablated,page,7271304,7263000,10495,-2191,1,1
https://hosting24.com/,productivity,static.cloudflareinsights.com,ablation,1,ablated,third_party,7270226,7261922,10495,-2191,1,1
https://hosting24.com/,productivity,static.cloudflareinsights.com,ablation,1,ablated,listed,271942,259123,10495,2324,1,1
https://hostinger.com/,productivity,cdn.amplitude.com,ablation,0,control,page,7269933,7056414,212997,522,4,4
https://hostinger.com/,productivity,cdn.amplitude.com,ablation,0,control,third_party,3118976,2905560,212997,419,4,4
https://hostinger.com/,productivity,cdn.amplitude.com,ablation,0,control,listed,271976,58552,212997,427,4,4
https://hostinger.com/,productivity,cdn.amplitude.com,ablation,1,ablated,page,7269400,7055164,212997,1239,4,4
https://hostinger.com/,productivity,cdn.amplitude.com,ablation,1,ablated,third_party,3117657,2903613,212997,1047,4,4
https://hostinger.com/,productivity,cdn.amplitude.com,ablation,1,ablated,listed,271974,58552,212997,425,4,4
https://hostinger.com/,productivity,widget.trustpilot.com,ablation,0,control,page,7270450,7231693,38361,396,1,1
https://hostinger.com/,productivity,widget.trustpilot.com,ablation,0,control,third_party,3118963,3080625,38361,-23,1,1
https://hostinger.com/,productivity,widget.trustpilot.com,ablation,0,control,listed,271976,233615,38361,0,1,1
https://hostinger.com/,productivity,widget.trustpilot.com,ablation,1,ablated,page,7270530,7231425,38361,744,1,1
https://hostinger.com/,productivity,widget.trustpilot.com,ablation,1,ablated,third_party,3118982,3080655,38361,-34,1,1
https://hostinger.com/,productivity,widget.trustpilot.com,ablation,1,ablated,listed,271975,233615,38361,-1,1,1
https://hostinger.com/,productivity,static.cloudflareinsights.com,ablation,0,control,page,7270989,7258220,10495,2274,1,1
https://hostinger.com/,productivity,static.cloudflareinsights.com,ablation,0,control,third_party,3119047,3105807,10495,2745,1,1
https://hostinger.com/,productivity,static.cloudflareinsights.com,ablation,0,control,listed,271976,259157,10495,2324,1,1
https://hostinger.com/,productivity,static.cloudflareinsights.com,ablation,1,ablated,page,7270338,7255559,10495,4284,1,1
https://hostinger.com/,productivity,static.cloudflareinsights.com,ablation,1,ablated,third_party,3119052,3105507,10495,3050,1,1
https://hostinger.com/,productivity,static.cloudflareinsights.com,ablation,1,ablated,listed,271975,259157,10495,2323,1,1
https://imgsmail.ru/,infrastructure,yandex.ru,ablation,0,control,page,12141062,8429785,627200,3084077,6,6
https://imgsmail.ru/,infrastructure,yandex.ru,ablation,0,control,third_party,11176471,7465193,627200,3084078,6,6
https://imgsmail.ru/,infrastructure,yandex.ru,ablation,0,control,listed,1092519,510749,627200,-45430,6,6
https://imgsmail.ru/,infrastructure,yandex.ru,ablation,1,ablated,page,11778897,9858627,686467,1233803,6,6
https://imgsmail.ru/,infrastructure,yandex.ru,ablation,1,ablated,third_party,10814301,8894034,686467,1233800,6,6
https://imgsmail.ru/,infrastructure,yandex.ru,ablation,1,ablated,listed,1148481,512435,686467,-50421,6,6
https://imgsmail.ru/,infrastructure,mc.yandex.ru,ablation,0,control,page,11215090,11935076,152038,-872024,3,3
https://imgsmail.ru/,infrastructure,mc.yandex.ru,ablation,0,control,third_party,10250492,10970479,152038,-872025,3,3
https://imgsmail.ru/,infrastructure,mc.yandex.ru,ablation,0,control,listed,1119072,926958,152038,40076,3,3
https://imgsmail.ru/,infrastructure,mc.yandex.ru,ablation,1,ablated,page,11195560,11648244,152219,-604903,3,3
https://imgsmail.ru/,infrastructure,mc.yandex.ru,ablation,1,ablated,third_party,10230966,10683986,152219,-605239,3,3
https://imgsmail.ru/,infrastructure,mc.yandex.ru,ablation,1,ablated,listed,1129184,866661,152219,110304,3,3
https://imgsmail.ru/,infrastructure,top-fwz1.mail.ru,ablation,0,control,page,12389686,8951750,62525,3375411,2,2
https://imgsmail.ru/,infrastructure,top-fwz1.mail.ru,ablation,0,control,third_party,11425087,7987153,62525,3375409,2,2
https://imgsmail.ru/,infrastructure,top-fwz1.mail.ru,ablation,0,control,listed,1105321,1094427,62525,-51631,2,2
https://imgsmail.ru/,infrastructure,top-fwz1.mail.ru,ablation,1,ablated,page,11269772,8713136,62525,2494111,2,2
https://imgsmail.ru/,infrastructure,top-fwz1.mail.ru,ablation,1,ablated,third_party,10305505,7748536,62525,2494444,2,2
https://imgsmail.ru/,infrastructure,top-fwz1.mail.ru,ablation,1,ablated,listed,1104278,1171395,62525,-129642,2,2
https://imgur.com/,social,securepubads.g.doubleclick.net,ablation,0,control,page,5638379,5585252,255651,-202524,2,2
https://imgur.com/,social,securepubads.g.doubleclick.net,ablation,0,control,third_party,1976356,1923242,255651,-202537,2,2
https://imgur.com/,social,securepubads.g.doubleclick.net,ablation,0,control,listed,633337,640173,255651,-262487,2,2
https://imgur.com/,social,securepubads.g.doubleclick.net,ablation,1,ablated,page,5638223,5328669,255606,53948,2,2
https://imgur.com/,social,securepubads.g.doubleclick.net,ablation,1,ablated,third_party,1976234,1667139,255606,53489,2,2
https://imgur.com/,social,securepubads.g.doubleclick.net,ablation,1,ablated,listed,633302,573124,255606,-195428,2,2
https://imgur.com/,social,quicklyedit.com,ablation,0,control,page,5639636,5531407,48502,59727,1,1
https://imgur.com/,social,quicklyedit.com,ablation,0,control,third_party,1977635,1869419,48502,59714,1,1
https://imgur.com/,social,quicklyedit.com,ablation,0,control,listed,634679,585853,48502,324,1,1
https://imgur.com/,social,quicklyedit.com,ablation,1,ablated,page,5737636,5530908,48414,158314,1,1
https://imgur.com/,social,quicklyedit.com,ablation,1,ablated,third_party,2076095,1869374,48414,158307,1,1
https://imgur.com/,social,quicklyedit.com,ablation,1,ablated,listed,732806,586256,48414,98136,1,1
https://imgur.com/,social,btloader.com,ablation,0,control,page,5640177,5584634,36564,18979,2,2
https://imgur.com/,social,btloader.com,ablation,0,control,third_party,1978181,1923104,36564,18513,2,2
https://imgur.com/,social,btloader.com,ablation,0,control,listed,635241,580782,36564,17895,2,2
https://imgur.com/,social,btloader.com,ablation,1,ablated,page,5742451,5587271,36591,118589,2,2
https://imgur.com/,social,btloader.com,ablation,1,ablated,third_party,2080915,1925283,36591,119041,2,2
https://imgur.com/,social,btloader.com,ablation,1,ablated,listed,737911,582827,36591,118493,2,2
https://independent.co.uk/,news,5d79bce7-5d2b-427e-a6c4-b89b6c7bf048.edge.permutive.app,ablation,0,control,page,3398976,3126064,272860,52,1,1
https://independent.co.uk/,news,5d79bce7-5d2b-427e-a6c4-b89b6c7bf048.edge.permutive.app,ablation,0,control,third_party,1912684,1640092,272860,-268,1,1
https://independent.co.uk/,news,5d79bce7-5d2b-427e-a6c4-b89b6c7bf048.edge.permutive.app,ablation,0,control,listed,825274,552552,272860,-138,1,1
https://independent.co.uk/,news,5d79bce7-5d2b-427e-a6c4-b89b6c7bf048.edge.permutive.app,ablation,1,ablated,page,3397037,3126021,272860,-1844,1,1
https://independent.co.uk/,news,5d79bce7-5d2b-427e-a6c4-b89b6c7bf048.edge.permutive.app,ablation,1,ablated,third_party,1912592,1640728,272860,-996,1,1
https://independent.co.uk/,news,5d79bce7-5d2b-427e-a6c4-b89b6c7bf048.edge.permutive.app,ablation,1,ablated,listed,825256,552949,272860,-553,1,1
https://independent.co.uk/,news,securepubads.g.doubleclick.net,ablation,0,control,page,3398871,3140369,256698,1804,2,2
https://independent.co.uk/,news,securepubads.g.doubleclick.net,ablation,0,control,third_party,1912527,1655692,256698,137,2,2
https://independent.co.uk/,news,securepubads.g.doubleclick.net,ablation,0,control,listed,825204,568087,256698,419,2,2
https://independent.co.uk/,news,securepubads.g.doubleclick.net,ablation,1,ablated,page,3398247,3142908,256780,-1441,2,2
https://independent.co.uk/,news,securepubads.g.doubleclick.net,ablation,1,ablated,third_party,1912720,1656054,256780,-114,2,2
https://independent.co.uk/,news,securepubads.g.doubleclick.net,ablation,1,ablated,listed,825307,568165,256780,362,2,2
https://independent.co.uk/,news,ats-wrapper.privacymanager.io,ablation,0,control,page,3397744,3317090,79906,748,2,2
https://independent.co.uk/,news,ats-wrapper.privacymanager.io,ablation,0,control,third_party,1913195,1830456,79906,2833,2,2
https://independent.co.uk/,news,ats-wrapper.privacymanager.io,ablation,0,control,listed,825782,742915,79906,2961,2,2
https://independent.co.uk/,news,ats-wrapper.privacymanager.io,ablation,1,ablated,page,3397650,3318343,79906,-599,2,2
https://independent.co.uk/,news,ats-wrapper.privacymanager.io,ablation,1,ablated,third_party,1911676,1832177,79906,-407,2,2
https://independent.co.uk/,news,ats-wrapper.privacymanager.io,ablation,1,ablated,listed,824053,744775,79906,-628,2,2
https://indiatimes.com/,news,pagead2.googlesyndication.com,ablation,0,control,page,3131507,2134040,337809,659658,6,6
https://indiatimes.com/,news,pagead2.googlesyndication.com,ablation,0,control,third_party,2609370,1611922,337809,659639,6,6
https://indiatimes.com/,news,pagead2.googlesyndication.com,ablation,0,control,listed,1631973,634721,337809,659443,6,6
https://indiatimes.com/,news,pagead2.googlesyndication.com,ablation,1,ablated,page,4018633,2135062,336060,1547511,6,6
https://indiatimes.com/,news,pagead2.googlesyndication.com,ablation,1,ablated,third_party,3496495,1612983,336060,1547452,6,6
https://indiatimes.com/,news,pagead2.googlesyndication.com,ablation,1,ablated,listed,2519278,635688,336060,1547530,6,6
https://indiatimes.com/,news,securepubads.g.doubleclick.net,ablation,0,control,page,2805002,1705124,258409,841469,2,2
https://indiatimes.com/,news,securepubads.g.doubleclick.net,ablation,0,control,third_party,2283659,1182984,258409,842266,2,2
https://indiatimes.com/,news,securepubads.g.doubleclick.net,ablation,0,control,listed,1309198,224611,258409,826178,2,2
https://indiatimes.com/,news,securepubads.g.doubleclick.net,ablation,1,ablated,page,3149695,1704768,258405,1186522,2,2
https://indiatimes.com/,news,securepubads.g.doubleclick.net,ablation,1,ablated,third_party,2627564,1182636,258405,1186523,2,2
https://indiatimes.com/,news,securepubads.g.doubleclick.net,ablation,1,ablated,listed,1650631,224286,258405,1167940,2,2
https://indiatimes.com/,news,c.amazon-adsystem.com,ablation,0,control,page,2603398,2392837,98775,111786,2,2
https://indiatimes.com/,news,c.amazon-adsystem.com,ablation,0,control,third_party,2081259,1870719,98775,111765,2,2
https://indiatimes.com/,news,c.amazon-adsystem.com,ablation,0,control,listed,1104300,896623,98775,108902,2,2
https://indiatimes.com/,news,c.amazon-adsystem.com,ablation,1,ablated,page,3340231,3326995,98775,-85539,2,2
https://indiatimes.com/,news,c.amazon-adsystem.com,ablation,1,ablated,third_party,2818879,2804866,98775,-84762,2,2
https://indiatimes.com/,news,c.amazon-adsystem.com,ablation,1,ablated,listed,1771430,1830740,98775,-158085,2,2
https://inmobi.com/,productivity,snap.licdn.com,ablation,0,control,page,2139093,2093504,47783,-2194,2,2
https://inmobi.com/,productivity,snap.licdn.com,ablation,0,control,third_party,1808891,1763299,47783,-2191,2,2
https://inmobi.com/,productivity,snap.licdn.com,ablation,0,control,listed,997821,948225,47783,1813,2,2
https://inmobi.com/,productivity,snap.licdn.com,ablation,1,ablated,page,2138887,2085781,47783,5323,2,2
https://inmobi.com/,productivity,snap.licdn.com,ablation,1,ablated,third_party,1809014,1755573,47783,5658,2,2
https://inmobi.com/,productivity,snap.licdn.com,ablation,1,ablated,listed,997942,944879,47783,5280,2,2
https://inmobi.com/,productivity,js.hs-analytics.net,ablation,0,control,page,2136781,2091861,44094,826,1,1
https://inmobi.com/,productivity,js.hs-analytics.net,ablation,0,control,third_party,1806577,1761656,44094,827,1,1
https://inmobi.com/,productivity,js.hs-analytics.net,ablation,0,control,listed,994476,949811,44094,571,1,1
https://inmobi.com/,productivity,js.hs-analytics.net,ablation,1,ablated,page,2138679,2089365,44094,5220,1,1
https://inmobi.com/,productivity,js.hs-analytics.net,ablation,1,ablated,third_party,1808808,1759159,44094,5555,1,1
https://inmobi.com/,productivity,js.hs-analytics.net,ablation,1,ablated,listed,998177,948506,44094,5577,1,1
https://inmobi.com/,productivity,s.adroll.com,ablation,0,control,page,2138584,2071970,35384,31230,1,1
https://inmobi.com/,productivity,s.adroll.com,ablation,0,control,third_party,1808380,1741764,35384,31232,1,1
https://inmobi.com/,productivity,s.adroll.com,ablation,0,control,listed,997729,929950,35384,32395,1,1
https://inmobi.com/,productivity,s.adroll.com,ablation,1,ablated,page,2137509,2071521,35383,30605,1,1
https://inmobi.com/,productivity,s.adroll.com,ablation,1,ablated,third_party,1807303,1741649,35383,30271,1,1
https://inmobi.com/,productivity,s.adroll.com,ablation,1,ablated,listed,996654,930577,35383,30694,1,1
https://ipify.org/,infrastructure,js.hs-analytics.net,ablation,0,control,page,1230271,1088791,43837,97643,1,1
https://ipify.org/,infrastructure,js.hs-analytics.net,ablation,0,control,third_party,1026544,885092,43837,97615,1,1
https://ipify.org/,infrastructure,js.hs-analytics.net,ablation,0,control,listed,154629,103008,43837,7784,1,1
https://ipify.org/,infrastructure,js.hs-analytics.net,ablation,1,ablated,page,1247194,1115158,43838,88198,1,1
https://ipify.org/,infrastructure,js.hs-analytics.net,ablation,1,ablated,third_party,1043468,911459,43838,88171,1,1
https://ipify.org/,infrastructure,js.hs-analytics.net,ablation,1,ablated,listed,171529,129563,43838,-1872,1,1
https://ipify.org/,infrastructure,js.hubspot.com,ablation,0,control,page,1225426,1213286,31266,-19126,1,1
https://ipify.org/,infrastructure,js.hubspot.com,ablation,0,control,third_party,1021700,1009560,31266,-19126,1,1
https://ipify.org/,infrastructure,js.hubspot.com,ablation,0,control,listed,149803,138652,31266,-20115,1,1
https://ipify.org/,infrastructure,js.hubspot.com,ablation,1,ablated,page,1247188,1213242,31260,2686,1,1
https://ipify.org/,infrastructure,js.hubspot.com,ablation,1,ablated,third_party,1043461,1009515,31260,2686,1,1
https://ipify.org/,infrastructure,js.hubspot.com,ablation,1,ablated,listed,171543,138656,31260,1627,1,1
https://ipify.org/,infrastructure,js.hs-banner.com,ablation,0,control,page,1247147,888406,25068,333673,1,1
https://ipify.org/,infrastructure,js.hs-banner.com,ablation,0,control,third_party,1043420,684680,25068,333672,1,1
https://ipify.org/,infrastructure,js.hs-banner.com,ablation,0,control,listed,171523,144414,25068,2041,1,1
https://ipify.org/,infrastructure,js.hs-banner.com,ablation,1,ablated,page,1252017,893264,25069,333684,1,1
https://ipify.org/,infrastructure,js.hs-banner.com,ablation,1,ablated,third_party,1048290,689537,25069,333684,1,1
https://ipify.org/,infrastructure,js.hs-banner.com,ablation,1,ablated,listed,176366,149249,25069,2048,1,1
https://ivi.ru/,entertainment,mc.yandex.ru,ablation,0,control,page,2809493,2820561,92008,-103076,1,1
https://ivi.ru/,entertainment,mc.yandex.ru,ablation,0,control,third_party,735901,636111,92008,7782,1,1
https://ivi.ru/,entertainment,mc.yandex.ru,ablation,0,control,listed,278676,181010,92008,5658,1,1
https://ivi.ru/,entertainment,mc.yandex.ru,ablation,1,ablated,page,2809789,2712195,92008,5586,1,1
https://ivi.ru/,entertainment,mc.yandex.ru,ablation,1,ablated,third_party,735757,638169,92008,5580,1,1
https://ivi.ru/,entertainment,mc.yandex.ru,ablation,1,ablated,listed,278525,180938,92008,5579,1,1
https://ivi.ru/,entertainment,api.flocktory.com,ablation,0,control,page,2809620,2824028,78750,-93158,1,1
https://ivi.ru/,entertainment,api.flocktory.com,ablation,0,control,third_party,735949,655381,78750,1818,1,1
https://ivi.ru/,entertainment,api.flocktory.com,ablation,0,control,listed,278729,199719,78750,260,1,1
https://ivi.ru/,entertainment,api.flocktory.com,ablation,1,ablated,page,2902137,2731980,78751,91406,1,1
https://ivi.ru/,entertainment,api.flocktory.com,ablation,1,ablated,third_party,733427,657949,78751,-3273,1,1
https://ivi.ru/,entertainment,api.flocktory.com,ablation,1,ablated,listed,278476,200716,78751,-991,1,1
https://ivi.ru/,entertainment,top-fwz1.mail.ru,ablation,0,control,page,2808754,2823820,54943,-70009,2,2
https://ivi.ru/,entertainment,top-fwz1.mail.ru,ablation,0,control,third_party,734974,655188,54943,24843,2,2
https://ivi.ru/,entertainment,top-fwz1.mail.ru,ablation,0,control,listed,277754,200242,54943,22569,2,2
https://ivi.ru/,entertainment,top-fwz1.mail.ru,ablation,1,ablated,page,374,2823751,0,-2823377,2,2
https://ivi.ru/,entertainment,top-fwz1.mail.ru,ablation,1,ablated,third_party,0,655370,0,-655370,2,2
https://ivi.ru/,entertainment,top-fwz1.mail.ru,ablation,1,ablated,listed,0,200423,0,-200423,2,2
https://kick.com/,entertainment,connect.facebook.net,ablation,0,control,page,11628482,11494591,259011,-125120,1,1
https://kick.com/,entertainment,connect.facebook.net,ablation,0,control,third_party,6562969,6319872,259011,-15914,1,1
https://kick.com/,entertainment,connect.facebook.net,ablation,0,control,listed,1102400,842513,259011,876,1,1
https://kick.com/,entertainment,connect.facebook.net,ablation,1,ablated,page,11071360,10782841,259011,29508,1,1
https://kick.com/,entertainment,connect.facebook.net,ablation,1,ablated,third_party,6514067,6292777,259011,-37721,1,1
https://kick.com/,entertainment,connect.facebook.net,ablation,1,ablated,listed,1101284,840919,259011,1354,1,1
https://kick.com/,entertainment,pagead2.googlesyndication.com,ablation,0,control,page,11771716,9368934,256694,2146088,5,3
https://kick.com/,entertainment,pagead2.googlesyndication.com,ablation,0,control,third_party,6537907,4255005,256694,2026208,5,3
https://kick.com/,entertainment,pagead2.googlesyndication.com,ablation,0,control,listed,1100365,842722,256694,949,5,3
https://kick.com/,entertainment,pagead2.googlesyndication.com,ablation,1,ablated,page,11725872,11343552,258491,123829,5,3
https://kick.com/,entertainment,pagead2.googlesyndication.com,ablation,1,ablated,third_party,6636568,6216019,258491,162058,5,3
https://kick.com/,entertainment,pagead2.googlesyndication.com,ablation,1,ablated,listed,1099223,843567,258491,-2835,5,3
https://kick.com/,entertainment,analytics.tiktok.com,ablation,0,control,page,9386611,9244055,166690,-24134,1,1
https://kick.com/,entertainment,analytics.tiktok.com,ablation,0,control,third_party,4486185,4349402,166690,-29907,1,1
https://kick.com/,entertainment,analytics.tiktok.com,ablation,0,control,listed,1099225,932074,166690,461,1,1
https://kick.com/,entertainment,analytics.tiktok.com,ablation,1,ablated,page,11188797,10742741,166703,279353,1,1
https://kick.com/,entertainment,analytics.tiktok.com,ablation,1,ablated,third_party,6651493,6241267,166703,243523,1,1
https://kick.com/,entertainment,analytics.tiktok.com,ablation,1,ablated,listed,1098776,930737,166703,1336,1,1
https://kleinanzeigen.de/,shopping,pagead2.googlesyndication.com,ablation,0,control,page,1614715,1599783,560,14372,2,1
https://kleinanzeigen.de/,shopping,pagead2.googlesyndication.com,ablation,0,control,third_party,6280,4919,560,801,2,1
https://kleinanzeigen.de/,shopping,pagead2.googlesyndication.com,ablation,0,control,listed,560,0,560,0,2,1
https://kleinanzeigen.de/,shopping,pagead2.googlesyndication.com,ablation,1,ablated,page,1718310,1606757,560,110993,2,1
https://kleinanzeigen.de/,shopping,pagead2.googlesyndication.com,ablation,1,ablated,third_party,5479,5519,560,-600,2,1
https://kleinanzeigen.de/,shopping,pagead2.googlesyndication.com,ablation,1,ablated,listed,560,0,560,0,2,1
https://line.me/,social,region1.google-analytics.com,ablation,0,control,page,26148205,26028834,834,118537,1,1
https://line.me/,social,region1.google-analytics.com,ablation,0,control,third_party,25620643,25501272,834,118537,1,1
https://line.me/,social,region1.google-analytics.com,ablation,0,control,listed,834,0,834,0,1,1
https://line.me/,social,region1.google-analytics.com,ablation,1,ablated,page,25770957,29259687,834,-3489564,1,1
https://line.me/,social,region1.google-analytics.com,ablation,1,ablated,third_party,25243774,28731111,834,-3488171,1,1
https://line.me/,social,region1.google-analytics.com,ablation,1,ablated,listed,834,0,834,0,1,1
https://linktr.ee/,social,pagead2.googlesyndication.com,ablation,0,control,page,4802292,4800649,1647,-4,6,3
https://linktr.ee/,social,pagead2.googlesyndication.com,ablation,0,control,third_party,640228,638584,1647,-3,6,3
https://linktr.ee/,social,pagead2.googlesyndication.com,ablation,0,control,listed,1647,0,1647,0,6,3
https://linktr.ee/,social,pagead2.googlesyndication.com,ablation,1,ablated,page,4802333,4800678,1647,8,6,3
https://linktr.ee/,social,pagead2.googlesyndication.com,ablation,1,ablated,third_party,640233,638586,1647,0,6,3
https://linktr.ee/,social,pagead2.googlesyndication.com,ablation,1,ablated,listed,1647,0,1647,0,6,3
https://livejournal.com/,social,yandex.ru,ablation,0,control,page,889,2643893,0,-2643004,3,1
https://livejournal.com/,social,yandex.ru,ablation,0,control,third_party,0,2228881,0,-2228881,3,1
https://livejournal.com/,social,yandex.ru,ablation,0,control,listed,0,425867,0,-425867,3,1
https://livejournal.com/,social,yandex.ru,ablation,1,ablated,page,3149341,2639847,194139,315355,3,1
https://livejournal.com/,social,yandex.ru,ablation,1,ablated,third_party,2733626,2224591,194139,314896,3,1
https://livejournal.com/,social,yandex.ru,ablation,1,ablated,listed,621256,422024,194139,5093,3,1
https://livejournal.com/,social,ssp.rambler.ru,ablation,0,control,page,3224899,2415382,108046,701471,2,2
https://livejournal.com/,social,ssp.rambler.ru,ablation,0,control,third_party,2809180,2001111,108046,700023,2,2
https://livejournal.com/,social,ssp.rambler.ru,ablation,0,control,listed,655593,246491,108046,301056,2,2
https://livejournal.com/,social,ssp.rambler.ru,ablation,1,ablated,page,2949283,2420324,108046,420913,2,2
https://livejournal.com/,social,ssp.rambler.ru,ablation,1,ablated,third_party,2728817,2005160,108046,615611,2,2
https://livejournal.com/,social,ssp.rambler.ru,ablation,1,ablated,listed,617370,247001,108046,262323,2,2
https://livejournal.com/,social,mc.webvisor.org,ablation,0,control,page,889,3061475,0,-3060586,1,1
https://livejournal.com/,social,mc.webvisor.org,ablation,0,control,third_party,0,2646474,0,-2646474,1,1
https://livejournal.com/,social,mc.webvisor.org,ablation,0,control,listed,0,531052,0,-531052,1,1
https://livejournal.com/,social,mc.webvisor.org,ablation,1,ablated,page,3285517,3059558,92220,133739,1,1
https://livejournal.com/,social,mc.webvisor.org,ablation,1,ablated,third_party,2869630,2643667,92220,133743,1,1
https://livejournal.com/,social,mc.webvisor.org,ablation,1,ablated,listed,669357,529856,92220,47281,1,1
https://mail.ru/,news,yandex.ru,ablation,0,control,page,12002589,10272458,656538,1073593,6,6
https://mail.ru/,news,yandex.ru,ablation,0,control,third_party,11519346,9805734,656538,1057074,6,6
https://mail.ru/,news,yandex.ru,ablation,0,control,listed,644018,43539,656538,-56059,6,6
https://mail.ru/,news,yandex.ru,ablation,1,ablated,page,10470714,9487039,595918,387757,6,6
https://mail.ru/,news,yandex.ru,ablation,1,ablated,third_party,9986642,9012236,595918,378488,6,6
https://mail.ru/,news,yandex.ru,ablation,1,ablated,listed,592248,43814,595918,-47484,6,6
https://mail.ru/,news,mc.yandex.ru,ablation,0,control,page,10253167,11549211,152219,-1448263,3,3
https://mail.ru/,news,mc.yandex.ru,ablation,0,control,third_party,9777180,11062331,152219,-1437370,3,3
https://mail.ru/,news,mc.yandex.ru,ablation,0,control,listed,673114,440951,152219,79944,3,3
https://mail.ru/,news,mc.yandex.ru,ablation,1,ablated,page,12255714,10576091,152038,1527585,3,3
https://mail.ru/,news,mc.yandex.ru,ablation,1,ablated,third_party,11781526,10097305,152038,1532183,3,3
https://mail.ru/,news,mc.yandex.ru,ablation,1,ablated,listed,741339,508559,152038,80742,3,3
https://mail.ru/,news,vk.com,ablation,0,control,page,11541825,12039066,39799,-537040,2,2
https://mail.ru/,news,vk.com,ablation,0,control,third_party,11059258,11558214,39799,-538755,2,2
https://mail.ru/,news,vk.com,ablation,0,control,listed,621595,622744,39799,-40948,2,2
https://mail.ru/,news,vk.com,ablation,1,ablated,page,11919408,9891037,41230,1987141,2,2
https://mail.ru/,news,vk.com,ablation,1,ablated,third_party,11434999,9412452,41230,1981317,2,2
https://mail.ru/,news,vk.com,ablation,1,ablated,listed,579595,591030,41230,-52665,2,2
https://mailchimp.com/,productivity,s2.go-mpulse.net,ablation,0,control,page,3467244,3196819,59165,211260,2,2
https://mailchimp.com/,productivity,s2.go-mpulse.net,ablation,0,control,third_party,877424,813074,59165,5185,2,2
https://mailchimp.com/,productivity,s2.go-mpulse.net,ablation,0,control,listed,416417,356214,59165,1038,2,2
https://mailchimp.com/,productivity,s2.go-mpulse.net,ablation,1,ablated,page,3470303,3415286,59165,-4148,2,2
https://mailchimp.com/,productivity,s2.go-mpulse.net,ablation,1,ablated,third_party,877156,815999,59165,1992,2,2
https://mailchimp.com/,productivity,s2.go-mpulse.net,ablation,1,ablated,listed,417477,356156,59165,2156,2,2
https://mailchimp.com/,productivity,bat.bing.com,ablation,0,control,page,3473732,3233019,35115,205598,1,1
https://mailchimp.com/,productivity,bat.bing.com,ablation,0,control,third_party,873448,839329,35115,-996,1,1
https://mailchimp.com/,productivity,bat.bing.com,ablation,0,control,listed,416294,380660,35115,519,1,1
https://mailchimp.com/,productivity,bat.bing.com,ablation,1,ablated,page,3269139,3233991,35115,33,1,1
https://mailchimp.com/,productivity,bat.bing.com,ablation,1,ablated,third_party,876566,841376,35115,75,1,1
https://mailchimp.com/,productivity,bat.bing.com,ablation,1,ablated,listed,415994,381553,35115,-674,1,1
https://mailchimp.com/,productivity,cdn.segment.com,ablation,0,control,page,3269054,3163258,32883,72913,4,4
https://mailchimp.com/,productivity,cdn.segment.com,ablation,0,control,third_party,876435,838767,32883,4785,4,4
https://mailchimp.com/,productivity,cdn.segment.com,ablation,0,control,listed,416586,383267,32883,436,4,4
https://mailchimp.com/,productivity,cdn.segment.com,ablation,1,ablated,page,3271012,3164980,32881,73151,4,4
https://mailchimp.com/,productivity,cdn.segment.com,ablation,1,ablated,third_party,878421,839002,32881,6538,4,4
https://mailchimp.com/,productivity,cdn.segment.com,ablation,1,ablated,listed,417551,383487,32881,1183,4,4
https://mediatek.com/,productivity,connect.facebook.net,ablation,0,control,page,5075363,4818365,258850,-1852,1,1
https://mediatek.com/,productivity,connect.facebook.net,ablation,0,control,third_party,2449703,2190603,258850,250,1,1
https://mediatek.com/,productivity,connect.facebook.net,ablation,0,control,listed,471904,212553,258850,501,1,1
https://mediatek.com/,productivity,connect.facebook.net,ablation,1,ablated,page,5078991,4815981,258892,4118,1,1
https://mediatek.com/,productivity,connect.facebook.net,ablation,1,ablated,third_party,2449663,2190442,258892,329,1,1
https://mediatek.com/,productivity,connect.facebook.net,ablation,1,ablated,listed,471824,212546,258892,386,1,1
https://mediatek.com/,productivity,snap.licdn.com,ablation,0,control,page,5079380,5044424,47875,-12919,2,2
https://mediatek.com/,productivity,snap.licdn.com,ablation,0,control,third_party,2449791,2412335,47875,-10419,2,2
https://mediatek.com/,productivity,snap.licdn.com,ablation,0,control,listed,471944,422583,47875,1486,2,2
https://mediatek.com/,productivity,snap.licdn.com,ablation,1,ablated,page,5077853,5026111,47875,3867,2,2
https://mediatek.com/,productivity,snap.licdn.com,ablation,1,ablated,third_party,2449726,2400403,47875,1448,2,2
https://mediatek.com/,productivity,snap.licdn.com,ablation,1,ablated,listed,471893,422571,47875,1447,2,2
https://mediatek.com/,productivity,js.hs-analytics.net,ablation,0,control,page,5075947,5032747,44260,-1060,1,1
https://mediatek.com/,productivity,js.hs-analytics.net,ablation,0,control,third_party,2450297,2403350,44260,2687,1,1
https://mediatek.com/,productivity,js.hs-analytics.net,ablation,0,control,listed,472425,425501,44260,2664,1,1
https://mediatek.com/,productivity,js.hs-analytics.net,ablation,1,ablated,page,5079122,5028996,44261,5865,1,1
https://mediatek.com/,productivity,js.hs-analytics.net,ablation,1,ablated,third_party,2449702,2404633,44261,808,1,1
https://mediatek.com/,productivity,js.hs-analytics.net,ablation,1,ablated,listed,471898,425619,44261,2018,1,1
https://mlb.com/,news,analytics.tiktok.com,ablation,0,control,page,66249508,65305683,678085,265740,5,5
https://mlb.com/,news,analytics.tiktok.com,ablation,0,control,third_party,23144599,22314189,678085,152325,5,5
https://mlb.com/,news,analytics.tiktok.com,ablation,0,control,listed,2772359,2052872,678085,41402,5,5
https://mlb.com/,news,analytics.tiktok.com,ablation,1,ablated,page,61150006,65833261,678187,-5361442,5,5
https://mlb.com/,news,analytics.tiktok.com,ablation,1,ablated,third_party,22960204,22726789,678187,-444772,5,5
https://mlb.com/,news,analytics.tiktok.com,ablation,1,ablated,listed,2683613,2093775,678187,-88349,5,5
https://mlb.com/,news,pagead2.googlesyndication.com,ablation,0,control,page,66375585,65091602,505388,778595,14,14
https://mlb.com/,news,pagead2.googlesyndication.com,ablation,0,control,third_party,23384765,21992245,505388,887132,14,14
https://mlb.com/,news,pagead2.googlesyndication.com,ablation,0,control,listed,2762007,1976852,505388,279767,14,14
https://mlb.com/,news,pagead2.googlesyndication.com,ablation,1,ablated,page,66150188,63696690,515876,1937622,14,14
https://mlb.com/,news,pagead2.googlesyndication.com,ablation,1,ablated,third_party,22928551,22049445,515876,363230,14,14
https://mlb.com/,news,pagead2.googlesyndication.com,ablation,1,ablated,listed,2681675,1976213,515876,189586,14,14
https://mlb.com/,news,connect.facebook.net,ablation,0,control,page,25302333,25167281,291224,-156172,1,1
https://mlb.com/,news,connect.facebook.net,ablation,0,control,third_party,23367176,23232373,291224,-156421,1,1
https://mlb.com/,news,connect.facebook.net,ablation,0,control,listed,2722825,2461132,291224,-29531,1,1
https://mlb.com/,news,connect.facebook.net,ablation,1,ablated,page,66198207,66137175,290804,-229772,1,1
https://mlb.com/,news,connect.facebook.net,ablation,1,ablated,third_party,22977161,23031080,290804,-344723,1,1
https://mlb.com/,news,connect.facebook.net,ablation,1,ablated,listed,2727492,2428489,290804,8199,1,1
https://nasa.gov/,reference,cdn.parsely.com,ablation,0,control,page,11534608,11508160,27117,-669,2,2
https://nasa.gov/,reference,cdn.parsely.com,ablation,0,control,third_party,522293,495579,27117,-403,2,2
https://nasa.gov/,reference,cdn.parsely.com,ablation,0,control,listed,30213,2465,27117,631,2,2
https://nasa.gov/,reference,cdn.parsely.com,ablation,1,ablated,page,11535891,11667353,27117,-158579,2,2
https://nasa.gov/,reference,cdn.parsely.com,ablation,1,ablated,third_party,523312,654774,27117,-158579,2,2
https://nasa.gov/,reference,cdn.parsely.com,ablation,1,ablated,listed,30213,2485,27117,611,2,2
https://nasa.gov/,reference,region1.google-analytics.com,ablation,0,control,page,11696025,11692577,2465,983,3,3
https://nasa.gov/,reference,region1.google-analytics.com,ablation,0,control,third_party,683445,679996,2465,984,3,3
https://nasa.gov/,reference,region1.google-analytics.com,ablation,0,control,listed,30213,27748,2465,0,3,3
https://nasa.gov/,reference,region1.google-analytics.com,ablation,1,ablated,page,11534820,11532153,2465,202,3,3
https://nasa.gov/,reference,region1.google-analytics.com,ablation,1,ablated,third_party,522242,519845,2465,-68,3,3
https://nasa.gov/,reference,region1.google-analytics.com,ablation,1,ablated,listed,30213,27748,2465,0,3,3
https://nature.com/,reference,pagead2.googlesyndication.com,ablation,0,control,page,1528590,1273141,256449,-1000,1,1
https://nature.com/,reference,pagead2.googlesyndication.com,ablation,0,control,third_party,892017,635572,256449,-4,1,1
https://nature.com/,reference,pagead2.googlesyndication.com,ablation,0,control,listed,370434,113985,256449,0,1,1
https://nature.com/,reference,pagead2.googlesyndication.com,ablation,1,ablated,page,1528297,1272335,255159,803,1,1
https://nature.com/,reference,pagead2.googlesyndication.com,ablation,1,ablated,third_party,890730,635571,255159,0,1,1
https://nature.com/,reference,pagead2.googlesyndication.com,ablation,1,ablated,listed,369144,113985,255159,0,1,1
https://nature.com/,reference,scripts.webcontentassessor.com,ablation,0,control,page,1528892,1414722,113985,185,1,1
https://nature.com/,reference,scripts.webcontentassessor.com,ablation,0,control,third_party,892103,778121,113985,-3,1,1
https://nature.com/,reference,scripts.webcontentassessor.com,ablation,0,control,listed,370516,256533,113985,-2,1,1
https://nature.com/,reference,scripts.webcontentassessor.com,ablation,1,ablated,page,1529655,1413559,113985,2111,1,1
https://nature.com/,reference,scripts.webcontentassessor.com,ablation,1,ablated,third_party,892099,776743,113985,1371,1,1
https://nature.com/,reference,scripts.webcontentassessor.com,ablation,1,ablated,listed,370516,255159,113985,1372,1,1
https://nbcnews.com/,news,cdn.taboola.com,ablation,0,control,page,7826715,7354654,368225,103836,1,1
https://nbcnews.com/,news,cdn.taboola.com,ablation,0,control,third_party,5474633,5002666,368225,103742,1,1
https://nbcnews.com/,news,cdn.taboola.com,ablation,0,control,listed,2217799,1746136,368225,103438,1,1
https://nbcnews.com/,news,cdn.taboola.com,ablation,1,ablated,page,7821099,7355318,368225,97556,1,1
https://nbcnews.com/,news,cdn.taboola.com,ablation,1,ablated,third_party,5469980,5003613,368225,98142,1,1
https://nbcnews.com/,news,cdn.taboola.com,ablation,1,ablated,listed,2213571,1747564,368225,97782,1,1
https://nbcnews.com/,news,securepubads.g.doubleclick.net,ablation,0,control,page,7715362,7412896,256570,45896,1,1
https://nbcnews.com/,news,securepubads.g.doubleclick.net,ablation,0,control,third_party,5363374,5061224,256570,45580,1,1
https://nbcnews.com/,news,securepubads.g.doubleclick.net,ablation,0,control,listed,2106743,1811744,256570,38429,1,1
https://nbcnews.com/,news,securepubads.g.doubleclick.net,ablation,1,ablated,page,7812261,7006239,254766,551256,1,1
https://nbcnews.com/,news,securepubads.g.doubleclick.net,ablation,1,ablated,third_party,5458289,4652544,254766,550979,1,1
https://nbcnews.com/,news,securepubads.g.doubleclick.net,ablation,1,ablated,listed,2202454,1398874,254766,548814,1,1
https://nbcnews.com/,news,pagead2.googlesyndication.com,ablation,0,control,page,7892219,7330230,150720,411269,10,10
https://nbcnews.com/,news,pagead2.googlesyndication.com,ablation,0,control,third_party,5538557,4978553,150720,409284,10,10
https://nbcnews.com/,news,pagead2.googlesyndication.com,ablation,0,control,listed,2282197,1724660,150720,406817,10,10
https://nbcnews.com/,news,pagead2.googlesyndication.com,ablation,1,ablated,page,7830367,7343345,118740,368282,13,13
https://nbcnews.com/,news,pagead2.googlesyndication.com,ablation,1,ablated,third_party,5478698,4991401,118740,368557,13,13
https://nbcnews.com/,news,pagead2.googlesyndication.com,ablation,1,ablated,listed,2222536,1737382,118740,366414,13,13
https://networkadvertising.org/,reference,static.addtoany.com,ablation,0,control,page,24541989,24511530,30979,-520,2,2
https://networkadvertising.org/,reference,static.addtoany.com,ablation,0,control,third_party,24541653,24511194,30979,-520,2,2
https://networkadvertising.org/,reference,static.addtoany.com,ablation,0,control,listed,53544,22565,30979,0,2,2
https://networkadvertising.org/,reference,static.addtoany.com,ablation,1,ablated,page,24542408,24510377,30979,1052,2,2
https://networkadvertising.org/,reference,static.addtoany.com,ablation,1,ablated,third_party,24542072,24510377,30979,716,2,2
https://networkadvertising.org/,reference,static.addtoany.com,ablation,1,ablated,listed,53544,22565,30979,0,2,2
https://networkadvertising.org/,reference,www.google-analytics.com,ablation,0,control,page,24790608,24791381,0,-773,1,1
https://networkadvertising.org/,reference,www.google-analytics.com,ablation,0,control,third_party,24790272,24791045,0,-773,1,1
https://networkadvertising.org/,reference,www.google-analytics.com,ablation,0,control,listed,31812,31812,0,0,1,1
https://networkadvertising.org/,reference,www.google-analytics.com,ablation,1,ablated,page,24670514,24520298,21732,128484,1,1
https://networkadvertising.org/,reference,www.google-analytics.com,ablation,1,ablated,third_party,24670514,24520298,21732,128484,1,1
https://networkadvertising.org/,reference,www.google-analytics.com,ablation,1,ablated,listed,53544,31812,21732,0,1,1
https://networkadvertising.org/,reference,region1.google-analytics.com,ablation,0,control,page,24683320,24566691,833,115796,1,1
https://networkadvertising.org/,reference,region1.google-analytics.com,ablation,0,control,third_party,24682984,24566355,833,115796,1,1
https://networkadvertising.org/,reference,region1.google-analytics.com,ablation,0,control,listed,53544,52711,833,0,1,1
https://networkadvertising.org/,reference,region1.google-analytics.com,ablation,1,ablated,page,24541800,24518733,833,22234,1,1
https://networkadvertising.org/,reference,region1.google-analytics.com,ablation,1,ablated,third_party,24541464,24518733,833,21898,1,1
https://networkadvertising.org/,reference,region1.google-analytics.com,ablation,1,ablated,listed,53544,30979,833,21732,1,1
https://nike.com/,shopping,js-agent.newrelic.com,ablation,0,control,page,3117621,3039825,35423,42373,2,2
https://nike.com/,shopping,js-agent.newrelic.com,ablation,0,control,third_party,138215,67135,35423,35657,2,2
https://nike.com/,shopping,js-agent.newrelic.com,ablation,0,control,listed,74243,35364,35423,3456,2,2
https://nike.com/,shopping,js-agent.newrelic.com,ablation,1,ablated,page,3099325,3096223,35423,-32321,2,2
https://nike.com/,shopping,js-agent.newrelic.com,ablation,1,ablated,third_party,138214,109444,35423,-6653,2,2
https://nike.com/,shopping,js-agent.newrelic.com,ablation,1,ablated,listed,74243,35364,35423,3456,2,2
https://nike.com/,shopping,s.go-mpulse.net,ablation,0,control,page,3117817,3100984,35020,-18187,2,2
https://nike.com/,shopping,s.go-mpulse.net,ablation,0,control,third_party,148323,112954,35020,349,2,2
https://nike.com/,shopping,s.go-mpulse.net,ablation,0,control,listed,74242,38873,35020,349,2,2
https://nike.com/,shopping,s.go-mpulse.net,ablation,1,ablated,page,3123481,3103493,35020,-15032,2,2
https://nike.com/,shopping,s.go-mpulse.net,ablation,1,ablated,third_party,138214,113001,35020,-9807,2,2
https://nike.com/,shopping,s.go-mpulse.net,ablation,1,ablated,listed,74243,38878,35020,345,2,2
https://nike.com/,shopping,bam.nr-data.net,ablation,0,control,page,3131444,3124575,3456,3413,2,2
https://nike.com/,shopping,bam.nr-data.net,ablation,0,control,third_party,148095,144640,3456,-1,2,2
https://nike.com/,shopping,bam.nr-data.net,ablation,0,control,listed,74243,70786,3456,1,2,2
https://nike.com/,shopping,bam.nr-data.net,ablation,1,ablated,page,3138361,3126984,3456,7921,2,2
https://nike.com/,shopping,bam.nr-data.net,ablation,1,ablated,third_party,148094,144640,3456,-2,2,2
https://nike.com/,shopping,bam.nr-data.net,ablation,1,ablated,listed,74242,70786,3456,0,2,2
https://nist.gov/,reference,js-agent.newrelic.com,ablation,0,control,page,6236586,6212024,22848,1714,2,2
https://nist.gov/,reference,js-agent.newrelic.com,ablation,0,control,third_party,5746958,5722419,22848,1691,2,2
https://nist.gov/,reference,js-agent.newrelic.com,ablation,0,control,listed,36095,12165,22848,1082,2,2
https://nist.gov/,reference,js-agent.newrelic.com,ablation,1,ablated,page,10707409,10683463,22849,1097,2,2
https://nist.gov/,reference,js-agent.newrelic.com,ablation,1,ablated,third_party,10217802,10193772,22849,1181,2,2
https://nist.gov/,reference,js-agent.newrelic.com,ablation,1,ablated,listed,36096,12165,22849,1082,2,2
https://nist.gov/,reference,static.cloudflareinsights.com,ablation,0,control,page,6236236,6224821,10495,920,1,1
https://nist.gov/,reference,static.cloudflareinsights.com,ablation,0,control,third_party,5746269,5735547,10495,227,1,1
https://nist.gov/,reference,static.cloudflareinsights.com,ablation,0,control,listed,36096,25600,10495,1,1,1
https://nist.gov/,reference,static.cloudflareinsights.com,ablation,1,ablated,page,6234659,6224510,10495,-346,1,1
https://nist.gov/,reference,static.cloudflareinsights.com,ablation,1,ablated,third_party,5745991,5735653,10495,-157,1,1
https://nist.gov/,reference,static.cloudflareinsights.com,ablation,1,ablated,listed,36096,25601,10495,0,1,1
https://nist.gov/,reference,region1.google-analytics.com,ablation,0,control,page,6235937,6235049,1650,-762,2,2
https://nist.gov/,reference,region1.google-analytics.com,ablation,0,control,third_party,5747156,5745067,1650,439,2,2
https://nist.gov/,reference,region1.google-analytics.com,ablation,0,control,listed,36076,34425,1650,1,2,2
https://nist.gov/,reference,region1.google-analytics.com,ablation,1,ablated,page,10706766,6235173,1670,4469923,1,1
https://nist.gov/,reference,region1.google-analytics.com,ablation,1,ablated,third_party,10217732,5745478,1670,4470584,1,1
https://nist.gov/,reference,region1.google-analytics.com,ablation,1,ablated,listed,36096,34426,1670,0,1,1
https://no-ip.com/,infrastructure,us-assets.i.posthog.com,ablation,0,control,page,3030470,2812823,215187,2460,1,1
https://no-ip.com/,infrastructure,us-assets.i.posthog.com,ablation,0,control,third_party,3030119,2812472,215187,2460,1,1
https://no-ip.com/,infrastructure,us-assets.i.posthog.com,ablation,0,control,listed,421894,204249,215187,2458,1,1
https://no-ip.com/,infrastructure,us-assets.i.posthog.com,ablation,1,ablated,page,3031205,3012538,215180,-196513,1,1
https://no-ip.com/,infrastructure,us-assets.i.posthog.com,ablation,1,ablated,third_party,3030854,3012538,215180,-196864,1,1
https://no-ip.com/,infrastructure,us-assets.i.posthog.com,ablation,1,ablated,listed,421906,204236,215180,2490,1,1
https://no-ip.com/,infrastructure,www.googleadservices.com,ablation,0,control,page,3032781,3001854,27928,2999,2,2
https://no-ip.com/,infrastructure,www.googleadservices.com,ablation,0,control,third_party,3032430,3001854,27928,2648,2,2
https://no-ip.com/,infrastructure,www.googleadservices.com,ablation,0,control,listed,421978,393257,27928,793,2,2
https://no-ip.com/,infrastructure,www.googleadservices.com,ablation,1,ablated,page,3231109,3201639,27934,1536,2,2
https://no-ip.com/,infrastructure,www.googleadservices.com,ablation,1,ablated,third_party,3230758,3201288,27934,1536,2,2
https://no-ip.com/,infrastructure,www.googleadservices.com,ablation,1,ablated,listed,422118,393204,27934,980,2,2
https://no-ip.com/,infrastructure,cdn.inspectlet.com,ablation,0,control,page,3030468,3005292,24614,562,1,1
https://no-ip.com/,infrastructure,cdn.inspectlet.com,ablation,0,control,third_party,3030117,3004941,24614,562,1,1
https://no-ip.com/,infrastructure,cdn.inspectlet.com,ablation,0,control,listed,421907,396782,24614,511,1,1
https://no-ip.com/,infrastructure,cdn.inspectlet.com,ablation,1,ablated,page,3230393,3005033,24612,200748,1,1
https://no-ip.com/,infrastructure,cdn.inspectlet.com,ablation,1,ablated,third_party,3230042,3004682,24612,200748,1,1
https://no-ip.com/,infrastructure,cdn.inspectlet.com,ablation,1,ablated,listed,421959,396445,24612,902,1,1
https://npr.org/,news,securepubads.g.doubleclick.net,ablation,0,control,page,6496158,6177454,256430,62274,1,1
https://npr.org/,news,securepubads.g.doubleclick.net,ablation,0,control,third_party,4901920,4583245,256430,62245,1,1
https://npr.org/,news,securepubads.g.doubleclick.net,ablation,0,control,listed,1111728,793126,256430,62172,1,1
https://npr.org/,news,securepubads.g.doubleclick.net,ablation,1,ablated,page,6434470,6177744,256514,212,1,1
https://npr.org/,news,securepubads.g.doubleclick.net,ablation,1,ablated,third_party,4840267,4583254,256514,499,1,1
https://npr.org/,news,securepubads.g.doubleclick.net,ablation,1,ablated,listed,1050089,793083,256514,492,1,1
https://npr.org/,news,cdn.optimizely.com,ablation,0,control,page,6435274,6308529,128568,-1823,1,1
https://npr.org/,news,cdn.optimizely.com,ablation,0,control,third_party,4841069,4714329,128568,-1828,1,1
https://npr.org/,news,cdn.optimizely.com,ablation,0,control,listed,1050903,924110,128568,-1775,1,1
https://npr.org/,news,cdn.optimizely.com,ablation,1,ablated,page,6437384,6307278,128568,1538,1,1
https://npr.org/,news,cdn.optimizely.com,ablation,1,ablated,third_party,4843538,4713429,128568,1541,1,1
https://npr.org/,news,cdn.optimizely.com,ablation,1,ablated,listed,1053301,923143,128568,1590,1,1
https://npr.org/,news,script.crazyegg.com,ablation,0,control,page,6435449,6364215,70223,1011,1,1
https://npr.org/,news,script.crazyegg.com,ablation,0,control,third_party,4840277,4770009,70223,45,1,1
https://npr.org/,news,script.crazyegg.com,ablation,0,control,listed,1050155,979812,70223,120,1,1
https://npr.org/,news,script.crazyegg.com,ablation,1,ablated,page,6433208,6362947,70223,38,1,1
https://npr.org/,news,script.crazyegg.com,ablation,1,ablated,third_party,4839005,4768745,70223,37,1,1
https://npr.org/,news,script.crazyegg.com,ablation,1,ablated,listed,1048812,978606,70223,-17,1,1
https://ntp.org/,infrastructure,pagead2.googlesyndication.com,ablation,0,control,page,681382,657797,23315,270,1,1
https://ntp.org/,infrastructure,pagead2.googlesyndication.com,ablation,0,control,third_party,530214,506629,23315,270,1,1
https://ntp.org/,infrastructure,pagead2.googlesyndication.com,ablation,0,control,listed,75353,51759,23315,279,1,1
https://ntp.org/,infrastructure,pagead2.googlesyndication.com,ablation,1,ablated,page,681261,657886,23315,60,1,1
https://ntp.org/,infrastructure,pagead2.googlesyndication.com,ablation,1,ablated,third_party,530093,506718,23315,60,1,1
https://ntp.org/,infrastructure,pagead2.googlesyndication.com,ablation,1,ablated,listed,75210,51851,23315,44,1,1
https://ntp.org/,infrastructure,ep1.adtrafficquality.google,ablation,0,control,page,681251,634411,8606,38234,1,1
https://ntp.org/,infrastructure,ep1.adtrafficquality.google,ablation,0,control,third_party,530083,483243,8606,38234,1,1
https://ntp.org/,infrastructure,ep1.adtrafficquality.google,ablation,0,control,listed,75214,28372,8606,38236,1,1
https://ntp.org/,infrastructure,ep1.adtrafficquality.google,ablation,1,ablated,page,681295,634408,8612,38275,1,1
https://ntp.org/,infrastructure,ep1.adtrafficquality.google,ablation,1,ablated,third_party,530127,483240,8612,38275,1,1
https://ntp.org/,infrastructure,ep1.adtrafficquality.google,ablation,1,ablated,listed,75261,28372,8612,38277,1,1
https://ntp.org/,infrastructure,www.clarity.ms,ablation,0,control,page,681322,655723,1153,24446,1,1
https://ntp.org/,infrastructure,www.clarity.ms,ablation,0,control,third_party,530154,504555,1153,24446,1,1
https://ntp.org/,infrastructure,www.clarity.ms,ablation,0,control,listed,75284,49682,1153,24449,1,1
https://ntp.org/,infrastructure,www.clarity.ms,ablation,1,ablated,page,681246,653497,1153,26596,1,1
https://ntp.org/,infrastructure,www.clarity.ms,ablation,1,ablated,third_party,530078,502329,1153,26596,1,1
https://ntp.org/,infrastructure,www.clarity.ms,ablation,1,ablated,listed,75211,47461,1153,26597,1,1
https://ok.ru/,social,yandex.ru,ablation,0,control,page,6713570,6197973,205541,310056,2,2
https://ok.ru/,social,yandex.ru,ablation,0,control,third_party,6415938,5897940,205541,312457,2,2
https://ok.ru/,social,yandex.ru,ablation,0,control,listed,329668,118224,205541,5903,2,2
https://ok.ru/,social,yandex.ru,ablation,1,ablated,page,6663712,6196350,205680,261682,2,2
https://ok.ru/,social,yandex.ru,ablation,1,ablated,third_party,6366092,5898690,205680,261722,2,2
https://ok.ru/,social,yandex.ru,ablation,1,ablated,listed,329812,118070,205680,6062,2,2
https://ok.ru/,social,mc.yandex.ru,ablation,0,control,page,6882417,6811420,92008,-21011,2,2
https://ok.ru/,social,mc.yandex.ru,ablation,0,control,third_party,6584722,6513792,92008,-21078,2,2
https://ok.ru/,social,mc.yandex.ru,ablation,0,control,listed,388086,289859,92008,6219,2,2
https://ok.ru/,social,mc.yandex.ru,ablation,1,ablated,page,6913760,6787405,92008,34347,2,2
https://ok.ru/,social,mc.yandex.ru,ablation,1,ablated,third_party,6616151,6489795,92008,34348,2,2
https://ok.ru/,social,mc.yandex.ru,ablation,1,ablated,listed,391425,283022,92008,16395,2,2
https://ok.ru/,social,www.google-analytics.com,ablation,0,control,page,6935640,6890625,22622,22393,1,1
https://ok.ru/,social,www.google-analytics.com,ablation,0,control,third_party,6637995,6593028,22622,22345,1,1
https://ok.ru/,social,www.google-analytics.com,ablation,0,control,listed,385090,369385,22622,-6917,1,1
https://ok.ru/,social,www.google-analytics.com,ablation,1,ablated,page,6886918,6854780,22622,9516,1,1
https://ok.ru/,social,www.google-analytics.com,ablation,1,ablated,third_party,6589325,6557135,22622,9568,1,1
https://ok.ru/,social,www.google-analytics.com,ablation,1,ablated,listed,385713,360336,22622,2755,1,1
https://one.one/,infrastructure,pagead2.googlesyndication.com,ablation,0,control,page,7445489,7443702,1653,134,6,3
https://one.one/,infrastructure,pagead2.googlesyndication.com,ablation,0,control,third_party,7445286,7443499,1653,134,6,3
https://one.one/,infrastructure,pagead2.googlesyndication.com,ablation,0,control,listed,121729,119928,1653,148,6,3
https://one.one/,infrastructure,pagead2.googlesyndication.com,ablation,1,ablated,page,7445943,7443625,1653,665,6,3
https://one.one/,infrastructure,pagead2.googlesyndication.com,ablation,1,ablated,third_party,7445740,7443422,1653,665,6,3
https://one.one/,infrastructure,pagead2.googlesyndication.com,ablation,1,ablated,listed,122142,119869,1653,620,6,3
https://onlyfans.com/,entertainment,static.cloudflareinsights.com,ablation,0,control,page,1553541,1542069,10495,977,1,1
https://onlyfans.com/,entertainment,static.cloudflareinsights.com,ablation,0,control,third_party,11476,0,10495,981,1,1
https://onlyfans.com/,entertainment,static.cloudflareinsights.com,ablation,0,control,listed,11476,0,10495,981,1,1
https://onlyfans.com/,entertainment,static.cloudflareinsights.com,ablation,1,ablated,page,1553545,1542066,10495,984,1,1
https://onlyfans.com/,entertainment,static.cloudflareinsights.com,ablation,1,ablated,third_party,11476,0,10495,981,1,1
https://onlyfans.com/,entertainment,static.cloudflareinsights.com,ablation,1,ablated,listed,11476,0,10495,981,1,1
https://oxylabs.io/,productivity,connect.facebook.net,ablation,0,control,page,3920951,977414,232453,2711084,0,0
https://oxylabs.io/,productivity,connect.facebook.net,ablation,0,control,third_party,1157155,808670,232453,116032,0,0
https://oxylabs.io/,productivity,connect.facebook.net,ablation,0,control,listed,782291,0,232453,549838,0,0
https://oxylabs.io/,productivity,connect.facebook.net,ablation,1,ablated,page,13660590,3692892,232443,9735255,1,1
https://oxylabs.io/,productivity,connect.facebook.net,ablation,1,ablated,third_party,1157306,932445,232443,-7582,1,1
https://oxylabs.io/,productivity,connect.facebook.net,ablation,1,ablated,listed,782175,557581,232443,-7849,1,1
https://oxylabs.io/,productivity,us-assets.i.posthog.com,ablation,0,control,page,13586143,13489768,86778,9597,5,5
https://oxylabs.io/,productivity,us-assets.i.posthog.com,ablation,0,control,third_party,1085065,988687,86778,9600,5,5
https://oxylabs.io/,productivity,us-assets.i.posthog.com,ablation,0,control,listed,709934,613823,86778,9333,5,5
https://oxylabs.io/,productivity,us-assets.i.posthog.com,ablation,1,ablated,page,13669703,3848185,86793,9734725,5,5
https://oxylabs.io/,productivity,us-assets.i.posthog.com,ablation,1,ablated,third_party,1166375,1083287,86793,-3705,5,5
https://oxylabs.io/,productivity,us-assets.i.posthog.com,ablation,1,ablated,listed,791510,704925,86793,-208,5,5
https://oxylabs.io/,productivity,snap.licdn.com,ablation,0,control,page,13636021,13609341,47783,-21103,2,2
https://oxylabs.io/,productivity,snap.licdn.com,ablation,0,control,third_party,1165980,1105369,47783,12828,2,2
https://oxylabs.io/,productivity,snap.licdn.com,ablation,0,control,listed,791116,730505,47783,12828,2,2
https://oxylabs.io/,productivity,snap.licdn.com,ablation,1,ablated,page,3923858,976245,47783,2899830,0,0
https://oxylabs.io/,productivity,snap.licdn.com,ablation,1,ablated,third_party,1160550,806427,47783,306340,0,0
https://oxylabs.io/,productivity,snap.licdn.com,ablation,1,ablated,listed,782188,0,47783,734405,0,0
https://palmplaystore.com/,entertainment,pagead2.googlesyndication.com,ablation,0,control,page,2099957,1475331,286568,338058,1,1
https://palmplaystore.com/,entertainment,pagead2.googlesyndication.com,ablation,0,control,third_party,633543,8132,286568,338843,1,1
https://palmplaystore.com/,entertainment,pagead2.googlesyndication.com,ablation,0,control,listed,286568,0,286568,0,1,1
https://palmplaystore.com/,entertainment,pagead2.googlesyndication.com,ablation,1,ablated,page,2074499,1474293,261019,339187,1,1
https://palmplaystore.com/,entertainment,pagead2.googlesyndication.com,ablation,1,ablated,third_party,607993,8132,261019,338842,1,1
https://palmplaystore.com/,entertainment,pagead2.googlesyndication.com,ablation,1,ablated,listed,261019,0,261019,0,1,1
https://patreon.com/,social,static.cloudflareinsights.com,ablation,0,control,page,45031044,45021275,10495,-726,1,1
https://patreon.com/,social,static.cloudflareinsights.com,ablation,0,control,third_party,366926,354926,10495,1505,1,1
https://patreon.com/,social,static.cloudflareinsights.com,ablation,0,control,listed,13309,1332,10495,1482,1,1
https://patreon.com/,social,static.cloudflareinsights.com,ablation,1,ablated,page,45032628,45019618,10495,2515,1,1
https://patreon.com/,social,static.cloudflareinsights.com,ablation,1,ablated,third_party,366319,355346,10495,478,1,1
https://patreon.com/,social,static.cloudflareinsights.com,ablation,1,ablated,listed,12840,1332,10495,1013,1,1
https://patreon.com/,social,region1.google-analytics.com,ablation,0,control,page,45031119,45031360,838,-1079,1,1
https://patreon.com/,social,region1.google-analytics.com,ablation,0,control,third_party,367125,365592,838,695,1,1
https://patreon.com/,social,region1.google-analytics.com,ablation,0,control,listed,13309,11977,838,494,1,1
https://patreon.com/,social,region1.google-analytics.com,ablation,1,ablated,page,45032860,45030200,838,1822,1,1
https://patreon.com/,social,region1.google-analytics.com,ablation,1,ablated,third_party,366968,366168,838,-38,1,1
https://patreon.com/,social,region1.google-analytics.com,ablation,1,ablated,listed,12815,12496,838,-519,1,1
https://patreon.com/,social,o83571.ingest.sentry.io,ablation,0,control,page,45032007,45030483,494,1030,1,1
https://patreon.com/,social,o83571.ingest.sentry.io,ablation,0,control,third_party,366896,366447,494,-45,1,1
https://patreon.com/,social,o83571.ingest.sentry.io,ablation,0,control,listed,13309,12815,494,0,1,1
https://patreon.com/,social,o83571.ingest.sentry.io,ablation,1,ablated,page,45032097,45032982,494,-1379,1,1
https://patreon.com/,social,o83571.ingest.sentry.io,ablation,1,ablated,third_party,366980,366344,494,142,1,1
https://patreon.com/,social,o83571.ingest.sentry.io,ablation,1,ablated,listed,13309,12815,494,0,1,1
https://pikabu.ru/,social,yandex.ru,ablation,0,control,page,6097625,3839099,738206,1520320,5,5
https://pikabu.ru/,social,yandex.ru,ablation,0,control,third_party,2271038,26794,738206,1506038,5,5
https://pikabu.ru/,social,yandex.ru,ablation,0,control,listed,774422,0,738206,36216,5,5
https://pikabu.ru/,social,yandex.ru,ablation,1,ablated,page,6243201,3831353,475199,1936649,5,5
https://pikabu.ru/,social,yandex.ru,ablation,1,ablated,third_party,2468213,26794,475199,1966220,5,5
https://pikabu.ru/,social,yandex.ru,ablation,1,ablated,listed,485901,0,475199,10702,5,5
https://pikabu.ru/,social,mc.yandex.ru,ablation,0,control,page,6472222,4914740,92008,1465474,3,3
https://pikabu.ru/,social,mc.yandex.ru,ablation,0,control,third_party,2677316,1148305,92008,1437003,3,3
https://pikabu.ru/,social,mc.yandex.ru,ablation,0,control,listed,450705,441934,92008,-83237,3,3
https://pikabu.ru/,social,mc.yandex.ru,ablation,1,ablated,page,6465060,6320525,92008,52527,2,2
https://pikabu.ru/,social,mc.yandex.ru,ablation,1,ablated,third_party,2670819,2536677,92008,42134,2,2
https://pikabu.ru/,social,mc.yandex.ru,ablation,1,ablated,listed,402571,397645,92008,-87082,2,2
https://pikabu.ru/,social,mc.yandex.com,ablation,0,control,page,6210073,7733115,10790,-1533832,7,6
https://pikabu.ru/,social,mc.yandex.com,ablation,0,control,third_party,2414950,3983088,10790,-1578928,7,6
https://pikabu.ru/,social,mc.yandex.com,ablation,0,control,listed,491561,488606,10790,-7835,7,6
https://pikabu.ru/,social,mc.yandex.com,ablation,1,ablated,page,6485884,6254056,18340,213488,7,6
https://pikabu.ru/,social,mc.yandex.com,ablation,1,ablated,third_party,2735428,2580780,18340,136308,7,6
https://pikabu.ru/,social,mc.yandex.com,ablation,1,ablated,listed,434857,394914,18340,21603,7,6
https://pornhub.com/,entertainment,region1.google-analytics.com,ablation,0,control,page,2682727,2743720,838,-61831,1,1
https://pornhub.com/,entertainment,region1.google-analytics.com,ablation,0,control,third_party,2499210,2559609,838,-61237,1,1
https://pornhub.com/,entertainment,region1.google-analytics.com,ablation,0,control,listed,191560,215225,838,-24503,1,1
https://pornhub.com/,entertainment,region1.google-analytics.com,ablation,1,ablated,page,2471131,2795320,838,-325027,2,2
https://pornhub.com/,entertainment,region1.google-analytics.com,ablation,1,ablated,third_party,2288637,2610748,838,-322949,2,2
https://pornhub.com/,entertainment,region1.google-analytics.com,ablation,1,ablated,listed,403022,221298,838,180886,2,2
https://pornhub.com/,entertainment,media.trafficjunky.net,ablation,0,control,page,3009075,2864032,485,144558,2,2
https://pornhub.com/,entertainment,media.trafficjunky.net,ablation,0,control,third_party,2825341,2682154,485,142702,2,2
https://pornhub.com/,entertainment,media.trafficjunky.net,ablation,0,control,listed,265623,417628,485,-152490,2,2
https://pornhub.com/,entertainment,media.trafficjunky.net,ablation,1,ablated,page,2971956,2493449,485,478022,2,2
https://pornhub.com/,entertainment,media.trafficjunky.net,ablation,1,ablated,third_party,2788329,2310398,485,477446,2,2
https://pornhub.com/,entertainment,media.trafficjunky.net,ablation,1,ablated,listed,220828,406975,485,-186632,2,2
https://princeton.edu/,reference,region1.google-analytics.com,ablation,0,control,page,1132364,1131504,840,20,1,1
https://princeton.edu/,reference,region1.google-analytics.com,ablation,0,control,third_party,279782,278938,840,4,1,1
https://princeton.edu/,reference,region1.google-analytics.com,ablation,0,control,listed,840,0,840,0,1,1
https://princeton.edu/,reference,region1.google-analytics.com,ablation,1,ablated,page,1132364,1131516,840,8,1,1
https://princeton.edu/,reference,region1.google-analytics.com,ablation,1,ablated,third_party,279782,278955,840,-13,1,1
https://princeton.edu/,reference,region1.google-analytics.com,ablation,1,ablated,listed,840,0,840,0,1,1
https://prnewswire.com/,news,js.qualified.com,ablation,0,control,page,5462253,3742253,364948,1355052,1,1
https://prnewswire.com/,news,js.qualified.com,ablation,0,control,third_party,3757097,2037338,364948,1354811,1,1
https://prnewswire.com/,news,js.qualified.com,ablation,0,control,listed,2237796,518920,364948,1353928,1,1
https://prnewswire.com/,news,js.qualified.com,ablation,1,ablated,page,5496514,3742992,364948,1388574,1,1
https://prnewswire.com/,news,js.qualified.com,ablation,1,ablated,third_party,3792230,2038162,364948,1389120,1,1
https://prnewswire.com/,news,js.qualified.com,ablation,1,ablated,listed,2238010,518415,364948,1354647,1,1
https://prnewswire.com/,news,connect.facebook.net,ablation,0,control,page,5463416,5224490,234640,4286,1,1
https://prnewswire.com/,news,connect.facebook.net,ablation,0,control,third_party,3758880,3519911,234640,4329,1,1
https://prnewswire.com/,news,connect.facebook.net,ablation,0,control,listed,2238810,2001470,234640,2700,1,1
https://prnewswire.com/,news,connect.facebook.net,ablation,1,ablated,page,5463454,5226750,234646,2058,1,1
https://prnewswire.com/,news,connect.facebook.net,ablation,1,ablated,third_party,3759384,3523611,234646,1127,1,1
https://prnewswire.com/,news,connect.facebook.net,ablation,1,ablated,listed,2240062,2003517,234646,1899,1,1
https://prnewswire.com/,news,cdn.optimizely.com,ablation,0,control,page,5499772,5368235,93862,37675,1,1
https://prnewswire.com/,news,cdn.optimizely.com,ablation,0,control,third_party,3795486,3663403,93862,38221,1,1
https://prnewswire.com/,news,cdn.optimizely.com,ablation,0,control,listed,2239267,2143539,93862,1866,1,1
https://prnewswire.com/,news,cdn.optimizely.com,ablation,1,ablated,page,5462852,5366723,93870,2259,1,1
https://prnewswire.com/,news,cdn.optimizely.com,ablation,1,ablated,third_party,3758901,3662802,93870,2229,1,1
https://prnewswire.com/,news,cdn.optimizely.com,ablation,1,ablated,listed,2238901,2143897,93870,1134,1,1
https://rakuten.com/,shopping,connect.facebook.net,ablation,0,control,page,3701477,3340531,355643,5303,2,2
https://rakuten.com/,shopping,connect.facebook.net,ablation,0,control,third_party,2131935,1771470,355643,4822,2,2
https://rakuten.com/,shopping,connect.facebook.net,ablation,0,control,listed,537875,178914,355643,3318,2,2
https://rakuten.com/,shopping,connect.facebook.net,ablation,1,ablated,page,3708645,3345223,359204,4218,2,2
https://rakuten.com/,shopping,connect.facebook.net,ablation,1,ablated,third_party,2139433,1775920,359204,4309,2,2
https://rakuten.com/,shopping,connect.facebook.net,ablation,1,ablated,listed,542350,179256,359204,3890,2,2
https://rakuten.com/,shopping,www.redditstatic.com,ablation,0,control,page,3703338,3677705,25252,381,1,1
https://rakuten.com/,shopping,www.redditstatic.com,ablation,0,control,third_party,2135190,2108555,25252,1383,1,1
https://rakuten.com/,shopping,www.redditstatic.com,ablation,0,control,listed,537925,511248,25252,1425,1,1
https://rakuten.com/,shopping,www.redditstatic.com,ablation,1,ablated,page,3705095,3676917,25252,2926,1,1
https://rakuten.com/,shopping,www.redditstatic.com,ablation,1,ablated,third_party,2136182,2108535,25252,2395,1,1
https://rakuten.com/,shopping,www.redditstatic.com,ablation,1,ablated,listed,538884,511303,25252,2329,1,1
https://rakuten.com/,shopping,c.amazon-adsystem.com,ablation,0,control,page,3704420,3677863,24819,1738,1,1
https://rakuten.com/,shopping,c.amazon-adsystem.com,ablation,0,control,third_party,2135266,2108709,24819,1738,1,1
https://rakuten.com/,shopping,c.amazon-adsystem.com,ablation,0,control,listed,537959,511399,24819,1741,1,1
https://rakuten.com/,shopping,c.amazon-adsystem.com,ablation,1,ablated,page,3705045,3677979,24819,2247,1,1
https://rakuten.com/,shopping,c.amazon-adsystem.com,ablation,1,ablated,third_party,2136132,2109592,24819,1721,1,1
https://rakuten.com/,shopping,c.amazon-adsystem.com,ablation,1,ablated,listed,538909,512249,24819,1841,1,1
https://roblox.com/,entertainment,o293668.ingest.us.sentry.io,ablation,0,control,page,5379777,5362295,988,16494,3,3
https://roblox.com/,entertainment,o293668.ingest.us.sentry.io,ablation,0,control,third_party,5328986,5317153,988,10845,3,3
https://roblox.com/,entertainment,o293668.ingest.us.sentry.io,ablation,0,control,listed,319454,318467,988,-1,3,3
https://roblox.com/,entertainment,o293668.ingest.us.sentry.io,ablation,1,ablated,page,5379787,5362293,988,16506,3,3
https://roblox.com/,entertainment,o293668.ingest.us.sentry.io,ablation,1,ablated,third_party,5328987,5317153,988,10846,3,3
https://roblox.com/,entertainment,o293668.ingest.us.sentry.io,ablation,1,ablated,listed,319455,318467,988,0,3,3
https://roku.com/,entertainment,js-agent.newrelic.com,ablation,0,control,page,2421270,2386635,32551,2084,1,1
https://roku.com/,entertainment,js-agent.newrelic.com,ablation,0,control,third_party,234651,200105,32551,1995,1,1
https://roku.com/,entertainment,js-agent.newrelic.com,ablation,0,control,listed,44881,10495,32551,1835,1,1
https://roku.com/,entertainment,js-agent.newrelic.com,ablation,1,ablated,page,2421045,2386683,32551,1811,1,1
https://roku.com/,entertainment,js-agent.newrelic.com,ablation,1,ablated,third_party,234490,200105,32551,1834,1,1
https://roku.com/,entertainment,js-agent.newrelic.com,ablation,1,ablated,listed,44880,10495,32551,1834,1,1
https://roku.com/,entertainment,static.cloudflareinsights.com,ablation,0,control,page,2421031,2409283,10495,1253,1,1
https://roku.com/,entertainment,static.cloudflareinsights.com,ablation,0,control,third_party,234492,224877,10495,-880,1,1
https://roku.com/,entertainment,static.cloudflareinsights.com,ablation,0,control,listed,44882,34387,10495,0,1,1
https://roku.com/,entertainment,static.cloudflareinsights.com,ablation,1,ablated,page,2420905,2408409,10495,2001,1,1
https://roku.com/,entertainment,static.cloudflareinsights.com,ablation,1,ablated,third_party,234491,223996,10495,0,1,1
https://roku.com/,entertainment,static.cloudflareinsights.com,ablation,1,ablated,listed,44881,34386,10495,0,1,1
https://roku.com/,entertainment,bam.nr-data.net,ablation,0,control,page,2421053,2419327,1835,-109,2,2
https://roku.com/,entertainment,bam.nr-data.net,ablation,0,control,third_party,234491,232657,1835,-1,2,2
https://roku.com/,entertainment,bam.nr-data.net,ablation,0,control,listed,44881,43047,1835,-1,2,2
https://roku.com/,entertainment,bam.nr-data.net,ablation,1,ablated,page,2421157,2419416,1835,-94,2,2
https://roku.com/,entertainment,bam.nr-data.net,ablation,1,ablated,third_party,234652,232656,1835,161,2,2
https://roku.com/,entertainment,bam.nr-data.net,ablation,1,ablated,listed,44882,43046,1835,1,2,2
https://sagepub.com/,reference,eu-assets.i.posthog.com,ablation,0,control,page,2144987,2009536,135336,115,1,1
https://sagepub.com/,reference,eu-assets.i.posthog.com,ablation,0,control,third_party,579107,443876,135336,-105,1,1
https://sagepub.com/,reference,eu-assets.i.posthog.com,ablation,0,control,listed,365582,230349,135336,-103,1,1
https://sagepub.com/,reference,eu-assets.i.posthog.com,ablation,1,ablated,page,2145735,2009033,135527,1175,1,1
https://sagepub.com/,reference,eu-assets.i.posthog.com,ablation,1,ablated,third_party,579347,443806,135527,14,1,1
https://sagepub.com/,reference,eu-assets.i.posthog.com,ablation,1,ablated,listed,365814,230287,135527,0,1,1
https://sagepub.com/,reference,www.clarity.ms,ablation,0,control,page,2145897,2115206,2306,28385,2,2
https://sagepub.com/,reference,www.clarity.ms,ablation,0,control,third_party,579104,550311,2306,26487,2,2
https://sagepub.com/,reference,www.clarity.ms,ablation,0,control,listed,365584,336752,2306,26526,2,2
https://sagepub.com/,reference,www.clarity.ms,ablation,1,ablated,page,2161214,2115762,2306,43146,2,2
https://sagepub.com/,reference,www.clarity.ms,ablation,1,ablated,third_party,593200,550186,2306,40708,2,2
https://sagepub.com/,reference,www.clarity.ms,ablation,1,ablated,listed,365723,336675,2306,26742,2,2
https://scribd.com/,social,region1.google-analytics.com,ablation,0,control,page,2647620,2642490,4532,598,6,6
https://scribd.com/,social,region1.google-analytics.com,ablation,0,control,third_party,1321569,1316440,4532,597,6,6
https://scribd.com/,social,region1.google-analytics.com,ablation,0,control,listed,127811,123229,4532,50,6,6
https://scribd.com/,social,region1.google-analytics.com,ablation,1,ablated,page,2647127,2643017,4532,-422,6,6
https://scribd.com/,social,region1.google-analytics.com,ablation,1,ablated,third_party,1321076,1316962,4532,-418,6,6
https://scribd.com/,social,region1.google-analytics.com,ablation,1,ablated,listed,127836,123269,4532,35,6,6
https://scribd.com/,social,pagead2.googlesyndication.com,ablation,0,control,page,2647297,2690025,2216,-44944,8,4
https://scribd.com/,social,pagead2.googlesyndication.com,ablation,0,control,third_party,1321798,1363982,2216,-44400,8,4
https://scribd.com/,social,pagead2.googlesyndication.com,ablation,0,control,listed,127761,125545,2216,0,8,4
https://scribd.com/,social,pagead2.googlesyndication.com,ablation,1,ablated,page,2662136,2659062,2216,858,8,4
https://scribd.com/,social,pagead2.googlesyndication.com,ablation,1,ablated,third_party,1336085,1333567,2216,302,8,4
https://scribd.com/,social,pagead2.googlesyndication.com,ablation,1,ablated,listed,127761,125595,2216,-50,8,4
https://scribd.com/,social,o127091.ingest.us.sentry.io,ablation,0,control,page,2665776,2665414,1597,-1235,1,1
https://scribd.com/,social,o127091.ingest.us.sentry.io,ablation,0,control,third_party,1339725,1339365,1597,-1237,1,1
https://scribd.com/,social,o127091.ingest.us.sentry.io,ablation,0,control,listed,127836,126546,1597,-307,1,1
https://scribd.com/,social,o127091.ingest.us.sentry.io,ablation,1,ablated,page,2662035,2659853,1522,660,3,3
https://scribd.com/,social,o127091.ingest.us.sentry.io,ablation,1,ablated,third_party,1335988,1334359,1522,107,3,3
https://scribd.com/,social,o127091.ingest.us.sentry.io,ablation,1,ablated,listed,127761,126239,1522,0,3,3
https://sedo.com/,shopping,widget.trustpilot.com,ablation,0,control,page,3924261,3914819,8480,962,2,2
https://sedo.com/,shopping,widget.trustpilot.com,ablation,0,control,third_party,240747,232334,8480,-67,2,2
https://sedo.com/,shopping,widget.trustpilot.com,ablation,0,control,listed,8480,0,8480,0,2,2
https://sedo.com/,shopping,widget.trustpilot.com,ablation,1,ablated,page,3930232,3915782,8480,5970,2,2
https://sedo.com/,shopping,widget.trustpilot.com,ablation,1,ablated,third_party,240724,232289,8480,-45,2,2
https://sedo.com/,shopping,widget.trustpilot.com,ablation,1,ablated,listed,8480,0,8480,0,2,2
https://shopee.co.id/,shopping,connect.facebook.net,ablation,0,control,page,4566208,3349688,207649,1008871,1,1
https://shopee.co.id/,shopping,connect.facebook.net,ablation,0,control,third_party,4417766,3215603,207649,994514,1,1
https://shopee.co.id/,shopping,connect.facebook.net,ablation,0,control,listed,220528,11455,207649,1424,1,1
https://shopee.co.id/,shopping,connect.facebook.net,ablation,1,ablated,page,3549917,3314813,207631,27473,1,1
https://shopee.co.id/,shopping,connect.facebook.net,ablation,1,ablated,third_party,3418658,3181654,207631,29373,1,1
https://shopee.co.id/,shopping,connect.facebook.net,ablation,1,ablated,listed,220504,11392,207631,1481,1,1
https://shopee.co.id/,shopping,region1.analytics.google.com,ablation,0,control,page,4566650,4598779,6351,-38480,14,14
https://shopee.co.id/,shopping,region1.analytics.google.com,ablation,0,control,third_party,4417832,4451444,6351,-39963,14,14
https://shopee.co.id/,shopping,region1.analytics.google.com,ablation,0,control,listed,220546,214186,6351,9,14,14
https://shopee.co.id/,shopping,region1.analytics.google.com,ablation,1,ablated,page,3557784,3498720,6370,52694,14,14
https://shopee.co.id/,shopping,region1.analytics.google.com,ablation,1,ablated,third_party,3424853,3365179,6370,53304,14,14
https://shopee.co.id/,shopping,region1.analytics.google.com,ablation,1,ablated,listed,220572,214155,6370,47,14,14
https://shopee.co.id/,shopping,ad.doubleclick.net,ablation,0,control,page,3507893,4520629,1841,-1014577,5,3
https://shopee.co.id/,shopping,ad.doubleclick.net,ablation,0,control,third_party,3374400,4373312,1841,-1000753,5,3
https://shopee.co.id/,shopping,ad.doubleclick.net,ablation,0,control,listed,220539,218706,1841,-8,5,3
https://shopee.co.id/,shopping,ad.doubleclick.net,ablation,1,ablated,page,3510305,3753437,1823,-244955,5,3
https://shopee.co.id/,shopping,ad.doubleclick.net,ablation,1,ablated,third_party,3377156,3604753,1823,-229420,5,3
https://shopee.co.id/,shopping,ad.doubleclick.net,ablation,1,ablated,listed,220562,218704,1823,35,5,3
https://slideshare.net/,social,survey.survicate.com,ablation,0,control,page,1639718,1441517,6432,191769,1,1
https://slideshare.net/,social,survey.survicate.com,ablation,0,control,third_party,1505719,1307514,6432,191773,1,1
https://slideshare.net/,social,survey.survicate.com,ablation,0,control,listed,105453,98996,6432,25,1,1
https://slideshare.net/,social,survey.survicate.com,ablation,1,ablated,page,1641973,1441914,6440,193619,1,1
https://slideshare.net/,social,survey.survicate.com,ablation,1,ablated,third_party,1507971,1307912,6440,193619,1,1
https://slideshare.net/,social,survey.survicate.com,ablation,1,ablated,listed,107030,100585,6440,5,1,1
https://slideshare.net/,social,pagead2.googlesyndication.com,ablation,0,control,page,1569547,1788257,558,-219268,2,1
https://slideshare.net/,social,pagead2.googlesyndication.com,ablation,0,control,third_party,1356450,1355965,558,-73,2,1
https://slideshare.net/,social,pagead2.googlesyndication.com,ablation,0,control,listed,100590,100007,558,25,2,1
https://slideshare.net/,social,pagead2.googlesyndication.com,ablation,1,ablated,page,1640600,1641704,558,-1662,2,1
https://slideshare.net/,social,pagead2.googlesyndication.com,ablation,1,ablated,third_party,1506600,1507705,558,-1663,2,1
https://slideshare.net/,social,pagead2.googlesyndication.com,ablation,1,ablated,listed,106997,106439,558,0,2,1
https://slideshare.net/,social,o127091.ingest.sentry.io,ablation,0,control,page,1641931,1640077,494,1360,1,1
https://slideshare.net/,social,o127091.ingest.sentry.io,ablation,0,control,third_party,1507926,1506078,494,1354,1,1
https://slideshare.net/,social,o127091.ingest.sentry.io,ablation,0,control,listed,106997,106503,494,0,1,1
https://slideshare.net/,social,o127091.ingest.sentry.io,ablation,1,ablated,page,1640472,1639983,494,-5,1,1
https://slideshare.net/,social,o127091.ingest.sentry.io,ablation,1,ablated,third_party,1506466,1505981,494,-9,1,1
https://slideshare.net/,social,o127091.ingest.sentry.io,ablation,1,ablated,listed,107017,106503,494,20,1,1
https://smartthings.com/,productivity,analytics.tiktok.com,ablation,0,control,page,7049507,6054941,161475,833091,1,1
https://smartthings.com/,productivity,analytics.tiktok.com,ablation,0,control,third_party,7048659,6054093,161475,833091,1,1
https://smartthings.com/,productivity,analytics.tiktok.com,ablation,0,control,listed,1352269,1348279,161475,-157485,1,1
https://smartthings.com/,productivity,analytics.tiktok.com,ablation,1,ablated,page,7242060,7083645,161097,-2682,1,1
https://smartthings.com/,productivity,analytics.tiktok.com,ablation,1,ablated,third_party,7241640,7082797,161097,-2254,1,1
https://smartthings.com/,productivity,analytics.tiktok.com,ablation,1,ablated,listed,1544760,1384565,161097,-902,1,1
https://smartthings.com/,productivity,samsungusa.api.useinsider.com,ablation,0,control,page,7242622,7107662,124576,10384,1,1
https://smartthings.com/,productivity,samsungusa.api.useinsider.com,ablation,0,control,third_party,7241774,7107242,124576,9956,1,1
https://smartthings.com/,productivity,samsungusa.api.useinsider.com,ablation,0,control,listed,1541881,1406461,124576,10844,1,1
https://smartthings.com/,productivity,samsungusa.api.useinsider.com,ablation,1,ablated,page,7246605,7044917,124675,77013,1,1
https://smartthings.com/,productivity,samsungusa.api.useinsider.com,ablation,1,ablated,third_party,7245757,7044069,124675,77013,1,1
https://smartthings.com/,productivity,samsungusa.api.useinsider.com,ablation,1,ablated,listed,1543886,1378333,124675,40878,1,1
https://smartthings.com/,productivity,connect.facebook.net,ablation,0,control,page,7232558,6933073,307672,-8187,1,1
https://smartthings.com/,productivity,connect.facebook.net,ablation,0,control,third_party,7231710,6932225,307672,-8187,1,1
https://smartthings.com/,productivity,connect.facebook.net,ablation,0,control,listed,1532591,1232123,307672,-7204,1,1
https://smartthings.com/,productivity,connect.facebook.net,ablation,1,ablated,page,6962365,6908312,115388,-61335,1,1
https://smartthings.com/,productivity,connect.facebook.net,ablation,1,ablated,third_party,6961537,6907464,115388,-61315,1,1
https://smartthings.com/,productivity,connect.facebook.net,ablation,1,ablated,listed,1320966,1231641,115388,-26063,1,1
https://soundcloud.com/,entertainment,securepubads.g.doubleclick.net,ablation,0,control,page,5323985,5093376,256754,-26145,1,1
https://soundcloud.com/,entertainment,securepubads.g.doubleclick.net,ablation,0,control,third_party,5139311,4908391,256754,-25834,1,1
https://soundcloud.com/,entertainment,securepubads.g.doubleclick.net,ablation,0,control,listed,677652,420873,256754,25,1,1
https://soundcloud.com/,entertainment,securepubads.g.doubleclick.net,ablation,1,ablated,page,5006320,5456491,39536,-489707,2,2
https://soundcloud.com/,entertainment,securepubads.g.doubleclick.net,ablation,1,ablated,third_party,4819885,5270733,39536,-490384,2,2
https://soundcloud.com/,entertainment,securepubads.g.doubleclick.net,ablation,1,ablated,listed,460434,420369,39536,529,2,2
https://soundcloud.com/,entertainment,sb.scorecardresearch.com,ablation,0,control,page,5611167,4995822,7575,607770,1,1
https://soundcloud.com/,entertainment,sb.scorecardresearch.com,ablation,0,control,third_party,5426369,4810954,7575,607840,1,1
https://soundcloud.com/,entertainment,sb.scorecardresearch.com,ablation,0,control,listed,676800,452008,7575,217217,1,1
https://soundcloud.com/,entertainment,sb.scorecardresearch.com,ablation,1,ablated,page,5625508,5131247,7575,486686,1,1
https://soundcloud.com/,entertainment,sb.scorecardresearch.com,ablation,1,ablated,third_party,5440701,4946495,7575,486631,1,1
https://soundcloud.com/,entertainment,sb.scorecardresearch.com,ablation,1,ablated,listed,677467,451881,7575,218011,1,1
https://soundcloud.com/,entertainment,htlbid.com,ablation,0,control,page,5626696,5217955,5630,403111,1,1
https://soundcloud.com/,entertainment,htlbid.com,ablation,0,control,third_party,5440056,5032867,5630,401559,1,1
https://soundcloud.com/,entertainment,htlbid.com,ablation,0,control,listed,676801,667207,5630,3964,1,1
https://soundcloud.com/,entertainment,htlbid.com,ablation,1,ablated,page,5004519,5203057,5630,-204168,1,1
https://soundcloud.com/,entertainment,htlbid.com,ablation,1,ablated,third_party,4819519,5017422,5630,-203533,1,1
https://soundcloud.com/,entertainment,htlbid.com,ablation,1,ablated,listed,459453,666542,5630,-212719,1,1
https://stanford.edu/,reference,t.contentsquare.net,ablation,0,control,page,4302136,4330973,187228,-216065,2,2
https://stanford.edu/,reference,t.contentsquare.net,ablation,0,control,third_party,3062739,3092114,187228,-216603,2,2
https://stanford.edu/,reference,t.contentsquare.net,ablation,0,control,listed,189713,3224,187228,-739,2,2
https://stanford.edu/,reference,t.contentsquare.net,ablation,1,ablated,page,3920040,4114780,187227,-381967,2,2
https://stanford.edu/,reference,t.contentsquare.net,ablation,1,ablated,third_party,2681877,2875977,187227,-381327,2,2
https://stanford.edu/,reference,t.contentsquare.net,ablation,1,ablated,listed,190451,2485,187227,739,2,2
https://stanford.edu/,reference,googleads.g.doubleclick.net,ablation,0,control,page,4400730,4301404,1616,97710,1,1
https://stanford.edu/,reference,googleads.g.doubleclick.net,ablation,0,control,third_party,3161413,3062251,1616,97546,1,1
https://stanford.edu/,reference,googleads.g.doubleclick.net,ablation,0,control,listed,190451,188835,1616,0,1,1
https://stanford.edu/,reference,googleads.g.doubleclick.net,ablation,1,ablated,page,4929500,4300405,1616,627479,1,1
https://stanford.edu/,reference,googleads.g.doubleclick.net,ablation,1,ablated,third_party,3691080,3062099,1616,627365,1,1
https://stanford.edu/,reference,googleads.g.doubleclick.net,ablation,1,ablated,listed,190451,188835,1616,0,1,1
https://stanford.edu/,reference,region1.google-analytics.com,ablation,0,control,page,5024383,4300622,839,722922,1,1
https://stanford.edu/,reference,region1.google-analytics.com,ablation,0,control,third_party,3785997,3062621,839,722537,1,1
https://stanford.edu/,reference,region1.google-analytics.com,ablation,0,control,listed,190452,189613,839,0,1,1
https://stanford.edu/,reference,region1.google-analytics.com,ablation,1,ablated,page,4925998,4533781,839,391378,1,1
https://stanford.edu/,reference,region1.google-analytics.com,ablation,1,ablated,third_party,3687449,3295027,839,391583,1,1
https://stanford.edu/,reference,region1.google-analytics.com,ablation,1,ablated,listed,190452,188874,839,739,1,1
https://substack.com/,social,o350427.ingest.sentry.io,ablation,0,control,page,41013321,45869175,494,-4856348,1,1
https://substack.com/,social,o350427.ingest.sentry.io,ablation,0,control,third_party,40950151,45806361,494,-4856704,1,1
https://substack.com/,social,o350427.ingest.sentry.io,ablation,0,control,listed,494,0,494,0,1,1
https://substack.com/,social,o350427.ingest.sentry.io,ablation,1,ablated,page,41006943,41013069,494,-6620,1,1
https://substack.com/,social,o350427.ingest.sentry.io,ablation,1,ablated,third_party,40949543,40950170,494,-1121,1,1
https://substack.com/,social,o350427.ingest.sentry.io,ablation,1,ablated,listed,494,0,494,0,1,1
https://supercell.com/,entertainment,o315582.ingest.sentry.io,ablation,0,control,page,6853725,6852242,1482,1,3,3
https://supercell.com/,entertainment,o315582.ingest.sentry.io,ablation,0,control,third_party,218264,216782,1482,0,3,3
https://supercell.com/,entertainment,o315582.ingest.sentry.io,ablation,0,control,listed,218264,216782,1482,0,3,3
https://supercell.com/,entertainment,o315582.ingest.sentry.io,ablation,1,ablated,page,6853725,6852243,1482,0,3,3
https://supercell.com/,entertainment,o315582.ingest.sentry.io,ablation,1,ablated,third_party,218264,216782,1482,0,3,3
https://supercell.com/,entertainment,o315582.ingest.sentry.io,ablation,1,ablated,listed,218264,216782,1482,0,3,3
https://techcrunch.com/,news,public.servenobid.com,ablation,0,control,page,4725717,3612053,453975,659689,2,2
https://techcrunch.com/,news,public.servenobid.com,ablation,0,control,third_party,3761012,2647004,453975,660033,2,2
https://techcrunch.com/,news,public.servenobid.com,ablation,0,control,listed,1270627,477487,453975,339165,2,2
https://techcrunch.com/,news,public.servenobid.com,ablation,1,ablated,page,4753988,3615802,453975,684211,2,2
https://techcrunch.com/,news,public.servenobid.com,ablation,1,ablated,third_party,3789283,2650753,453975,684555,2,2
https://techcrunch.com/,news,public.servenobid.com,ablation,1,ablated,listed,1282392,478351,453975,350066,2,2
https://techcrunch.com/,news,securepubads.g.doubleclick.net,ablation,0,control,page,4728776,4103672,218014,407090,1,1
https://techcrunch.com/,news,securepubads.g.doubleclick.net,ablation,0,control,third_party,3763727,3138967,218014,406746,1,1
https://techcrunch.com/,news,securepubads.g.doubleclick.net,ablation,0,control,listed,1276652,966887,218014,91751,1,1
https://techcrunch.com/,news,securepubads.g.doubleclick.net,ablation,1,ablated,page,4746369,4117453,217826,411090,1,1
https://techcrunch.com/,news,securepubads.g.doubleclick.net,ablation,1,ablated,third_party,3781664,3152748,217826,411090,1,1
https://techcrunch.com/,news,securepubads.g.doubleclick.net,ablation,1,ablated,listed,1273087,970101,217826,85160,1,1
https://techcrunch.com/,news,connect.facebook.net,ablation,0,control,page,4726739,4523694,203773,-728,1,1
https://techcrunch.com/,news,connect.facebook.net,ablation,0,control,third_party,3761690,3558989,203773,-1072,1,1
https://techcrunch.com/,news,connect.facebook.net,ablation,0,control,listed,1266272,1059847,203773,2652,1,1
https://techcrunch.com/,news,connect.facebook.net,ablation,1,ablated,page,4752402,4531850,203754,16798,1,1
https://techcrunch.com/,news,connect.facebook.net,ablation,1,ablated,third_party,3787697,3567145,203754,16798,1,1
https://techcrunch.com/,news,connect.facebook.net,ablation,1,ablated,listed,1272285,1066003,203754,2528,1,1
https://ted.com/,entertainment,securepubads.g.doubleclick.net,ablation,0,control,page,4617171,4352401,256505,8265,1,1
https://ted.com/,entertainment,securepubads.g.doubleclick.net,ablation,0,control,third_party,2445958,2177384,256505,12069,1,1
https://ted.com/,entertainment,securepubads.g.doubleclick.net,ablation,0,control,listed,521233,263826,256505,902,1,1
https://ted.com/,entertainment,securepubads.g.doubleclick.net,ablation,1,ablated,page,4617328,4352831,256981,7516,1,1
https://ted.com/,entertainment,securepubads.g.doubleclick.net,ablation,1,ablated,third_party,2446165,2177782,256981,11402,1,1
https://ted.com/,entertainment,securepubads.g.doubleclick.net,ablation,1,ablated,listed,521714,264225,256981,508,1,1
https://ted.com/,entertainment,api.sail-personalize.com,ablation,0,control,page,4620513,4414260,104856,101397,9,9
https://ted.com/,entertainment,api.sail-personalize.com,ablation,0,control,third_party,2444759,2341439,104856,-1536,9,9
https://ted.com/,entertainment,api.sail-personalize.com,ablation,0,control,listed,520136,416853,104856,-1573,9,9
https://ted.com/,entertainment,api.sail-personalize.com,ablation,1,ablated,page,4615851,4409515,104857,101479,9,9
https://ted.com/,entertainment,api.sail-personalize.com,ablation,1,ablated,third_party,2443854,2340446,104857,-1449,9,9
https://ted.com/,entertainment,api.sail-personalize.com,ablation,1,ablated,listed,519497,416303,104857,-1663,9,9
https://ted.com/,entertainment,ak.sail-horizon.com,ablation,0,control,page,4616892,4565981,49611,1300,1,1
https://ted.com/,entertainment,ak.sail-horizon.com,ablation,0,control,third_party,2445320,2393064,49611,2645,1,1
https://ted.com/,entertainment,ak.sail-horizon.com,ablation,0,control,listed,520821,467507,49611,3703,1,1
https://ted.com/,entertainment,ak.sail-horizon.com,ablation,1,ablated,page,4620839,4566414,49611,4814,1,1
https://ted.com/,entertainment,ak.sail-horizon.com,ablation,1,ablated,third_party,2445771,2391405,49611,4755,1,1
https://ted.com/,entertainment,ak.sail-horizon.com,ablation,1,ablated,listed,521673,467003,49611,5059,1,1
https://time.com/,news,warp.media.net,ablation,0,control,page,6411518,5676598,272517,462403,1,1
https://time.com/,news,warp.media.net,ablation,0,control,third_party,5072626,4337722,272517,462387,1,1
https://time.com/,news,warp.media.net,ablation,0,control,listed,1204554,471075,272517,460962,1,1
https://time.com/,news,warp.media.net,ablation,1,ablated,page,6370686,5639922,272470,458294,1,1
https://time.com/,news,warp.media.net,ablation,1,ablated,third_party,5031807,4301027,272470,458310,1,1
https://time.com/,news,warp.media.net,ablation,1,ablated,listed,1164324,470805,272470,421049,1,1
https://time.com/,news,securepubads.g.doubleclick.net,ablation,0,control,page,6372981,5919720,256870,196391,1,1
https://time.com/,news,securepubads.g.doubleclick.net,ablation,0,control,third_party,5034508,4580846,256870,196792,1,1
https://time.com/,news,securepubads.g.doubleclick.net,ablation,0,control,listed,1196821,742752,256870,197199,1,1
https://time.com/,news,securepubads.g.doubleclick.net,ablation,1,ablated,page,6340356,5923206,256951,160199,1,1
https://time.com/,news,securepubads.g.doubleclick.net,ablation,1,ablated,third_party,5001900,4584323,256951,160626,1,1
https://time.com/,news,securepubads.g.doubleclick.net,ablation,1,ablated,listed,1164202,746788,256951,160463,1,1
https://time.com/,news,c.amazon-adsystem.com,ablation,0,control,page,6384251,6064525,98775,220951,1,1
https://time.com/,news,c.amazon-adsystem.com,ablation,0,control,third_party,5045382,4725625,98775,220982,1,1
https://time.com/,news,c.amazon-adsystem.com,ablation,0,control,listed,1177593,894602,98775,184216,1,1
https://time.com/,news,c.amazon-adsystem.com,ablation,1,ablated,page,6405012,6078635,98775,227602,1,1
https://time.com/,news,c.amazon-adsystem.com,ablation,1,ablated,third_party,5066139,4739762,98775,227602,1,1
https://time.com/,news,c.amazon-adsystem.com,ablation,1,ablated,listed,1198389,909016,98775,190598,1,1
https://tumblr.com/,social,o248881.ingest.sentry.io,ablation,0,control,page,2576842,2447159,519,129164,1,1
https://tumblr.com/,social,o248881.ingest.sentry.io,ablation,0,control,third_party,6414,5895,519,0,1,1
https://tumblr.com/,social,o248881.ingest.sentry.io,ablation,0,control,listed,519,0,519,0,1,1
https://tumblr.com/,social,o248881.ingest.sentry.io,ablation,1,ablated,page,2447634,2576304,494,-129164,1,1
https://tumblr.com/,social,o248881.ingest.sentry.io,ablation,1,ablated,third_party,6389,5895,494,0,1,1
https://tumblr.com/,social,o248881.ingest.sentry.io,ablation,1,ablated,listed,494,0,494,0,1,1
https://twitter.com/,social,o30969.ingest.us.sentry.io,ablation,0,control,page,3624346,3589952,494,33900,1,1
https://twitter.com/,social,o30969.ingest.us.sentry.io,ablation,0,control,third_party,3620242,3585847,494,33901,1,1
https://twitter.com/,social,o30969.ingest.us.sentry.io,ablation,0,control,listed,114665,80250,494,33921,1,1
https://twitter.com/,social,o30969.ingest.us.sentry.io,ablation,1,ablated,page,3624187,3623198,494,495,1,1
https://twitter.com/,social,o30969.ingest.us.sentry.io,ablation,1,ablated,third_party,3620082,3619092,494,496,1,1
https://twitter.com/,social,o30969.ingest.us.sentry.io,ablation,1,ablated,listed,114404,113519,494,391,1,1
https://un.org/,reference,region1.google-analytics.com,ablation,0,control,page,5658334,5655855,2499,-20,6,6
https://un.org/,reference,region1.google-analytics.com,ablation,0,control,third_party,769548,767067,2499,-18,6,6
https://un.org/,reference,region1.google-analytics.com,ablation,0,control,listed,20648,18149,2499,0,6,6
https://un.org/,reference,region1.google-analytics.com,ablation,1,ablated,page,5658354,5655855,2499,0,6,6
https://un.org/,reference,region1.google-analytics.com,ablation,1,ablated,third_party,769566,767067,2499,0,6,6
https://un.org/,reference,region1.google-analytics.com,ablation,1,ablated,listed,20648,18149,2499,0,6,6
https://unesco.org/,reference,tag.aticdn.net,ablation,0,control,page,2216587,2190028,27433,-874,1,1
https://unesco.org/,reference,tag.aticdn.net,ablation,0,control,third_party,697663,671131,27433,-901,1,1
https://unesco.org/,reference,tag.aticdn.net,ablation,0,control,listed,29107,1674,27433,0,1,1
https://unesco.org/,reference,tag.aticdn.net,ablation,1,ablated,page,2216747,2187781,27433,1533,1,1
https://unesco.org/,reference,tag.aticdn.net,ablation,1,ablated,third_party,697663,669770,27433,460,1,1
https://unesco.org/,reference,tag.aticdn.net,ablation,1,ablated,listed,29107,1674,27433,0,1,1
https://unesco.org/,reference,region1.google-analytics.com,ablation,0,control,page,2215958,2215327,1674,-1043,2,2
https://unesco.org/,reference,region1.google-analytics.com,ablation,0,control,third_party,697698,696911,1674,-887,2,2
https://unesco.org/,reference,region1.google-analytics.com,ablation,0,control,listed,29107,27433,1674,0,2,2
https://unesco.org/,reference,region1.google-analytics.com,ablation,1,ablated,page,2216243,2214683,1674,-114,2,2
https://unesco.org/,reference,region1.google-analytics.com,ablation,1,ablated,third_party,697663,695989,1674,0,2,2
https://unesco.org/,reference,region1.google-analytics.com,ablation,1,ablated,listed,29107,27433,1674,0,2,2
https://uol.com.br/,news,securepubads.g.doubleclick.net,ablation,0,control,page,4444884,4081702,257380,105802,2,2
https://uol.com.br/,news,securepubads.g.doubleclick.net,ablation,0,control,third_party,3562679,3206692,257380,98607,2,2
https://uol.com.br/,news,securepubads.g.doubleclick.net,ablation,0,control,listed,905847,624008,257380,24459,2,2
https://uol.com.br/,news,securepubads.g.doubleclick.net,ablation,1,ablated,page,4236172,4772240,257200,-793268,2,2
https://uol.com.br/,news,securepubads.g.doubleclick.net,ablation,1,ablated,third_party,3563095,3208637,257200,97258,2,2
https://uol.com.br/,news,securepubads.g.doubleclick.net,ablation,1,ablated,listed,906373,625243,257200,23930,2,2
https://uol.com.br/,news,4b91477e-f67b-4d81-86db-a9742bd41e9c.edge.permutive.app,ablation,0,control,page,5448283,4948211,150233,349839,2,2
https://uol.com.br/,news,4b91477e-f67b-4d81-86db-a9742bd41e9c.edge.permutive.app,ablation,0,control,third_party,3564636,3347173,150233,67230,2,2
https://uol.com.br/,news,4b91477e-f67b-4d81-86db-a9742bd41e9c.edge.permutive.app,ablation,0,control,listed,907369,690434,150233,66702,2,2
https://uol.com.br/,news,4b91477e-f67b-4d81-86db-a9742bd41e9c.edge.permutive.app,ablation,1,ablated,page,5379755,5347913,150233,-118391,2,2
https://uol.com.br/,news,4b91477e-f67b-4d81-86db-a9742bd41e9c.edge.permutive.app,ablation,1,ablated,third_party,3565330,3347151,150233,67946,2,2
https://uol.com.br/,news,4b91477e-f67b-4d81-86db-a9742bd41e9c.edge.permutive.app,ablation,1,ablated,listed,908585,690450,150233,67902,2,2
https://uol.com.br/,news,c.amazon-adsystem.com,ablation,0,control,page,6134151,4817630,98925,1217596,1,1
https://uol.com.br/,news,c.amazon-adsystem.com,ablation,0,control,third_party,3564480,3455810,98925,9745,1,1
https://uol.com.br/,news,c.amazon-adsystem.com,ablation,0,control,listed,906945,805073,98925,2947,1,1
https://uol.com.br/,news,c.amazon-adsystem.com,ablation,1,ablated,page,5101341,5167603,0,-66262,0,0
https://uol.com.br/,news,c.amazon-adsystem.com,ablation,1,ablated,third_party,2949502,2943556,0,5946,0,0
https://uol.com.br/,news,c.amazon-adsystem.com,ablation,1,ablated,listed,750354,744455,0,5899,0,0
https://usps.com/,productivity,connect.facebook.net,ablation,0,control,page,3619992,3362089,259260,-1357,1,1
https://usps.com/,productivity,connect.facebook.net,ablation,0,control,third_party,1244687,986640,259260,-1213,1,1
https://usps.com/,productivity,connect.facebook.net,ablation,0,control,listed,485208,224215,259260,1733,1,1
https://usps.com/,productivity,connect.facebook.net,ablation,1,ablated,page,3620556,3360842,259260,454,1,1
https://usps.com/,productivity,connect.facebook.net,ablation,1,ablated,third_party,1245191,985394,259260,537,1,1
https://usps.com/,productivity,connect.facebook.net,ablation,1,ablated,listed,485647,226466,259260,-79,1,1
https://usps.com/,productivity,c.tvpixel.com,ablation,0,control,page,3621260,3586667,32473,2120,1,1
https://usps.com/,productivity,c.tvpixel.com,ablation,0,control,third_party,1245817,1211458,32473,1886,1,1
https://usps.com/,productivity,c.tvpixel.com,ablation,0,control,listed,484944,451794,32473,677,1,1
https://usps.com/,productivity,c.tvpixel.com,ablation,1,ablated,page,3615677,3585147,32473,-1943,1,1
https://usps.com/,productivity,c.tvpixel.com,ablation,1,ablated,third_party,1240300,1209788,32473,-1961,1,1
https://usps.com/,productivity,c.tvpixel.com,ablation,1,ablated,listed,480670,450158,32473,-1961,1,1
https://usps.com/,productivity,sc-static.net,ablation,0,control,page,3617750,3588302,25611,3837,1,1
https://usps.com/,productivity,sc-static.net,ablation,0,control,third_party,1242535,1212903,25611,4021,1,1
https://usps.com/,productivity,sc-static.net,ablation,0,control,listed,483001,453035,25611,4355,1,1
https://usps.com/,productivity,sc-static.net,ablation,1,ablated,page,3617101,3588149,25611,3341,1,1
https://usps.com/,productivity,sc-static.net,ablation,1,ablated,third_party,1241646,1212844,25611,3191,1,1
https://usps.com/,productivity,sc-static.net,ablation,1,ablated,listed,481813,453133,25611,3069,1,1
https://viber.com/,social,s.go-mpulse.net,ablation,0,control,page,13613388,13554231,58847,310,1,1
https://viber.com/,social,s.go-mpulse.net,ablation,0,control,third_party,728827,669661,58847,319,1,1
https://viber.com/,social,s.go-mpulse.net,ablation,0,control,listed,229372,170206,58847,319,1,1
https://viber.com/,social,s.go-mpulse.net,ablation,1,ablated,page,13612721,13554239,58847,-365,1,1
https://viber.com/,social,s.go-mpulse.net,ablation,1,ablated,third_party,728827,669636,58847,344,1,1
https://viber.com/,social,s.go-mpulse.net,ablation,1,ablated,listed,229372,170181,58847,344,1,1
https://viber.com/,social,cdn.mxpnl.com,ablation,0,control,page,13613395,13578399,34305,691,1,1
https://viber.com/,social,cdn.mxpnl.com,ablation,0,control,third_party,728812,694522,34305,-15,1,1
https://viber.com/,social,cdn.mxpnl.com,ablation,0,control,listed,229372,195067,34305,0,1,1
https://viber.com/,social,cdn.mxpnl.com,ablation,1,ablated,page,13615232,13579436,34306,1490,1,1
https://viber.com/,social,cdn.mxpnl.com,ablation,1,ablated,third_party,730646,695527,34306,813,1,1
https://viber.com/,social,cdn.mxpnl.com,ablation,1,ablated,listed,230022,195067,34306,649,1,1
https://viber.com/,social,region1.analytics.google.com,ablation,0,control,page,13613445,13612258,836,351,1,1
https://viber.com/,social,region1.analytics.google.com,ablation,0,control,third_party,728853,727997,836,20,1,1
https://viber.com/,social,region1.analytics.google.com,ablation,0,control,listed,229398,228537,836,25,1,1
https://viber.com/,social,region1.analytics.google.com,ablation,1,ablated,page,13613451,13613597,836,-982,1,1
https://viber.com/,social,region1.analytics.google.com,ablation,1,ablated,third_party,728853,729027,836,-1010,1,1
https://viber.com/,social,region1.analytics.google.com,ablation,1,ablated,listed,229398,228562,836,0,1,1
https://x.com/,social,o30969.ingest.us.sentry.io,ablation,0,control,page,3586235,3619736,519,-34020,1,1
https://x.com/,social,o30969.ingest.us.sentry.io,ablation,0,control,third_party,3506113,3505595,519,-1,1,1
https://x.com/,social,o30969.ingest.us.sentry.io,ablation,0,control,listed,519,0,519,0,1,1
https://x.com/,social,o30969.ingest.us.sentry.io,ablation,1,ablated,page,3620382,3619923,494,-35,1,1
https://x.com/,social,o30969.ingest.us.sentry.io,ablation,1,ablated,third_party,3506087,3505707,494,-114,1,1
https://x.com/,social,o30969.ingest.us.sentry.io,ablation,1,ablated,listed,494,0,494,0,1,1
https://zillow.com/,shopping,cdn.pubnub.com,ablation,0,control,page,923994,923972,0,22,0,0
https://zillow.com/,shopping,cdn.pubnub.com,ablation,0,control,third_party,659269,659247,0,22,0,0
https://zillow.com/,shopping,cdn.pubnub.com,ablation,0,control,listed,322753,322711,0,42,0,0
https://zillow.com/,shopping,cdn.pubnub.com,ablation,1,ablated,page,923945,923945,0,0,0,0
https://zillow.com/,shopping,cdn.pubnub.com,ablation,1,ablated,third_party,659219,659219,0,0,0,0
https://zillow.com/,shopping,cdn.pubnub.com,ablation,1,ablated,listed,322703,322703,0,0,0,0
https://zillow.com/,shopping,pagead2.googlesyndication.com,ablation,0,control,page,923944,923948,0,-4,0,0
https://zillow.com/,shopping,pagead2.googlesyndication.com,ablation,0,control,third_party,659219,659223,0,-4,0,0
https://zillow.com/,shopping,pagead2.googlesyndication.com,ablation,0,control,listed,322703,322707,0,-4,0,0
https://zillow.com/,shopping,pagead2.googlesyndication.com,ablation,1,ablated,page,924006,923624,0,382,0,0
https://zillow.com/,shopping,pagead2.googlesyndication.com,ablation,1,ablated,third_party,659281,659269,0,12,0,0
https://zillow.com/,shopping,pagead2.googlesyndication.com,ablation,1,ablated,listed,322765,322753,0,12,0,0
https://zillow.com/,shopping,www.google-analytics.com,ablation,0,control,page,923948,923630,0,318,0,0
https://zillow.com/,shopping,www.google-analytics.com,ablation,0,control,third_party,659223,659275,0,-52,0,0
https://zillow.com/,shopping,www.google-analytics.com,ablation,0,control,listed,322707,322757,0,-50,0,0
https://zillow.com/,shopping,www.google-analytics.com,ablation,1,ablated,page,1001737,923950,0,77787,0,0
https://zillow.com/,shopping,www.google-analytics.com,ablation,1,ablated,third_party,737012,659225,0,77787,0,0
https://zillow.com/,shopping,www.google-analytics.com,ablation,1,ablated,listed,323302,322708,0,594,0,0
